product_id,variant_id,title,variant,categories,brand,old_price_usd,uplift_usd,rule,new_price_usd,gain_usd,gain_pct,capped,available,sku,image,url
9470203330778,48547856646362,Nutricost Niacin,500mg / 240 capsules,Vitamin B | Vitamins,Nutricost,45.00,5.00,Vitamin B,50.00,+5.00,11.1%,,True,,https://cdn.shopify.com/s/files/1/0737/7384/2650/files/Nutricost-Niacin-Vitamin-B3-500mg-240-Capsules-Gluten-Free-and-Non-GMO-Supplement_343f7bb1-daa8-4f10-bd63-0a051bc64fbe.1f77fba0c669e61d1ff34cf918dafaa4.webp?v=1788525778,https://proteindistrictlb.com/products/nutricost-niacin
9470194286810,48547845439706,Natural Factors Niacin,500mg / 90 capsules,Vitamin B | Vitamins,Natural Factors,44.00,5.00,Vitamin B,49.00,+5.00,11.4%,,True,,https://cdn.shopify.com/s/files/1/0737/7384/2650/files/OIP_8.webp?v=1788525410,https://proteindistrictlb.com/products/natural-factors-niacin
9468717433050,48544198033626,Thorne Vitamin K,60 serving,Vitamins,Thorne Research,83.00,5.00,Vitamins,88.00,+5.00,6.0%,,True,,https://cdn.shopify.com/s/files/1/0737/7384/2650/files/thorne-research-vitamin-k-formerly-3-k-complete-60.webp?v=1788438492,https://proteindistrictlb.com/products/thorne-vitamin-k
9468715663578,48544188563674,Thorne Vitamin D,5000 IU / 60 serving,Vitamin D | Vitamins,Thorne Research,71.00,5.00,Vitamin D,76.00,+5.00,7.0%,,True,,https://cdn.shopify.com/s/files/1/0737/7384/2650/files/thorne-supplements-d-5000-thorne-vitamin-d-14270759305279.webp?v=1788437999,https://proteindistrictlb.com/products/thorne-vitamin-d
9468714156250,48544186728666,Nutricost Vitamin K2 MK7,100mcg / 240serving,Vitamins,Nutricost,47.00,5.00,Vitamins,52.00,+5.00,10.6%,,True,,https://cdn.shopify.com/s/files/1/0737/7384/2650/files/24_697d1ce6-f39c-4970-9681-b468379a3e03.webp?v=1788437654,https://proteindistrictlb.com/products/nutricost-vitamin-k2-mk7
9460856946906,48520372945114,Biotech USA Zero Sauce,Barbecue,Snacks,Biotech USA,15.00,2.00,Snacks,17.00,+2.00,13.3%,,True,,https://cdn.shopify.com/s/files/1/0737/7384/2650/files/image_2020-05-07_5eb3daf232f2a.webp?v=1787922179,https://proteindistrictlb.com/products/biotech-usa-zero-sauce
9460856946906,48520372977882,Biotech USA Zero Sauce,Spicy Garlic,Snacks,Biotech USA,15.00,2.00,Snacks,17.00,+2.00,13.3%,,True,,https://cdn.shopify.com/s/files/1/0737/7384/2650/files/image_2020-05-07_5eb3daf232f2a.webp?v=1787922179,https://proteindistrictlb.com/products/biotech-usa-zero-sauce
9460856946906,48520373010650,Biotech USA Zero Sauce,Sweet Chili,Snacks,Biotech USA,15.00,2.00,Snacks,17.00,+2.00,13.3%,,True,,https://cdn.shopify.com/s/files/1/0737/7384/2650/files/image_2020-05-07_5eb3daf232f2a.webp?v=1787922179,https://proteindistrictlb.com/products/biotech-usa-zero-sauce
9460856946906,48520373043418,Biotech USA Zero Sauce,Caesar,Snacks,Biotech USA,15.00,2.00,Snacks,17.00,+2.00,13.3%,,True,,https://cdn.shopify.com/s/files/1/0737/7384/2650/files/image_2020-05-07_5eb3daf232f2a.webp?v=1787922179,https://proteindistrictlb.com/products/biotech-usa-zero-sauce
9460856946906,48520373076186,Biotech USA Zero Sauce,Ketchup,Snacks,Biotech USA,15.00,2.00,Snacks,17.00,+2.00,13.3%,,True,,https://cdn.shopify.com/s/files/1/0737/7384/2650/files/image_2020-05-07_5eb3daf232f2a.webp?v=1787922179,https://proteindistrictlb.com/products/biotech-usa-zero-sauce
9460856946906,48520373108954,Biotech USA Zero Sauce,Chocolate Syrup,Snacks,Biotech USA,15.00,2.00,Snacks,17.00,+2.00,13.3%,,True,,https://cdn.shopify.com/s/files/1/0737/7384/2650/files/image_2020-05-07_5eb3daf232f2a.webp?v=1787922179,https://proteindistrictlb.com/products/biotech-usa-zero-sauce
9457693819098,48505689276634,NXT Nutrition Beef Protein Isolate,Apple black currant,Beef | Isolate | Whey protein,NXT Nutrition,100.00,5.00,Whey protein,105.00,+5.00,5.0%,,True,,https://cdn.shopify.com/s/files/1/0737/7384/2650/files/beef_protein_apple_black_currant_5efa1006-0610-4726-a580-fc9b25157bd9.webp?v=1787755907,https://proteindistrictlb.com/products/nxt-nutrition-beef-protein-isolate
9457693819098,48505689309402,NXT Nutrition Beef Protein Isolate,Blue raspberry,Beef | Isolate | Whey protein,NXT Nutrition,100.00,5.00,Whey protein,105.00,+5.00,5.0%,,True,,https://cdn.shopify.com/s/files/1/0737/7384/2650/files/beef_protein_apple_black_currant_5efa1006-0610-4726-a580-fc9b25157bd9.webp?v=1787755907,https://proteindistrictlb.com/products/nxt-nutrition-beef-protein-isolate
9457693819098,48505689342170,NXT Nutrition Beef Protein Isolate,Cherry cola,Beef | Isolate | Whey protein,NXT Nutrition,100.00,5.00,Whey protein,105.00,+5.00,5.0%,,True,,https://cdn.shopify.com/s/files/1/0737/7384/2650/files/beef_protein_apple_black_currant_5efa1006-0610-4726-a580-fc9b25157bd9.webp?v=1787755907,https://proteindistrictlb.com/products/nxt-nutrition-beef-protein-isolate
9457693819098,48505689374938,NXT Nutrition Beef Protein Isolate,Cola,Beef | Isolate | Whey protein,NXT Nutrition,100.00,5.00,Whey protein,105.00,+5.00,5.0%,,True,,https://cdn.shopify.com/s/files/1/0737/7384/2650/files/beef_protein_apple_black_currant_5efa1006-0610-4726-a580-fc9b25157bd9.webp?v=1787755907,https://proteindistrictlb.com/products/nxt-nutrition-beef-protein-isolate
9457693819098,48505689407706,NXT Nutrition Beef Protein Isolate,Fruit burst,Beef | Isolate | Whey protein,NXT Nutrition,100.00,5.00,Whey protein,105.00,+5.00,5.0%,,True,,https://cdn.shopify.com/s/files/1/0737/7384/2650/files/beef_protein_apple_black_currant_5efa1006-0610-4726-a580-fc9b25157bd9.webp?v=1787755907,https://proteindistrictlb.com/products/nxt-nutrition-beef-protein-isolate
9457693819098,48505689440474,NXT Nutrition Beef Protein Isolate,Mango and orange,Beef | Isolate | Whey protein,NXT Nutrition,100.00,5.00,Whey protein,105.00,+5.00,5.0%,,True,,https://cdn.shopify.com/s/files/1/0737/7384/2650/files/beef_protein_apple_black_currant_5efa1006-0610-4726-a580-fc9b25157bd9.webp?v=1787755907,https://proteindistrictlb.com/products/nxt-nutrition-beef-protein-isolate
9457693819098,48505689473242,NXT Nutrition Beef Protein Isolate,Pineapple,Beef | Isolate | Whey protein,NXT Nutrition,100.00,5.00,Whey protein,105.00,+5.00,5.0%,,True,,https://cdn.shopify.com/s/files/1/0737/7384/2650/files/beef_protein_apple_black_currant_5efa1006-0610-4726-a580-fc9b25157bd9.webp?v=1787755907,https://proteindistrictlb.com/products/nxt-nutrition-beef-protein-isolate
9457693819098,48505689506010,NXT Nutrition Beef Protein Isolate,Summer fruits,Beef | Isolate | Whey protein,NXT Nutrition,100.00,5.00,Whey protein,105.00,+5.00,5.0%,,True,,https://cdn.shopify.com/s/files/1/0737/7384/2650/files/beef_protein_apple_black_currant_5efa1006-0610-4726-a580-fc9b25157bd9.webp?v=1787755907,https://proteindistrictlb.com/products/nxt-nutrition-beef-protein-isolate
9457693819098,48505689538778,NXT Nutrition Beef Protein Isolate,Watermelon and strawberry,Beef | Isolate | Whey protein,NXT Nutrition,100.00,5.00,Whey protein,105.00,+5.00,5.0%,,True,,https://cdn.shopify.com/s/files/1/0737/7384/2650/files/beef_protein_apple_black_currant_5efa1006-0610-4726-a580-fc9b25157bd9.webp?v=1787755907,https://proteindistrictlb.com/products/nxt-nutrition-beef-protein-isolate
9092389830874,47134436425946,Rule 1 Creatine 75 Servings Unflavored,400 grams,Creatine | Rule 1 | Unflavored Creatine,Rule 1 Proteins,40.00,5.00,Unflavored Creatine,45.00,+5.00,12.5%,,True,,https://cdn.shopify.com/s/files/1/0737/7384/2650/files/Copy_of_Untitled_-_2025-11-20T182241.756.png?v=1763655769,https://proteindistrictlb.com/products/rule-1-creatine-75-servings-unflavored
9092389830874,47134436458714,Rule 1 Creatine 75 Servings Unflavored,nutrition facts,Creatine | Rule 1 | Unflavored Creatine,Rule 1 Proteins,40.00,5.00,Unflavored Creatine,45.00,+5.00,12.5%,,True,,https://cdn.shopify.com/s/files/1/0737/7384/2650/files/Copy_of_Untitled_-_2025-11-20T182241.756.png?v=1763655769,https://proteindistrictlb.com/products/rule-1-creatine-75-servings-unflavored
8770434433242,46137472876762,Muscletech Nitrotech Ripped,Product / 1.8kg - 43 servings / Vanilla,Isolate | Whey protein,MuscleTech,95.00,5.00,Whey protein,100.00,+5.00,5.3%,,True,,https://cdn.shopify.com/s/files/1/0737/7384/2650/files/81OG-6BgiUL._AC_SL1500.jpg?v=1787667056,https://proteindistrictlb.com/products/muscletech-nitrotech-ripped
8770434433242,46258089558234,Muscletech Nitrotech Ripped,Nutrition Facts / 1.8kg - 43 servings / Vanilla,Isolate | Whey protein,MuscleTech,95.00,5.00,Whey protein,100.00,+5.00,5.3%,,True,,https://cdn.shopify.com/s/files/1/0737/7384/2650/files/81OG-6BgiUL._AC_SL1500.jpg?v=1787667056,https://proteindistrictlb.com/products/muscletech-nitrotech-ripped
9448381710554,48477539696858,Dymatize Iso 100,vanilla gourmet / 45 serving,Isolate | Whey protein,Dymatize Iso,105.00,5.00,Whey protein,110.00,+5.00,4.8%,,True,,https://cdn.shopify.com/s/files/1/0737/7384/2650/files/103312875_a4de044d85d4b25ea_58790_69e45555-1a55-4385-b1f3-86039f94e524.webp?v=1787407371,https://proteindistrictlb.com/products/dymatize-iso-101
9448381710554,48477539729626,Dymatize Iso 100,fudge brownie / 45 serving,Isolate | Whey protein,Dymatize Iso,105.00,5.00,Whey protein,110.00,+5.00,4.8%,,True,,https://cdn.shopify.com/s/files/1/0737/7384/2650/files/103312875_a4de044d85d4b25ea_58790_69e45555-1a55-4385-b1f3-86039f94e524.webp?v=1787407371,https://proteindistrictlb.com/products/dymatize-iso-101
8765877158106,46122720592090,Dymatize Iso 100,Product / 2.3kg - 71 to 76 servings / gourmet vanilla,Discount | Isolate | Whey protein,Dymatize Iso,155.00,5.00,Whey protein,160.00,+5.00,3.2%,,False,,https://cdn.shopify.com/s/files/1/0737/7384/2650/files/Dymatize-Iso-100-7.jpg?v=1739954783,https://proteindistrictlb.com/products/dymatize-iso-100
8765877158106,46122720624858,Dymatize Iso 100,Product / 2.3kg - 71 to 76 servings / chocolate gourmet,Discount | Isolate | Whey protein,Dymatize Iso,155.00,5.00,Whey protein,160.00,+5.00,3.2%,,True,,https://cdn.shopify.com/s/files/1/0737/7384/2650/files/Dymatize-Iso-100-7.jpg?v=1739954783,https://proteindistrictlb.com/products/dymatize-iso-100
8765877158106,46122720657626,Dymatize Iso 100,Product / 2.3kg - 71 to 76 servings / strawberry,Discount | Isolate | Whey protein,Dymatize Iso,155.00,5.00,Whey protein,160.00,+5.00,3.2%,,False,,https://cdn.shopify.com/s/files/1/0737/7384/2650/files/Dymatize-Iso-100-7.jpg?v=1739954783,https://proteindistrictlb.com/products/dymatize-iso-100
8765877158106,46122720690394,Dymatize Iso 100,Product / 2.3kg - 71 to 76 servings / cookies and cream,Discount | Isolate | Whey protein,Dymatize Iso,155.00,5.00,Whey protein,160.00,+5.00,3.2%,,False,,https://cdn.shopify.com/s/files/1/0737/7384/2650/files/Dymatize-Iso-100-7.jpg?v=1739954783,https://proteindistrictlb.com/products/dymatize-iso-100
8765877158106,46122720723162,Dymatize Iso 100,Product / 2.3kg - 71 to 76 servings / fruity pebbles,Discount | Isolate | Whey protein,Dymatize Iso,155.00,5.00,Whey protein,160.00,+5.00,3.2%,,False,,https://cdn.shopify.com/s/files/1/0737/7384/2650/files/Dymatize-Iso-100-7.jpg?v=1739954783,https://proteindistrictlb.com/products/dymatize-iso-100
8765877158106,46122720755930,Dymatize Iso 100,Product / 2.3kg - 71 to 76 servings / chocolate peanut butter,Discount | Isolate | Whey protein,Dymatize Iso,155.00,5.00,Whey protein,160.00,+5.00,3.2%,,False,,https://cdn.shopify.com/s/files/1/0737/7384/2650/files/Dymatize-Iso-100-7.jpg?v=1739954783,https://proteindistrictlb.com/products/dymatize-iso-100
8765877158106,46122720788698,Dymatize Iso 100,Product / 2.3kg - 71 to 76 servings / cocoa pebbles,Discount | Isolate | Whey protein,Dymatize Iso,155.00,5.00,Whey protein,160.00,+5.00,3.2%,,False,,https://cdn.shopify.com/s/files/1/0737/7384/2650/files/Dymatize-Iso-100-7.jpg?v=1739954783,https://proteindistrictlb.com/products/dymatize-iso-100
8765877158106,46122720821466,Dymatize Iso 100,Product / 2.3kg - 71 to 76 servings / birthday cake pebbles,Discount | Isolate | Whey protein,Dymatize Iso,155.00,5.00,Whey protein,160.00,+5.00,3.2%,,False,,https://cdn.shopify.com/s/files/1/0737/7384/2650/files/Dymatize-Iso-100-7.jpg?v=1739954783,https://proteindistrictlb.com/products/dymatize-iso-100
8765877158106,48477292331226,Dymatize Iso 100,Product / 2.3kg - 71 to 76 servings / dunkin cappuccino,Discount | Isolate | Whey protein,Dymatize Iso,155.00,5.00,Whey protein,160.00,+5.00,3.2%,,True,,https://cdn.shopify.com/s/files/1/0737/7384/2650/files/Dymatize-Iso-100-7.jpg?v=1739954783,https://proteindistrictlb.com/products/dymatize-iso-100
8765877158106,48477498605786,Dymatize Iso 100,Product / 2.3kg - 71 to 76 servings / dunkin mocha latte,Discount | Isolate | Whey protein,Dymatize Iso,155.00,5.00,Whey protein,160.00,+5.00,3.2%,,True,,https://cdn.shopify.com/s/files/1/0737/7384/2650/files/Dymatize-Iso-100-7.jpg?v=1739954783,https://proteindistrictlb.com/products/dymatize-iso-100
8765877158106,48477498638554,Dymatize Iso 100,Product / 2.3kg - 71 to 76 servings / dunkin glazed donut,Discount | Isolate | Whey protein,Dymatize Iso,155.00,5.00,Whey protein,160.00,+5.00,3.2%,,False,,https://cdn.shopify.com/s/files/1/0737/7384/2650/files/Dymatize-Iso-100-7.jpg?v=1739954783,https://proteindistrictlb.com/products/dymatize-iso-100
8765877158106,46264884396250,Dymatize Iso 100,Nutrition Facts / 2.3kg - 71 to 76 servings / gourmet vanilla,Discount | Isolate | Whey protein,Dymatize Iso,155.00,5.00,Whey protein,160.00,+5.00,3.2%,,False,,https://cdn.shopify.com/s/files/1/0737/7384/2650/files/Dymatize-Iso-100-7.jpg?v=1739954783,https://proteindistrictlb.com/products/dymatize-iso-100
8765877158106,46264884429018,Dymatize Iso 100,Nutrition Facts / 2.3kg - 71 to 76 servings / chocolate gourmet,Discount | Isolate | Whey protein,Dymatize Iso,155.00,5.00,Whey protein,160.00,+5.00,3.2%,,True,,https://cdn.shopify.com/s/files/1/0737/7384/2650/files/Dymatize-Iso-100-7.jpg?v=1739954783,https://proteindistrictlb.com/products/dymatize-iso-100
8765877158106,46264884461786,Dymatize Iso 100,Nutrition Facts / 2.3kg - 71 to 76 servings / strawberry,Discount | Isolate | Whey protein,Dymatize Iso,155.00,5.00,Whey protein,160.00,+5.00,3.2%,,False,,https://cdn.shopify.com/s/files/1/0737/7384/2650/files/Dymatize-Iso-100-7.jpg?v=1739954783,https://proteindistrictlb.com/products/dymatize-iso-100
8765877158106,46264884494554,Dymatize Iso 100,Nutrition Facts / 2.3kg - 71 to 76 servings / cookies and cream,Discount | Isolate | Whey protein,Dymatize Iso,155.00,5.00,Whey protein,160.00,+5.00,3.2%,,False,,https://cdn.shopify.com/s/files/1/0737/7384/2650/files/Dymatize-Iso-100-7.jpg?v=1739954783,https://proteindistrictlb.com/products/dymatize-iso-100
8765877158106,46264884527322,Dymatize Iso 100,Nutrition Facts / 2.3kg - 71 to 76 servings / fruity pebbles,Discount | Isolate | Whey protein,Dymatize Iso,155.00,5.00,Whey protein,160.00,+5.00,3.2%,,False,,https://cdn.shopify.com/s/files/1/0737/7384/2650/files/Dymatize-Iso-100-7.jpg?v=1739954783,https://proteindistrictlb.com/products/dymatize-iso-100
8765877158106,46264884560090,Dymatize Iso 100,Nutrition Facts / 2.3kg - 71 to 76 servings / chocolate peanut butter,Discount | Isolate | Whey protein,Dymatize Iso,155.00,5.00,Whey protein,160.00,+5.00,3.2%,,True,,https://cdn.shopify.com/s/files/1/0737/7384/2650/files/Dymatize-Iso-100-7.jpg?v=1739954783,https://proteindistrictlb.com/products/dymatize-iso-100
8765877158106,46264884592858,Dymatize Iso 100,Nutrition Facts / 2.3kg - 71 to 76 servings / cocoa pebbles,Discount | Isolate | Whey protein,Dymatize Iso,155.00,5.00,Whey protein,160.00,+5.00,3.2%,,True,,https://cdn.shopify.com/s/files/1/0737/7384/2650/files/Dymatize-Iso-100-7.jpg?v=1739954783,https://proteindistrictlb.com/products/dymatize-iso-100
8765877158106,46264884625626,Dymatize Iso 100,Nutrition Facts / 2.3kg - 71 to 76 servings / birthday cake pebbles,Discount | Isolate | Whey protein,Dymatize Iso,155.00,5.00,Whey protein,160.00,+5.00,3.2%,,False,,https://cdn.shopify.com/s/files/1/0737/7384/2650/files/Dymatize-Iso-100-7.jpg?v=1739954783,https://proteindistrictlb.com/products/dymatize-iso-100
8765877158106,48477292363994,Dymatize Iso 100,Nutrition Facts / 2.3kg - 71 to 76 servings / dunkin cappuccino,Discount | Isolate | Whey protein,Dymatize Iso,155.00,5.00,Whey protein,160.00,+5.00,3.2%,,True,,https://cdn.shopify.com/s/files/1/0737/7384/2650/files/Dymatize-Iso-100-7.jpg?v=1739954783,https://proteindistrictlb.com/products/dymatize-iso-100
8765877158106,48477498671322,Dymatize Iso 100,Nutrition Facts / 2.3kg - 71 to 76 servings / dunkin mocha latte,Discount | Isolate | Whey protein,Dymatize Iso,155.00,5.00,Whey protein,160.00,+5.00,3.2%,,True,,https://cdn.shopify.com/s/files/1/0737/7384/2650/files/Dymatize-Iso-100-7.jpg?v=1739954783,https://proteindistrictlb.com/products/dymatize-iso-100
8765877158106,48477498704090,Dymatize Iso 100,Nutrition Facts / 2.3kg - 71 to 76 servings / dunkin glazed donut,Discount | Isolate | Whey protein,Dymatize Iso,155.00,5.00,Whey protein,160.00,+5.00,3.2%,,False,,https://cdn.shopify.com/s/files/1/0737/7384/2650/files/Dymatize-Iso-100-7.jpg?v=1739954783,https://proteindistrictlb.com/products/dymatize-iso-100
9442343780570,48436204863706,Nutricost Magnesium Orotate,120 capsules / 1000mg,Magnesium | Vitamins,Nutricost,47.00,5.00,Magnesium,52.00,+5.00,10.6%,,True,,https://cdn.shopify.com/s/files/1/0737/7384/2650/files/61cub-djurL.jpg?v=1787140908,https://proteindistrictlb.com/products/nutricost-magnesium-orotate
9441983332570,48434835521754,Solaray Magnesium Asporotate,60 VegCaps / 400mg,Magnesium | Vitamins,Solaray,30.00,5.00,Magnesium,35.00,+5.00,16.7%,,True,,https://cdn.shopify.com/s/files/1/0737/7384/2650/files/123701.webp?v=1787135459,https://proteindistrictlb.com/products/solaray-magnesium-asporotate
9441967735002,48434742755546,Source Naturals Magnesium Bisglycinate,120 tablets / 200mg,Magnesium | Vitamins,Source Naturals,48.00,5.00,Magnesium,53.00,+5.00,10.4%,,True,,https://cdn.shopify.com/s/files/1/0737/7384/2650/files/mahnii-source-naturals-magnesium-bisglycinate-120-tabl.-81955300082442.png?v=1787134922,https://proteindistrictlb.com/products/source-naturals-magnesium-bisglycinate
9441951645914,48434661425370,21ST Century Calcium Magnesium Zinc+D3,250 tablets,Calcium | Magnesium | Vitamin D | Vitamins | Zinc,21ST Century,43.00,5.00,Magnesium,48.00,+5.00,11.6%,,True,,https://cdn.shopify.com/s/files/1/0737/7384/2650/files/OIP_7.webp?v=1787134517,https://proteindistrictlb.com/products/21st-century-calcium-magnesium-zinc-d3
9440838320346,48429531463898,Now Calcium Magnesium Zinc+D3,120 softgels,Calcium | Magnesium | Vitamin D | Vitamins | Zinc,NOW Foods,43.00,5.00,Magnesium,48.00,+5.00,11.6%,,True,,https://cdn.shopify.com/s/files/1/0737/7384/2650/files/OIP_6.webp?v=1787059634,https://proteindistrictlb.com/products/now-calcium-magnesium-zinc-d3
9440817545434,48429504168154,Double Wood Magnesium Glycinate,180 veggie Capsules / 400mg,Magnesium | Vitamins,Double Wood,67.00,5.00,Magnesium,72.00,+5.00,7.5%,,True,,https://cdn.shopify.com/s/files/1/0737/7384/2650/files/double-wood-magnesium-glycinate-400mg-465744_1024x1024_1c674a42-fa06-436b-8c1f-334b9de7e926.webp?v=1787059064,https://proteindistrictlb.com/products/double-wood-magnesium-glycinate
9440657965274,48429249134810,Thorne Calcium Magnesium Malate,240 capsules,Calcium | Magnesium | Vitamins,Thorne Research,95.00,5.00,Magnesium,100.00,+5.00,5.3%,,True,,https://cdn.shopify.com/s/files/1/0737/7384/2650/files/f383a253-db03-4021-b378-1b76bc0f5684.5b5934dd389b366bc4c3c9b6222013ce.webp?v=1787054730,https://proteindistrictlb.com/products/thorne-calcium-magnesium-malate
9440467976410,48428926927066,Swanson Magnesium Aspartate,90 capsules,Magnesium | Vitamins,Swanson,39.00,5.00,Magnesium,44.00,+5.00,12.8%,,True,,https://cdn.shopify.com/s/files/1/0737/7384/2650/files/8_2.avif?v=1787053057,https://proteindistrictlb.com/products/swanson-magnesium-aspartate
9440400343258,48428827934938,Nutricost Magnesium BHB,31 servings,Magnesium | Vitamins,Nutricost,70.00,5.00,Magnesium,75.00,+5.00,7.1%,,True,,https://cdn.shopify.com/s/files/1/0737/7384/2650/files/61gZUdOoAKL._AC_SL1500.jpg?v=1787050725,https://proteindistrictlb.com/products/nutricost-magnesium-bhb
9440391364826,48428816761050,Alta Magnesium Chloride,100 tablets,Magnesium | Vitamins,Alta Magnesium,49.00,5.00,Magnesium,54.00,+5.00,10.2%,,True,,https://cdn.shopify.com/s/files/1/0737/7384/2650/files/45.avif?v=1787050197,https://proteindistrictlb.com/products/alta-magnesium-chloride
9440356466906,48428719472858,Now Magnesium Transporters,180 VegCaps,Magnesium | Vitamins,NOW Foods,52.00,5.00,Magnesium,57.00,+5.00,9.6%,,True,,https://cdn.shopify.com/s/files/1/0737/7384/2650/files/NOW-Foods-Magnesium-Transporters-180-Veg-Capsules_cdde3735-6984-4275-9907-3031db5bafe5.547f34cf08be4c2e0882cb768cd7f794.webp?v=1787048974,https://proteindistrictlb.com/products/now-magnesium-transporters
9440338149594,48428694438106,Kal Magnesium Glycinate,160 VegCaps / 350mg,Magnesium | Vitamins,Kal Magnesium,55.00,5.00,Magnesium,60.00,+5.00,9.1%,,True,,https://cdn.shopify.com/s/files/1/0737/7384/2650/files/kal-magnesium-glycinate-350.jpg?v=1787048566,https://proteindistrictlb.com/products/kal-magnesium-glycinate
9440327172314,48428674547930,Thorne Magnesium Bisglycinate Powder,60 scoop,Magnesium | Vitamins,Thorne Research,105.00,5.00,Magnesium,110.00,+5.00,4.8%,,True,,https://cdn.shopify.com/s/files/1/0737/7384/2650/files/AlphaBrainPeachsticks_18_15523451-b207-4889-a8ed-7917499de1dd.webp?v=1787047997,https://proteindistrictlb.com/products/thorne-magnesium-bisglycinate-powder
9440303382746,48428640534746,Nutricost Magnesium Complex,240 servings / 500mg,Magnesium | Vitamins,Nutricost,49.00,5.00,Magnesium,54.00,+5.00,10.2%,,True,,https://cdn.shopify.com/s/files/1/0737/7384/2650/files/8_1.avif?v=1787047604,https://proteindistrictlb.com/products/nutricost-magnesium-complex
9439025856730,48419760210138,Nutricost Pterostilbene,100mg / 120 capsules,Vitamins,Nutricost,49.00,5.00,Vitamins,54.00,+5.00,10.2%,,True,,https://cdn.shopify.com/s/files/1/0737/7384/2650/files/8.avif?v=1786965417,https://proteindistrictlb.com/products/nutricost-pterostilbene
9438995677402,48419574317274,Thorne ResveraCel,60 capsules,Vitamins,Thorne Research,113.00,5.00,Vitamins,118.00,+5.00,4.4%,,True,,https://cdn.shopify.com/s/files/1/0737/7384/2650/files/ThorneResveraCel60-1_700x700_203aff23-6ad5-4841-9032-e6dfe033dd7a.webp?v=1786964821,https://proteindistrictlb.com/products/thorne-resveracel
9438931648730,48419271737562,Nutricost Nadh,20 mg / 120 capsules,Vitamins,Nutricost,48.00,5.00,Vitamins,53.00,+5.00,10.4%,,True,,https://cdn.shopify.com/s/files/1/0737/7384/2650/files/9b8ab3c7-3a87-4545-9244-70a040352c97.webp?v=1786963787,https://proteindistrictlb.com/products/nutricost-nadh
9438900289754,48419154395354,Nutri Nmnh,50mg / 30 capsules,Vitamins,Nutri,49.00,5.00,Vitamins,54.00,+5.00,10.2%,,True,,https://cdn.shopify.com/s/files/1/0737/7384/2650/files/GUEST_ec5ffb53-49e8-4eac-aa5e-b52d6905d46d.avif?v=1786963229,https://proteindistrictlb.com/products/nutri-nmnh
9438874206426,48418975219930,Nutricost Nmn,500mg / 60 capsules 30 serving,Vitamins,Nutricost,49.00,5.00,Vitamins,54.00,+5.00,10.2%,,True,,https://cdn.shopify.com/s/files/1/0737/7384/2650/files/NTC_NMN_250MGX2__V0__60CAP_150CCCOMPAX_Front1_Square_1800x1800_6b6b5343-fdf3-4977-bfe3-420d3be55eca.webp?v=1786962845,https://proteindistrictlb.com/products/nutricost-nmn
9438817485018,48418769141978,Metabolic Nutrition Nad Daily,150mg / 30 capsules,Vitamins,Metabolic Nutrition,44.00,5.00,Vitamins,49.00,+5.00,11.4%,,True,,https://cdn.shopify.com/s/files/1/0737/7384/2650/files/Metabolic-Nutrition-NAD-Daily.jpg?v=1786962039,https://proteindistrictlb.com/products/metabolic-nutrition-nad-daily
9429849866458,48335940878554,Natures Truth Electrolytes Hydration,35 servings,Electrolytes | Vitamins,Natures Truth,35.00,5.00,Vitamins,40.00,+5.00,14.3%,,True,,https://cdn.shopify.com/s/files/1/0737/7384/2650/files/1_1d424268-b361-482c-94c4-9d1170308f3e.png?v=1786616670,https://proteindistrictlb.com/products/natures-truth-electrolytes-hydration
9425383194842,48324156129498,Biyode Fish Oil,120 softgels / 1250mg,Fish Oil | Vitamins,Biyode,25.00,5.00,Fish Oil,30.00,+5.00,20.0%,,True,,https://cdn.shopify.com/s/files/1/0737/7384/2650/files/OIP_5.webp?v=1786452741,https://proteindistrictlb.com/products/biyode-fish-oil
9420987105498,48308678295770,Life Extension NAD 300mg,30 vegetarian capsules,Vitamins,Life Extension,78.00,5.00,Vitamins,83.00,+5.00,6.4%,,True,,https://cdn.shopify.com/s/files/1/0737/7384/2650/files/OIP.jpg?v=1786102424,https://proteindistrictlb.com/products/life-extension-nad-300mg
9420985434330,48308672430298,Life Extension NAD and Resveratrol,30 vegetarian capsules,Vitamins,Life Extension,80.00,5.00,Vitamins,85.00,+5.00,6.2%,,True,,https://cdn.shopify.com/s/files/1/0737/7384/2650/files/01904.avif?v=1786101954,https://proteindistrictlb.com/products/life-extension-nad-and-resveratrol
9420025037018,48305801986266,Nutricost Goldenseal Root,120 capsules,Berberine | Fat burners,Nutricost,46.00,6.00,Fat burners,52.00,+6.00,13.0%,,True,,https://cdn.shopify.com/s/files/1/0737/7384/2650/files/61uCSPMnc_L._AC_SY879.jpg?v=1786021302,https://proteindistrictlb.com/products/nutricost-goldenseal-root
9420008751322,48305782948058,Garden Of Life Liposomal Berberine,60 capsules,Berberine | Fat burners,Garden Of,62.00,6.00,Fat burners,68.00,+6.00,9.7%,,True,,https://cdn.shopify.com/s/files/1/0737/7384/2650/files/36.avif?v=1786020678,https://proteindistrictlb.com/products/garden-of-life-liposomal-berberine
9419992072410,48305752867034,Nutricost Dihydro-Berberine,60 capsules,Berberine | Fat burners,Nutricost,48.00,6.00,Fat burners,54.00,+6.00,12.5%,,True,,https://cdn.shopify.com/s/files/1/0737/7384/2650/files/NTC_Dihydroberberine_100MG__V1__60CAP_150CCCOMPAX_Front1_Square_1800x1800_e48f7ff7-612a-4b7b-bbb0-c87d6a1577cd.webp?v=1786020058,https://proteindistrictlb.com/products/nutricost-dihydro-berberine
9419988238554,48305742348506,Enzymedica Berberine Phytosome,60 capsules,Berberine | Fat burners,Enzymedica Berberine,54.00,6.00,Fat burners,60.00,+6.00,11.1%,,True,,https://cdn.shopify.com/s/files/1/0737/7384/2650/files/71gxSz8i9kL._AC_SX679_PIbundle-60_TopRight_0_0_SH20.jpg?v=1786019527,https://proteindistrictlb.com/products/enzymedica-berberine-phytosome
9419986796762,48305739268314,Thorne Berberine,60 capsules,Berberine | Fat burners,Thorne Research,96.00,6.00,Fat burners,102.00,+6.00,6.2%,,True,,https://cdn.shopify.com/s/files/1/0737/7384/2650/files/177.avif?v=1786018831,https://proteindistrictlb.com/products/thorne-berberine
9419982962906,48305733173466,Berberine Now,90 softgels,Berberine | Fat burners,Berberine,57.00,6.00,Fat burners,63.00,+6.00,10.5%,,True,,https://cdn.shopify.com/s/files/1/0737/7384/2650/files/91418_v1.png?v=1786018284,https://proteindistrictlb.com/products/berberine-now
9419980538074,48305645322458,Solaray Berberine,100 capsules / 500mg,Berberine | Fat burners,Solaray,85.00,6.00,Fat burners,91.00,+6.00,7.1%,,True,,https://cdn.shopify.com/s/files/1/0737/7384/2650/files/SOL_SuppCo_DTC_Berberine_60ct_V1_KC_2026_03_09.webp?v=1786017161,https://proteindistrictlb.com/products/solaray-berberine
8754301632730,46082322661594,Biotech Usa Creatine,300g - 88 servings / Unflavored,Creatine | Unflavored Creatine,BioTechUSA,35.00,5.00,Unflavored Creatine,40.00,+5.00,14.3%,,True,,https://cdn.shopify.com/s/files/1/0737/7384/2650/files/18-Biotech-Usa-Creatine.jpg?v=1737543552,https://proteindistrictlb.com/products/biotech-usa-creatine
8754301632730,46771335626970,Biotech Usa Creatine,nutrition facts / Unflavored,Creatine | Unflavored Creatine,BioTechUSA,35.00,5.00,Unflavored Creatine,40.00,+5.00,14.3%,,True,,https://cdn.shopify.com/s/files/1/0737/7384/2650/files/18-Biotech-Usa-Creatine.jpg?v=1737543552,https://proteindistrictlb.com/products/biotech-usa-creatine
9406720377050,48263249920218,Optimum Nutrition Performance Whey,Chocolate,Whey protein,Optimum Nutrition,90.00,5.00,Whey protein,95.00,+5.00,5.6%,,True,,https://cdn.shopify.com/s/files/1/0737/7384/2650/files/bc247381-4736-44d0-b930-d090c0c1bfaa.webp?v=1784892661,https://proteindistrictlb.com/products/optimum-nutrition-performance-whey
9406720377050,48263249952986,Optimum Nutrition Performance Whey,Vanilla,Whey protein,Optimum Nutrition,90.00,5.00,Whey protein,95.00,+5.00,5.6%,,True,,https://cdn.shopify.com/s/files/1/0737/7384/2650/files/bc247381-4736-44d0-b930-d090c0c1bfaa.webp?v=1784892661,https://proteindistrictlb.com/products/optimum-nutrition-performance-whey
9406717493466,48263239631066,Now Collagen Peptides Powder,227g-21 serving,Collagen,NOW Foods,50.00,5.00,Collagen,55.00,+5.00,10.0%,,True,,https://cdn.shopify.com/s/files/1/0737/7384/2650/files/3086_v2.png?v=1784891648,https://proteindistrictlb.com/products/now-collagen-peptides-powder
9406716739802,48263237927130,Labrada Collagen Peptides,300g-30 serving,Collagen,Labrada Collagen,35.00,5.00,Collagen,40.00,+5.00,14.3%,,True,,https://cdn.shopify.com/s/files/1/0737/7384/2650/files/R.jpg?v=1784890951,https://proteindistrictlb.com/products/labrada-collagen-peptides
9406714970330,48263234584794,Biotech USA IsoTonic,600g-20 serving,Carbs | Electrolytes,Biotech USA,30.00,3.00,Electrolytes,33.00,+3.00,10.0%,,True,,https://cdn.shopify.com/s/files/1/0737/7384/2650/files/tn1_209233683.jpg?v=1784890609,https://proteindistrictlb.com/products/biotech-usa-isotonic
9406713430234,48263232225498,Applied Nutrition Beta Alanine,300g-100 serving,Beta Alanine,Applied Nutrition,30.00,4.00,Beta Alanine,34.00,+4.00,13.3%,,True,,https://cdn.shopify.com/s/files/1/0737/7384/2650/files/Beta-Alanine300g.webp?v=1784890110,https://proteindistrictlb.com/products/applied-nutrition-beta-alanine
9406712053978,48263221608666,Applied Nutrition L-Arginine,120 capsules,Arginine,Applied Nutrition,25.00,4.00,Arginine,29.00,+4.00,16.0%,,True,,https://cdn.shopify.com/s/files/1/0737/7384/2650/files/applied-nutrition-l-arginine-1500.webp?v=1784889834,https://proteindistrictlb.com/products/applied-nutrition-l-arginine
9406710481114,48263219511514,Applied Nutrition L-Glutamine Powder,500g-100 serving,Glutamine,Applied Nutrition,35.00,4.00,Glutamine,39.00,+4.00,11.4%,,True,,https://cdn.shopify.com/s/files/1/0737/7384/2650/files/OIP_4.webp?v=1784889166,https://proteindistrictlb.com/products/applied-nutrition-l-glutamine-powder
9406710481114,48263219544282,Applied Nutrition L-Glutamine Powder,250g-50 serving,Glutamine,Applied Nutrition,25.00,4.00,Glutamine,29.00,+4.00,16.0%,,True,,https://cdn.shopify.com/s/files/1/0737/7384/2650/files/OIP_4.webp?v=1784889166,https://proteindistrictlb.com/products/applied-nutrition-l-glutamine-powder
9406707761370,48263210500314,Nutrex caffeine,60 capsules / 200mg,Pre workouts,Nutrex Research,20.00,5.00,Pre workouts,25.00,+5.00,25.0%,,True,,https://cdn.shopify.com/s/files/1/0737/7384/2650/files/Nutrex-Cafeina-200-mg-60-Cap-1024x1024.jpg?v=1784888582,https://proteindistrictlb.com/products/nutrex-caffeine
9406696292570,48263187497178,Muscle Rulz Yohimbine,120 capsules- 120 serving,Fat burners,MuscleMeds,30.00,6.00,Fat burners,36.00,+6.00,20.0%,,True,,https://cdn.shopify.com/s/files/1/0737/7384/2650/files/muscle-rulz-yohimbine-hcl-5-mg-120-caps-800x800.webp?v=1784888260,https://proteindistrictlb.com/products/muscle-rulz-yohimbine
9406666703066,48263126843610,Nutricost P-5-P,240 capsules-240 serving,Vitamins,Nutricost,50.00,5.00,Vitamins,55.00,+5.00,10.0%,,True,,https://cdn.shopify.com/s/files/1/0737/7384/2650/files/Nutricost-P5P-Vitamin-B6-Supplement-50mg-240-Capsules-Pyridoxal-5-Phosphate_0eeeb79f-6eea-4dff-adca-4e34e823a614.a52bfbf1e1c7000f8a4813a2aabc4ce6.webp?v=1784884402,https://proteindistrictlb.com/products/nutricost-p5p
9405940007130,48259612803290,Nutricost PQQ,60 capsules/60 serving,Vitamins,Nutricost,50.00,5.00,Vitamins,55.00,+5.00,10.0%,,True,,https://cdn.shopify.com/s/files/1/0737/7384/2650/files/NTC_PQQ_20MG_60CAP_Front1_1800x1800_a3bcda66-e0f8-4313-b189-88abe7ec5115.webp?v=1784814411,https://proteindistrictlb.com/products/nutricost-pqq
9405938401498,48259610083546,Now Omega 3 Fish Oil,90 softgels,Fish Oil | Vitamins,NOW Foods,49.00,5.00,Fish Oil,54.00,+5.00,10.2%,,True,,https://cdn.shopify.com/s/files/1/0737/7384/2650/files/36_d4bd4ad8-5deb-4b99-9953-c1001cddcefe.webp?v=1784814045,https://proteindistrictlb.com/products/now-omega-3-fish-oil
9405936926938,48259608248538,Applied Nutrition Zinc,90 capsules/90 serving,Vitamins | Zinc,Applied Nutrition,25.00,5.00,Vitamins,30.00,+5.00,20.0%,,True,,https://cdn.shopify.com/s/files/1/0737/7384/2650/files/OIP_2.webp?v=1784813418,https://proteindistrictlb.com/products/applied-nutrition-zinc
9405934698714,48259603169498,Nutricost Myo And D Chiro Inositol,120 capsules/30 serving,Inositol | Vitamins,Nutricost,48.00,5.00,Inositol,53.00,+5.00,10.4%,,True,,https://cdn.shopify.com/s/files/1/0737/7384/2650/files/NTC_Myo_DChiroInositolforWomen__500MG_12.5MGX4__120CAP_225CC_Front_1800x1800_f404b426-ee48-49f0-85d9-cdd93cf78bb5.webp?v=1784812827,https://proteindistrictlb.com/products/nutricost-myo-and-d-chiro-inositol
9405931258074,48259588980954,Nutricost Inositol,240 capsules/240 serving,Inositol | Vitamins,Nutricost,50.00,5.00,Inositol,55.00,+5.00,10.0%,,True,,https://cdn.shopify.com/s/files/1/0737/7384/2650/files/NTC_Inositol_500MG_240CAP_400CC_Front_Square_1800x1800_605b5de6-04bc-4b96-bcd2-f0d0d86ef5f3.webp?v=1784812412,https://proteindistrictlb.com/products/nutricost-inositol
9405930143962,48259586785498,Nutrex Vitadapt,90 capsules/30 serving,Multi Vitamin,Nutrex Research,30.00,5.00,Multi Vitamin,35.00,+5.00,16.7%,,True,,https://cdn.shopify.com/s/files/1/0737/7384/2650/files/Vitadapt.webp?v=1784812060,https://proteindistrictlb.com/products/nutrex-vitadapt
9405928276186,48259582886106,Now L Theanine,60 capsules/60 serving,L-Theanine | Vitamins,NOW Foods,48.00,5.00,L-Theanine,53.00,+5.00,10.4%,,True,,https://cdn.shopify.com/s/files/1/0737/7384/2650/files/0147_mainimage.png?v=1784811621,https://proteindistrictlb.com/products/now-l-theanine
9405925818586,48259572269274,Applied Nutrition Milk Thistle,90 tablets/90 serving,Liver Support,Applied Nutrition,30.00,5.00,Liver Support,35.00,+5.00,16.7%,,True,,https://cdn.shopify.com/s/files/1/0737/7384/2650/files/Milk_Thistle_Capsules_3D.webp?v=1784811112,https://proteindistrictlb.com/products/applied-nutrition-milk-thistle-1
9405922509018,48259565846746,AllMax Vitaform,60 tablets/30 serving,Multi Vitamin,AllMax,30.00,5.00,Multi Vitamin,35.00,+5.00,16.7%,,True,,https://cdn.shopify.com/s/files/1/0737/7384/2650/files/38.avif?v=1784810206,https://proteindistrictlb.com/products/allmax-vitaform
9405895934170,48259538321626,Gaspari Nutrition Anavite,180 tablets/60 servings,Multi Vitamin,Gaspari Nutrition,35.00,5.00,Multi Vitamin,40.00,+5.00,14.3%,,True,,https://cdn.shopify.com/s/files/1/0737/7384/2650/files/Anavite_60Serv-Front.webp?v=1784809917,https://proteindistrictlb.com/products/gaspari-nutrition-anavite
9405841473754,48259480912090,My Protein Impact Whey Isolate,Strawberry / 1kg/40 serving,Isolate | Whey protein,Myprotein,60.00,5.00,Whey protein,65.00,+5.00,8.3%,,True,,https://cdn.shopify.com/s/files/1/0737/7384/2650/files/10852482-1145173228015095.jpg?v=1784809232,https://proteindistrictlb.com/products/my-protein-impact-whey-isolate
9405841473754,48259480944858,My Protein Impact Whey Isolate,cookies and cream / 1kg/40 serving,Isolate | Whey protein,Myprotein,60.00,5.00,Whey protein,65.00,+5.00,8.3%,,True,,https://cdn.shopify.com/s/files/1/0737/7384/2650/files/10852482-1145173228015095.jpg?v=1784809232,https://proteindistrictlb.com/products/my-protein-impact-whey-isolate
9405841473754,48259480977626,My Protein Impact Whey Isolate,Chocolate / 1kg/40 serving,Isolate | Whey protein,Myprotein,60.00,5.00,Whey protein,65.00,+5.00,8.3%,,True,,https://cdn.shopify.com/s/files/1/0737/7384/2650/files/10852482-1145173228015095.jpg?v=1784809232,https://proteindistrictlb.com/products/my-protein-impact-whey-isolate
9405841473754,48259481010394,My Protein Impact Whey Isolate,Vanilla / 1kg/40 serving,Isolate | Whey protein,Myprotein,60.00,5.00,Whey protein,65.00,+5.00,8.3%,,True,,https://cdn.shopify.com/s/files/1/0737/7384/2650/files/10852482-1145173228015095.jpg?v=1784809232,https://proteindistrictlb.com/products/my-protein-impact-whey-isolate
9405801136346,48259438248154,Gaspari Nutrition SizeOn,grape / 1.63kg/24 servings,Amino acids | Carbs | Creatine,Gaspari Nutrition,60.00,5.00,Creatine,65.00,+5.00,8.3%,,True,,https://cdn.shopify.com/s/files/1/0737/7384/2650/files/SizeOn_Grape_Cooler_Front.webp?v=1784808065,https://proteindistrictlb.com/products/gaspari-nutrition-sizeon
9405801136346,48259438280922,Gaspari Nutrition SizeOn,Raspberry / 1.63kg/24 servings,Amino acids | Carbs | Creatine,Gaspari Nutrition,60.00,5.00,Creatine,65.00,+5.00,8.3%,,True,,https://cdn.shopify.com/s/files/1/0737/7384/2650/files/SizeOn_Grape_Cooler_Front.webp?v=1784808065,https://proteindistrictlb.com/products/gaspari-nutrition-sizeon
9405728096474,48259363766490,Biotech USA Rice Pudding,Chocolate / 1kg/25 servings,Carbs,Biotech USA,30.00,3.00,Carbs,33.00,+3.00,10.0%,,False,,https://cdn.shopify.com/s/files/1/0737/7384/2650/files/R.png?v=1784807447,https://proteindistrictlb.com/products/biotech-usa-rice-pudding
9405728096474,48259363799258,Biotech USA Rice Pudding,Unflavored / 1kg/25 servings,Carbs,Biotech USA,30.00,3.00,Carbs,33.00,+3.00,10.0%,,True,,https://cdn.shopify.com/s/files/1/0737/7384/2650/files/R.png?v=1784807447,https://proteindistrictlb.com/products/biotech-usa-rice-pudding
9405680353498,48259311993050,Weider Milk Protein Shake,Chocolate / 1 pc,Snacks | Whey protein,Weider,6.00,5.00,Whey protein,7.50,+1.50,25.0%,yes,True,,https://cdn.shopify.com/s/files/1/0737/7384/2650/files/Milk_Protein_Shake_Schoko.webp?v=1784805936,https://proteindistrictlb.com/products/weider-milk-protein-shake
9405680353498,48259312025818,Weider Milk Protein Shake,Chocolate / 4 pcs,Snacks | Whey protein,Weider,24.00,5.00,Whey protein,29.00,+5.00,20.8%,,True,,https://cdn.shopify.com/s/files/1/0737/7384/2650/files/Milk_Protein_Shake_Schoko.webp?v=1784805936,https://proteindistrictlb.com/products/weider-milk-protein-shake
9405680353498,48259312058586,Weider Milk Protein Shake,iced coffee latte / 1 pc,Snacks | Whey protein,Weider,6.00,5.00,Whey protein,7.50,+1.50,25.0%,yes,True,,https://cdn.shopify.com/s/files/1/0737/7384/2650/files/Milk_Protein_Shake_Schoko.webp?v=1784805936,https://proteindistrictlb.com/products/weider-milk-protein-shake
9405680353498,48259312091354,Weider Milk Protein Shake,iced coffee latte / 4 pcs,Snacks | Whey protein,Weider,24.00,5.00,Whey protein,29.00,+5.00,20.8%,,True,,https://cdn.shopify.com/s/files/1/0737/7384/2650/files/Milk_Protein_Shake_Schoko.webp?v=1784805936,https://proteindistrictlb.com/products/weider-milk-protein-shake
9405677633754,48259303080154,Applied Nutrition Protein Crunch,chocolate peanut / 1 pc,Snacks | protein bars,Applied Nutrition,4.00,2.00,Snacks,5.00,+1.00,25.0%,yes,True,,https://cdn.shopify.com/s/files/1/0737/7384/2650/files/Protein_Crunch_Bar_65g_-_Chocolate_Peanut.webp?v=1784804776,https://proteindistrictlb.com/products/applied-nutrition-protein-crunch
9405677633754,48259303112922,Applied Nutrition Protein Crunch,chocolate peanut / 1 box/12 pcs,Snacks | protein bars,Applied Nutrition,45.00,2.00,Snacks,47.00,+2.00,4.4%,,True,,https://cdn.shopify.com/s/files/1/0737/7384/2650/files/Protein_Crunch_Bar_65g_-_Chocolate_Peanut.webp?v=1784804776,https://proteindistrictlb.com/products/applied-nutrition-protein-crunch
9405677633754,48259303145690,Applied Nutrition Protein Crunch,chocolate caramel / 1 pc,Snacks | protein bars,Applied Nutrition,4.00,2.00,Snacks,5.00,+1.00,25.0%,yes,True,,https://cdn.shopify.com/s/files/1/0737/7384/2650/files/Protein_Crunch_Bar_65g_-_Chocolate_Peanut.webp?v=1784804776,https://proteindistrictlb.com/products/applied-nutrition-protein-crunch
9405677633754,48259303178458,Applied Nutrition Protein Crunch,chocolate caramel / 1 box/12 pcs,Snacks | protein bars,Applied Nutrition,45.00,2.00,Snacks,47.00,+2.00,4.4%,,True,,https://cdn.shopify.com/s/files/1/0737/7384/2650/files/Protein_Crunch_Bar_65g_-_Chocolate_Peanut.webp?v=1784804776,https://proteindistrictlb.com/products/applied-nutrition-protein-crunch
9405677633754,48259303211226,Applied Nutrition Protein Crunch,white chocolate caramel / 1 pc,Snacks | protein bars,Applied Nutrition,4.00,2.00,Snacks,5.00,+1.00,25.0%,yes,True,,https://cdn.shopify.com/s/files/1/0737/7384/2650/files/Protein_Crunch_Bar_65g_-_Chocolate_Peanut.webp?v=1784804776,https://proteindistrictlb.com/products/applied-nutrition-protein-crunch
9405677633754,48259303243994,Applied Nutrition Protein Crunch,white chocolate caramel / 1 box/12 pcs,Snacks | protein bars,Applied Nutrition,45.00,2.00,Snacks,47.00,+2.00,4.4%,,True,,https://cdn.shopify.com/s/files/1/0737/7384/2650/files/Protein_Crunch_Bar_65g_-_Chocolate_Peanut.webp?v=1784804776,https://proteindistrictlb.com/products/applied-nutrition-protein-crunch
9405672980698,48259292823770,Weider Whey Wafer,Chocolate / 1 pc,Snacks | protein bars,Weider,4.00,2.00,Snacks,5.00,+1.00,25.0%,yes,True,,https://cdn.shopify.com/s/files/1/0737/7384/2650/files/Weider_WheyWaferChocolateFront_OnlineShopKopie.webp?v=1784803569,https://proteindistrictlb.com/products/weider-whey-wafer-1
9405672980698,48259292856538,Weider Whey Wafer,Chocolate / 1 box/12pcs,Snacks | protein bars,Weider,45.00,2.00,Snacks,47.00,+2.00,4.4%,,True,,https://cdn.shopify.com/s/files/1/0737/7384/2650/files/Weider_WheyWaferChocolateFront_OnlineShopKopie.webp?v=1784803569,https://proteindistrictlb.com/products/weider-whey-wafer-1
9405664788698,48259262611674,Born Winner Protein Shake,Chocolate / 1 pc,Snacks | Whey protein,Born Winner,6.00,5.00,Whey protein,7.50,+1.50,25.0%,yes,True,,https://cdn.shopify.com/s/files/1/0737/7384/2650/files/BW_Protein_Shake_Cookies_Cream_1_2f1030e1-ab45-48f9-b76d-0b05d23cd946.png?v=1784802411,https://proteindistrictlb.com/products/born-winner-protein-shake-1
9405664788698,48259262644442,Born Winner Protein Shake,Chocolate / 4 pcs,Snacks | Whey protein,Born Winner,24.00,5.00,Whey protein,29.00,+5.00,20.8%,,True,,https://cdn.shopify.com/s/files/1/0737/7384/2650/files/BW_Protein_Shake_Cookies_Cream_1_2f1030e1-ab45-48f9-b76d-0b05d23cd946.png?v=1784802411,https://proteindistrictlb.com/products/born-winner-protein-shake-1
9405664788698,48259262677210,Born Winner Protein Shake,Strawberry / 1 pc,Snacks | Whey protein,Born Winner,6.00,5.00,Whey protein,7.50,+1.50,25.0%,yes,True,,https://cdn.shopify.com/s/files/1/0737/7384/2650/files/BW_Protein_Shake_Cookies_Cream_1_2f1030e1-ab45-48f9-b76d-0b05d23cd946.png?v=1784802411,https://proteindistrictlb.com/products/born-winner-protein-shake-1
9405664788698,48259262709978,Born Winner Protein Shake,Strawberry / 4 pcs,Snacks | Whey protein,Born Winner,24.00,5.00,Whey protein,29.00,+5.00,20.8%,,True,,https://cdn.shopify.com/s/files/1/0737/7384/2650/files/BW_Protein_Shake_Cookies_Cream_1_2f1030e1-ab45-48f9-b76d-0b05d23cd946.png?v=1784802411,https://proteindistrictlb.com/products/born-winner-protein-shake-1
9405664788698,48259262742746,Born Winner Protein Shake,cookies and cream / 1 pc,Snacks | Whey protein,Born Winner,6.00,5.00,Whey protein,7.50,+1.50,25.0%,yes,True,,https://cdn.shopify.com/s/files/1/0737/7384/2650/files/BW_Protein_Shake_Cookies_Cream_1_2f1030e1-ab45-48f9-b76d-0b05d23cd946.png?v=1784802411,https://proteindistrictlb.com/products/born-winner-protein-shake-1
9405664788698,48259262775514,Born Winner Protein Shake,cookies and cream / 4 pcs,Snacks | Whey protein,Born Winner,24.00,5.00,Whey protein,29.00,+5.00,20.8%,,True,,https://cdn.shopify.com/s/files/1/0737/7384/2650/files/BW_Protein_Shake_Cookies_Cream_1_2f1030e1-ab45-48f9-b76d-0b05d23cd946.png?v=1784802411,https://proteindistrictlb.com/products/born-winner-protein-shake-1
9405659775194,48259246522586,Born Winner Protein Shake,1 pc / cookies and cream,Snacks | Whey protein,Born Winner,4.00,5.00,Whey protein,5.00,+1.00,25.0%,yes,True,,https://cdn.shopify.com/s/files/1/0737/7384/2650/files/BW_RTD_cookies-1536x1536.png?v=1784800923,https://proteindistrictlb.com/products/born-winner-protein-shake
9405659775194,48259246555354,Born Winner Protein Shake,1 pc / vanilla passion fruit,Snacks | Whey protein,Born Winner,4.00,5.00,Whey protein,5.00,+1.00,25.0%,yes,True,,https://cdn.shopify.com/s/files/1/0737/7384/2650/files/BW_RTD_cookies-1536x1536.png?v=1784800923,https://proteindistrictlb.com/products/born-winner-protein-shake
9405659775194,48259246588122,Born Winner Protein Shake,4 pcs / cookies and cream,Snacks | Whey protein,Born Winner,16.00,5.00,Whey protein,20.00,+4.00,25.0%,yes,True,,https://cdn.shopify.com/s/files/1/0737/7384/2650/files/BW_RTD_cookies-1536x1536.png?v=1784800923,https://proteindistrictlb.com/products/born-winner-protein-shake
9405659775194,48259246620890,Born Winner Protein Shake,4 pcs / vanilla passion fruit,Snacks | Whey protein,Born Winner,16.00,5.00,Whey protein,20.00,+4.00,25.0%,yes,True,,https://cdn.shopify.com/s/files/1/0737/7384/2650/files/BW_RTD_cookies-1536x1536.png?v=1784800923,https://proteindistrictlb.com/products/born-winner-protein-shake
9279886196954,47953699307738,UBSA Creatine Monohydrate,Default Title,Creatine | UBSA Creatine,UBSA Creatine,35.00,5.00,UBSA Creatine,40.00,+5.00,14.3%,,True,,https://cdn.shopify.com/s/files/1/0737/7384/2650/files/WhatsApp_Image_2026-05-25_at_11.00.11_AM.jpg?v=1780597437,https://proteindistrictlb.com/products/ubsa-creatine-monohydrate
8753118183642,46078742364378,Nutritech Cla,30 servings,Cla | Discount | Fat burners,Nutritech,20.00,6.00,Fat burners,25.00,+5.00,25.0%,yes,True,,https://cdn.shopify.com/s/files/1/0737/7384/2650/files/73-Nutritech-Cla.jpg?v=1737635746,https://proteindistrictlb.com/products/nutritech-cla
8753118183642,46776803786970,Nutritech Cla,nutrition facts,Cla | Discount | Fat burners,Nutritech,20.00,6.00,Fat burners,25.00,+5.00,25.0%,yes,True,,https://cdn.shopify.com/s/files/1/0737/7384/2650/files/73-Nutritech-Cla.jpg?v=1737635746,https://proteindistrictlb.com/products/nutritech-cla
9192372273370,47664676765914,Ghost Hydration Box,strawberry kiwi,Electrolytes,Ghost,50.00,3.00,Electrolytes,53.00,+3.00,6.0%,,True,,https://cdn.shopify.com/s/files/1/0737/7384/2650/files/Copy_of_Untitled_-_2026-03-11T133200.338.png?v=1773228727,https://proteindistrictlb.com/products/ghost-hydration-box
9192372273370,47664676798682,Ghost Hydration Box,lemon crush,Electrolytes,Ghost,50.00,3.00,Electrolytes,53.00,+3.00,6.0%,,True,,https://cdn.shopify.com/s/files/1/0737/7384/2650/files/Copy_of_Untitled_-_2026-03-11T133200.338.png?v=1773228727,https://proteindistrictlb.com/products/ghost-hydration-box
9192372273370,47664676831450,Ghost Hydration Box,nutrition facts,Electrolytes,Ghost,50.00,3.00,Electrolytes,53.00,+3.00,6.0%,,True,,https://cdn.shopify.com/s/files/1/0737/7384/2650/files/Copy_of_Untitled_-_2026-03-11T133200.338.png?v=1773228727,https://proteindistrictlb.com/products/ghost-hydration-box
9192364507354,47664672768218,Ghost Hydration Water,strawberry kiwi,Electrolytes,Ghost,5.00,3.00,Electrolytes,6.50,+1.50,30.0%,yes,True,,https://cdn.shopify.com/s/files/1/0737/7384/2650/files/Copy_of_Untitled_-_2026-03-11T132110.055.png?v=1773228079,https://proteindistrictlb.com/products/ghost-hydration-water
9192364507354,47664672800986,Ghost Hydration Water,orange squeeze,Electrolytes,Ghost,5.00,3.00,Electrolytes,6.50,+1.50,30.0%,yes,True,,https://cdn.shopify.com/s/files/1/0737/7384/2650/files/Copy_of_Untitled_-_2026-03-11T132110.055.png?v=1773228079,https://proteindistrictlb.com/products/ghost-hydration-water
9192364507354,47664672833754,Ghost Hydration Water,strawbango,Electrolytes,Ghost,5.00,3.00,Electrolytes,6.50,+1.50,30.0%,yes,True,,https://cdn.shopify.com/s/files/1/0737/7384/2650/files/Copy_of_Untitled_-_2026-03-11T132110.055.png?v=1773228079,https://proteindistrictlb.com/products/ghost-hydration-water
9192364507354,47664672866522,Ghost Hydration Water,nutrition facts,Electrolytes,Ghost,5.00,3.00,Electrolytes,6.50,+1.50,30.0%,yes,True,,https://cdn.shopify.com/s/files/1/0737/7384/2650/files/Copy_of_Untitled_-_2026-03-11T132110.055.png?v=1773228079,https://proteindistrictlb.com/products/ghost-hydration-water
9187605283034,47655619264730,Ghost Vitamin C+ Glutathione,30 servings,Glutathione | Vitamin C | Vitamins,Ghost,40.00,6.00,Glutathione,46.00,+6.00,15.0%,,True,,https://cdn.shopify.com/s/files/1/0737/7384/2650/files/Copy_of_Untitled_-_2026-03-09T131457.707.png?v=1773054907,https://proteindistrictlb.com/products/ghost-vitamin-c-glutathione
9187605283034,47655619297498,Ghost Vitamin C+ Glutathione,nutrition facts,Glutathione | Vitamin C | Vitamins,Ghost,40.00,6.00,Glutathione,46.00,+6.00,15.0%,,True,,https://cdn.shopify.com/s/files/1/0737/7384/2650/files/Copy_of_Untitled_-_2026-03-09T131457.707.png?v=1773054907,https://proteindistrictlb.com/products/ghost-vitamin-c-glutathione
9154190147802,47558101729498,Fit Spo Ultra Premium Whey,chocolate,Whey protein | Whey protein concentrate,Fit Spo,45.00,5.00,Whey protein concentrate,50.00,+5.00,11.1%,,True,,https://cdn.shopify.com/s/files/1/0737/7384/2650/files/Copy_of_Untitled_-_2026-02-03T164253.751.png?v=1770129785,https://proteindistrictlb.com/products/fit-spo-ultra-premium-whey
9154190147802,47558101762266,Fit Spo Ultra Premium Whey,cookies and cream,Whey protein | Whey protein concentrate,Fit Spo,45.00,5.00,Whey protein concentrate,50.00,+5.00,11.1%,,True,,https://cdn.shopify.com/s/files/1/0737/7384/2650/files/Copy_of_Untitled_-_2026-02-03T164253.751.png?v=1770129785,https://proteindistrictlb.com/products/fit-spo-ultra-premium-whey
9154190147802,47558101795034,Fit Spo Ultra Premium Whey,vanilla ice cream,Whey protein | Whey protein concentrate,Fit Spo,45.00,5.00,Whey protein concentrate,50.00,+5.00,11.1%,,True,,https://cdn.shopify.com/s/files/1/0737/7384/2650/files/Copy_of_Untitled_-_2026-02-03T164253.751.png?v=1770129785,https://proteindistrictlb.com/products/fit-spo-ultra-premium-whey
9154190147802,47558101827802,Fit Spo Ultra Premium Whey,strawberry,Whey protein | Whey protein concentrate,Fit Spo,45.00,5.00,Whey protein concentrate,50.00,+5.00,11.1%,,True,,https://cdn.shopify.com/s/files/1/0737/7384/2650/files/Copy_of_Untitled_-_2026-02-03T164253.751.png?v=1770129785,https://proteindistrictlb.com/products/fit-spo-ultra-premium-whey
9154190147802,47558101860570,Fit Spo Ultra Premium Whey,salted caramel,Whey protein | Whey protein concentrate,Fit Spo,45.00,5.00,Whey protein concentrate,50.00,+5.00,11.1%,,True,,https://cdn.shopify.com/s/files/1/0737/7384/2650/files/Copy_of_Untitled_-_2026-02-03T164253.751.png?v=1770129785,https://proteindistrictlb.com/products/fit-spo-ultra-premium-whey
9153658781914,47555821240538,Lipo 6 Zero Stim,60 servings,Fat burners | fat burner non stim,Lipo 6,30.00,6.00,Fat burners,36.00,+6.00,20.0%,,True,,https://cdn.shopify.com/s/files/1/0737/7384/2650/files/Copy_of_Untitled_-_2026-02-02T151207.040.png?v=1770037992,https://proteindistrictlb.com/products/lipo-6-zero-stim
9153658781914,47555821273306,Lipo 6 Zero Stim,nutrition facts,Fat burners | fat burner non stim,Lipo 6,30.00,6.00,Fat burners,36.00,+6.00,20.0%,,True,,https://cdn.shopify.com/s/files/1/0737/7384/2650/files/Copy_of_Untitled_-_2026-02-02T151207.040.png?v=1770037992,https://proteindistrictlb.com/products/lipo-6-zero-stim
9153658323162,47555819798746,Lipo 6 Nighttime,30 servings,Fat burners | Thermogenic Fat Burner,Lipo 6,30.00,6.00,Thermogenic Fat Burner,36.00,+6.00,20.0%,,True,,https://cdn.shopify.com/s/files/1/0737/7384/2650/files/Copy_of_Untitled_-_2026-02-02T150506.534.png?v=1770037517,https://proteindistrictlb.com/products/lipo-6-nightime
9153658323162,47555819831514,Lipo 6 Nighttime,nutrition facts,Fat burners | Thermogenic Fat Burner,Lipo 6,30.00,6.00,Thermogenic Fat Burner,36.00,+6.00,20.0%,,True,,https://cdn.shopify.com/s/files/1/0737/7384/2650/files/Copy_of_Untitled_-_2026-02-02T150506.534.png?v=1770037517,https://proteindistrictlb.com/products/lipo-6-nightime
9153656193242,47555812819162,Universal Pre Workout Pump,30 packs,Pre Workout Stim | Pre workouts,Universal Nutrition,55.00,5.00,Pre Workout Stim,60.00,+5.00,9.1%,,True,,https://cdn.shopify.com/s/files/1/0737/7384/2650/files/Copy_of_Untitled_-_2026-02-02T144401.526.png?v=1770036250,https://proteindistrictlb.com/products/universal-pre-workout-pump
9153656193242,47555812851930,Universal Pre Workout Pump,nutrition facts,Pre Workout Stim | Pre workouts,Universal Nutrition,55.00,5.00,Pre Workout Stim,60.00,+5.00,9.1%,,True,,https://cdn.shopify.com/s/files/1/0737/7384/2650/files/Copy_of_Untitled_-_2026-02-02T144401.526.png?v=1770036250,https://proteindistrictlb.com/products/universal-pre-workout-pump
9152563249370,47549740515546,Weider Whey Wafer,chocolate flavors,Snacks | protein bars,Weider,4.00,2.00,Snacks,5.00,+1.00,25.0%,yes,True,,https://cdn.shopify.com/s/files/1/0737/7384/2650/files/Copy_of_Untitled_-_2026-01-30T170854.784.png?v=1769785842,https://proteindistrictlb.com/products/weider-whey-wafer
9141750169818,47344266281178,Novadiet Ashwaganda 60 Capsules 400 mg,60 caps,Ashwagandha,Novadiet,25.00,5.00,Ashwagandha,30.00,+5.00,20.0%,,True,,https://cdn.shopify.com/s/files/1/0737/7384/2650/files/Copy_of_Untitled_-_2026-01-17T161506.450.png?v=1768659312,https://proteindistrictlb.com/products/novadiet-ashwaganda-60-capsules-400-mg
9141749874906,47344265298138,Novadiet Zinc Glycinate 60 Capsules,60 capsules,Zinc,Novadiet,20.00,5.00,Zinc,25.00,+5.00,25.0%,,True,,https://cdn.shopify.com/s/files/1/0737/7384/2650/files/Copy_of_Untitled_-_2026-01-17T161215.535.png?v=1768659141,https://proteindistrictlb.com/products/novadiet-zinc-glycinate-60-capsules
9141749022938,47344262742234,Novadiet Vitamin E 60 Capsules,60 caps,Vitamin E | Vitamins,Novadiet,25.00,5.00,Vitamin E,30.00,+5.00,20.0%,,True,,https://cdn.shopify.com/s/files/1/0737/7384/2650/files/Copy_of_Untitled_-_2026-01-17T160623.100.png?v=1768658788,https://proteindistrictlb.com/products/novadiet-vitamin-e-60-capsules
9141748138202,47344258646234,Novadiet Vitamin C 1000mg 30 Capsules,30 caps,Vitamin C | Vitamins,Novadiet,20.00,5.00,Vitamin C,25.00,+5.00,25.0%,,True,,https://cdn.shopify.com/s/files/1/0737/7384/2650/files/Copy_of_Untitled_-_2026-01-17T160329.266.png?v=1768658614,https://proteindistrictlb.com/products/novadiet-vitamin-c-1000mg-30-capsules
9141747843290,47344258023642,Novadiet Omega 3 High Epa and Dha,90 softgels,Fish Oil,Novadiet,25.00,5.00,Fish Oil,30.00,+5.00,20.0%,,True,,https://cdn.shopify.com/s/files/1/0737/7384/2650/files/Copy_of_Untitled_-_2026-01-17T155605.527.png?v=1768658172,https://proteindistrictlb.com/products/novadiet-omega-3-high-epa-and-dha
9141747843290,47344258056410,Novadiet Omega 3 High Epa and Dha,nutrition facts,Fish Oil,Novadiet,25.00,5.00,Fish Oil,30.00,+5.00,20.0%,,True,,https://cdn.shopify.com/s/files/1/0737/7384/2650/files/Copy_of_Untitled_-_2026-01-17T155605.527.png?v=1768658172,https://proteindistrictlb.com/products/novadiet-omega-3-high-epa-and-dha
9141746696410,47344251142362,Novadiet Msm+Glucosamine 40 Capsules,40 capsules,Vitamins | glucosamine,Novadiet,20.00,5.00,Vitamins,25.00,+5.00,25.0%,,True,,https://cdn.shopify.com/s/files/1/0737/7384/2650/files/Copy_of_Untitled_-_2026-01-17T155100.629.png?v=1768657904,https://proteindistrictlb.com/products/novadiet-msm-glucosamine-40-capsules
9141745352922,47344235282650,Novadiet Magnesium Glycinate 90 Capsules,90 caps,Magnesium,Novadiet,35.00,5.00,Magnesium,40.00,+5.00,14.3%,,True,,https://cdn.shopify.com/s/files/1/0737/7384/2650/files/Copy_of_Untitled_-_2026-01-17T154414.532.png?v=1768657480,https://proteindistrictlb.com/products/novadiet-magnesium-glycinate-90-capsules
9141745287386,47344234660058,Novadiet Magnesium Citrate 120 Capsules,120 caps,Magnesium,Novadiet,30.00,5.00,Magnesium,35.00,+5.00,16.7%,,True,,https://cdn.shopify.com/s/files/1/0737/7384/2650/files/Copy_of_Untitled_-_2026-01-17T154242.450.png?v=1768657368,https://proteindistrictlb.com/products/novadiet-magnesium-citrate-120-capsules
9141744894170,47344225681626,Novadiet D3+K2 60 Soft Gels,60 softgels,Vitamin D | Vitamins,Novadiet,30.00,5.00,Vitamin D,35.00,+5.00,16.7%,,True,,https://cdn.shopify.com/s/files/1/0737/7384/2650/files/Copy_of_Untitled_-_2026-01-17T153515.317.png?v=1768656953,https://proteindistrictlb.com/products/novadiet-d3-k2-60-soft-gels
9141744828634,47344225157338,Novadiet B-compex 60 Capsules,60 capsules,Vitamin B | Vitamins,Novadiet,25.00,5.00,Vitamin B,30.00,+5.00,20.0%,,True,,https://cdn.shopify.com/s/files/1/0737/7384/2650/files/Copy_of_Untitled_-_2026-01-17T153347.432.png?v=1768656833,https://proteindistrictlb.com/products/novadiet-b-compex-60-capsules
9140752777434,47339310022874,Applied Nutrition ZMA,90 capsules,Magnesium | Vitamin B | Zinc | Zmb,Applied Nutrition,40.00,5.00,Magnesium,45.00,+5.00,12.5%,,True,,https://cdn.shopify.com/s/files/1/0737/7384/2650/files/Copy_of_Untitled_-_2026-01-15T173818.510.png?v=1768491506,https://proteindistrictlb.com/products/applied-nutrition-zma
9140752777434,47339310055642,Applied Nutrition ZMA,nutrition fats,Magnesium | Vitamin B | Zinc | Zmb,Applied Nutrition,40.00,5.00,Magnesium,45.00,+5.00,12.5%,,True,,https://cdn.shopify.com/s/files/1/0737/7384/2650/files/Copy_of_Untitled_-_2026-01-15T173818.510.png?v=1768491506,https://proteindistrictlb.com/products/applied-nutrition-zma
9140748714202,47339297636570,Applied Nutrition Vitamin D3,90 capsules,Vitamin D | Vitamins,Applied Nutrition,25.00,5.00,Vitamin D,30.00,+5.00,20.0%,,True,,https://cdn.shopify.com/s/files/1/0737/7384/2650/files/Copy_of_Untitled_-_2026-01-15T172219.484.png?v=1768490635,https://proteindistrictlb.com/products/applied-nutrition-vitamin-d3
9140748714202,47339297669338,Applied Nutrition Vitamin D3,nutrition facts,Vitamin D | Vitamins,Applied Nutrition,25.00,5.00,Vitamin D,30.00,+5.00,20.0%,,True,,https://cdn.shopify.com/s/files/1/0737/7384/2650/files/Copy_of_Untitled_-_2026-01-15T172219.484.png?v=1768490635,https://proteindistrictlb.com/products/applied-nutrition-vitamin-d3
9140747731162,47339293507802,Applied Nutrition Shilajit,90 capsules,Complex Testo Booster | Shilajit | Testo booster,Applied Nutrition,40.00,6.00,Complex Testo Booster,46.00,+6.00,15.0%,,True,,https://cdn.shopify.com/s/files/1/0737/7384/2650/files/Copy_of_Untitled_-_2026-01-15T171611.332.png?v=1768490183,https://proteindistrictlb.com/products/applied-nutrition-shilajit
9140747731162,47339293540570,Applied Nutrition Shilajit,nutrition facts,Complex Testo Booster | Shilajit | Testo booster,Applied Nutrition,40.00,6.00,Complex Testo Booster,46.00,+6.00,15.0%,,True,,https://cdn.shopify.com/s/files/1/0737/7384/2650/files/Copy_of_Untitled_-_2026-01-15T171611.332.png?v=1768490183,https://proteindistrictlb.com/products/applied-nutrition-shilajit
9140747043034,47339291312346,Applied Nutrition Milk Thistle,90 tabs,Liver Support | Vitamins,Applied Nutrition,35.00,5.00,Liver Support,40.00,+5.00,14.3%,,True,,https://cdn.shopify.com/s/files/1/0737/7384/2650/files/Copy_of_Untitled_-_2026-01-15T170554.794.png?v=1768489570,https://proteindistrictlb.com/products/applied-nutrition-milk-thistle
9140747043034,47339291345114,Applied Nutrition Milk Thistle,nutrition facts,Liver Support | Vitamins,Applied Nutrition,35.00,5.00,Liver Support,40.00,+5.00,14.3%,,True,,https://cdn.shopify.com/s/files/1/0737/7384/2650/files/Copy_of_Untitled_-_2026-01-15T170554.794.png?v=1768489570,https://proteindistrictlb.com/products/applied-nutrition-milk-thistle
9140744880346,47339284234458,Applied Nutrition NAD + Resveratrol,60 capsules,Vitamins,Applied Nutrition,45.00,5.00,Vitamins,50.00,+5.00,11.1%,,True,,https://cdn.shopify.com/s/files/1/0737/7384/2650/files/Copy_of_Untitled_-_2026-01-15T164615.278.png?v=1768488381,https://proteindistrictlb.com/products/applied-nutrition-nad-resveratrol
9140744880346,47339284267226,Applied Nutrition NAD + Resveratrol,nutrition facts,Vitamins,Applied Nutrition,45.00,5.00,Vitamins,50.00,+5.00,11.1%,,True,,https://cdn.shopify.com/s/files/1/0737/7384/2650/files/Copy_of_Untitled_-_2026-01-15T164615.278.png?v=1768488381,https://proteindistrictlb.com/products/applied-nutrition-nad-resveratrol
9140739899610,47339272863962,Applied Nutrition Berberine,1000 mg,Berberine | Fat burners,Applied Nutrition,40.00,6.00,Fat burners,46.00,+6.00,15.0%,,True,,https://cdn.shopify.com/s/files/1/0737/7384/2650/files/Copy_of_Untitled_-_2026-01-15T163704.113.png?v=1768488075,https://proteindistrictlb.com/products/applied-nutrition-berberine
9140739899610,47339272896730,Applied Nutrition Berberine,nutrition facts,Berberine | Fat burners,Applied Nutrition,40.00,6.00,Fat burners,46.00,+6.00,15.0%,,True,,https://cdn.shopify.com/s/files/1/0737/7384/2650/files/Copy_of_Untitled_-_2026-01-15T163704.113.png?v=1768488075,https://proteindistrictlb.com/products/applied-nutrition-berberine
9140737507546,47339268866266,Applied Nutrition Turkesteron,60 capsules,Testo booster | Turkesterone,Applied Nutrition,40.00,6.00,Testo booster,46.00,+6.00,15.0%,,True,,https://cdn.shopify.com/s/files/1/0737/7384/2650/files/Copy_of_Untitled_-_2026-01-15T162941.518.png?v=1768487542,https://proteindistrictlb.com/products/applied-nutrition-turkesteron
9140737507546,47339268899034,Applied Nutrition Turkesteron,nutrition facts,Testo booster | Turkesterone,Applied Nutrition,40.00,6.00,Testo booster,46.00,+6.00,15.0%,,True,,https://cdn.shopify.com/s/files/1/0737/7384/2650/files/Copy_of_Untitled_-_2026-01-15T162941.518.png?v=1768487542,https://proteindistrictlb.com/products/applied-nutrition-turkesteron
9092386586842,47134420992218,Rule 1 Roar,product / peach mango,Pre Workout Stim | Pre workouts | Rule 1,Rule 1 Proteins,30.00,5.00,Pre Workout Stim,35.00,+5.00,16.7%,,True,,https://cdn.shopify.com/s/files/1/0737/7384/2650/files/Copy_of_Untitled_-_2025-11-20T180843.093.png?v=1763654931,https://proteindistrictlb.com/products/rule-1-roar
9092386586842,47134425579738,Rule 1 Roar,product / wild grape,Pre Workout Stim | Pre workouts | Rule 1,Rule 1 Proteins,30.00,5.00,Pre Workout Stim,35.00,+5.00,16.7%,,True,,https://cdn.shopify.com/s/files/1/0737/7384/2650/files/Copy_of_Untitled_-_2025-11-20T180843.093.png?v=1763654931,https://proteindistrictlb.com/products/rule-1-roar
9092386586842,47134425612506,Rule 1 Roar,product / lemon lime,Pre Workout Stim | Pre workouts | Rule 1,Rule 1 Proteins,30.00,5.00,Pre Workout Stim,35.00,+5.00,16.7%,,True,,https://cdn.shopify.com/s/files/1/0737/7384/2650/files/Copy_of_Untitled_-_2025-11-20T180843.093.png?v=1763654931,https://proteindistrictlb.com/products/rule-1-roar
9092386586842,47134425645274,Rule 1 Roar,product / fruit punch,Pre Workout Stim | Pre workouts | Rule 1,Rule 1 Proteins,30.00,5.00,Pre Workout Stim,35.00,+5.00,16.7%,,True,,https://cdn.shopify.com/s/files/1/0737/7384/2650/files/Copy_of_Untitled_-_2025-11-20T180843.093.png?v=1763654931,https://proteindistrictlb.com/products/rule-1-roar
9092386586842,47134425678042,Rule 1 Roar,product / blue razz,Pre Workout Stim | Pre workouts | Rule 1,Rule 1 Proteins,30.00,5.00,Pre Workout Stim,35.00,+5.00,16.7%,,True,,https://cdn.shopify.com/s/files/1/0737/7384/2650/files/Copy_of_Untitled_-_2025-11-20T180843.093.png?v=1763654931,https://proteindistrictlb.com/products/rule-1-roar
9092386586842,47134421024986,Rule 1 Roar,nutrition facts / peach mango,Pre Workout Stim | Pre workouts | Rule 1,Rule 1 Proteins,30.00,5.00,Pre Workout Stim,35.00,+5.00,16.7%,,True,,https://cdn.shopify.com/s/files/1/0737/7384/2650/files/Copy_of_Untitled_-_2025-11-20T180843.093.png?v=1763654931,https://proteindistrictlb.com/products/rule-1-roar
9092386586842,47134425710810,Rule 1 Roar,nutrition facts / wild grape,Pre Workout Stim | Pre workouts | Rule 1,Rule 1 Proteins,30.00,5.00,Pre Workout Stim,35.00,+5.00,16.7%,,True,,https://cdn.shopify.com/s/files/1/0737/7384/2650/files/Copy_of_Untitled_-_2025-11-20T180843.093.png?v=1763654931,https://proteindistrictlb.com/products/rule-1-roar
9092386586842,47134425743578,Rule 1 Roar,nutrition facts / lemon lime,Pre Workout Stim | Pre workouts | Rule 1,Rule 1 Proteins,30.00,5.00,Pre Workout Stim,35.00,+5.00,16.7%,,True,,https://cdn.shopify.com/s/files/1/0737/7384/2650/files/Copy_of_Untitled_-_2025-11-20T180843.093.png?v=1763654931,https://proteindistrictlb.com/products/rule-1-roar
9092386586842,47134425776346,Rule 1 Roar,nutrition facts / fruit punch,Pre Workout Stim | Pre workouts | Rule 1,Rule 1 Proteins,30.00,5.00,Pre Workout Stim,35.00,+5.00,16.7%,,True,,https://cdn.shopify.com/s/files/1/0737/7384/2650/files/Copy_of_Untitled_-_2025-11-20T180843.093.png?v=1763654931,https://proteindistrictlb.com/products/rule-1-roar
9092386586842,47134425809114,Rule 1 Roar,nutrition facts / blue razz,Pre Workout Stim | Pre workouts | Rule 1,Rule 1 Proteins,30.00,5.00,Pre Workout Stim,35.00,+5.00,16.7%,,True,,https://cdn.shopify.com/s/files/1/0737/7384/2650/files/Copy_of_Untitled_-_2025-11-20T180843.093.png?v=1763654931,https://proteindistrictlb.com/products/rule-1-roar
9088747045082,47125425684698,Rule 1 Creatine Capsules,120 capsules | 30 servings,Creatine | Rule 1 | Unflavored Creatine | creatine capsules | rule 1,Rule 1 Proteins,25.00,5.00,Unflavored Creatine,30.00,+5.00,20.0%,,True,,https://cdn.shopify.com/s/files/1/0737/7384/2650/files/Copy_of_Untitled_62.png?v=1763392709,https://proteindistrictlb.com/products/rule-1-creatine-capsules
9088747045082,47125425717466,Rule 1 Creatine Capsules,nutrition facts,Creatine | Rule 1 | Unflavored Creatine | creatine capsules | rule 1,Rule 1 Proteins,25.00,5.00,Unflavored Creatine,30.00,+5.00,20.0%,,True,,https://cdn.shopify.com/s/files/1/0737/7384/2650/files/Copy_of_Untitled_62.png?v=1763392709,https://proteindistrictlb.com/products/rule-1-creatine-capsules
9088721846490,47125396226266,Rule 1 Burn Capsules,60 capsules | 30 servings,Fat burners | Rule 1 | Thermogenic Fat Burner | rule 1,Rule 1 Proteins,30.00,6.00,Thermogenic Fat Burner,36.00,+6.00,20.0%,,True,,https://cdn.shopify.com/s/files/1/0737/7384/2650/files/Copy_of_Untitled_60.png?v=1763391820,https://proteindistrictlb.com/products/burn-capsules
9088721846490,47125396259034,Rule 1 Burn Capsules,nutrition facts,Fat burners | Rule 1 | Thermogenic Fat Burner | rule 1,Rule 1 Proteins,30.00,6.00,Thermogenic Fat Burner,36.00,+6.00,20.0%,,True,,https://cdn.shopify.com/s/files/1/0737/7384/2650/files/Copy_of_Untitled_60.png?v=1763391820,https://proteindistrictlb.com/products/burn-capsules
9088706150618,47125365522650,Rule 1 Burn Powder,peach mango / 30 servings,Fat burners | Rule 1 | Thermogenic Fat Burner | rule 1,Rule 1 Proteins,30.00,6.00,Thermogenic Fat Burner,36.00,+6.00,20.0%,,True,,https://cdn.shopify.com/s/files/1/0737/7384/2650/files/Copy_of_Untitled_54.png?v=1763391158,https://proteindistrictlb.com/products/burn
9088706150618,47125365555418,Rule 1 Burn Powder,peach mango / nutrition facts,Fat burners | Rule 1 | Thermogenic Fat Burner | rule 1,Rule 1 Proteins,30.00,6.00,Thermogenic Fat Burner,36.00,+6.00,20.0%,,True,,https://cdn.shopify.com/s/files/1/0737/7384/2650/files/Copy_of_Untitled_54.png?v=1763391158,https://proteindistrictlb.com/products/burn
9088706150618,47125365588186,Rule 1 Burn Powder,snow cone / 30 servings,Fat burners | Rule 1 | Thermogenic Fat Burner | rule 1,Rule 1 Proteins,30.00,6.00,Thermogenic Fat Burner,36.00,+6.00,20.0%,,True,,https://cdn.shopify.com/s/files/1/0737/7384/2650/files/Copy_of_Untitled_54.png?v=1763391158,https://proteindistrictlb.com/products/burn
9088706150618,47125365620954,Rule 1 Burn Powder,snow cone / nutrition facts,Fat burners | Rule 1 | Thermogenic Fat Burner | rule 1,Rule 1 Proteins,30.00,6.00,Thermogenic Fat Burner,36.00,+6.00,20.0%,,True,,https://cdn.shopify.com/s/files/1/0737/7384/2650/files/Copy_of_Untitled_54.png?v=1763391158,https://proteindistrictlb.com/products/burn
9088706150618,47125365653722,Rule 1 Burn Powder,watermelon / 30 servings,Fat burners | Rule 1 | Thermogenic Fat Burner | rule 1,Rule 1 Proteins,30.00,6.00,Thermogenic Fat Burner,36.00,+6.00,20.0%,,True,,https://cdn.shopify.com/s/files/1/0737/7384/2650/files/Copy_of_Untitled_54.png?v=1763391158,https://proteindistrictlb.com/products/burn
9088706150618,47125365686490,Rule 1 Burn Powder,watermelon / nutrition facts,Fat burners | Rule 1 | Thermogenic Fat Burner | rule 1,Rule 1 Proteins,30.00,6.00,Thermogenic Fat Burner,36.00,+6.00,20.0%,,True,,https://cdn.shopify.com/s/files/1/0737/7384/2650/files/Copy_of_Untitled_54.png?v=1763391158,https://proteindistrictlb.com/products/burn
9088660242650,47125265842394,Rule 1 Lean Powder,blue razz lemonade / 30 servings,Fat burners | Rule 1 | fat burner non stim | rule 1,Rule 1 Proteins,30.00,6.00,Fat burners,36.00,+6.00,20.0%,,True,,https://cdn.shopify.com/s/files/1/0737/7384/2650/files/Copy_of_Untitled_51.png?v=1763389664,https://proteindistrictlb.com/products/lean-powder
9088660242650,47125265875162,Rule 1 Lean Powder,blue razz lemonade / nutrition facts,Fat burners | Rule 1 | fat burner non stim | rule 1,Rule 1 Proteins,30.00,6.00,Fat burners,36.00,+6.00,20.0%,,True,,https://cdn.shopify.com/s/files/1/0737/7384/2650/files/Copy_of_Untitled_51.png?v=1763389664,https://proteindistrictlb.com/products/lean-powder
9088660242650,47125265907930,Rule 1 Lean Powder,mandarin mango / 30 servings,Fat burners | Rule 1 | fat burner non stim | rule 1,Rule 1 Proteins,30.00,6.00,Fat burners,36.00,+6.00,20.0%,,True,,https://cdn.shopify.com/s/files/1/0737/7384/2650/files/Copy_of_Untitled_51.png?v=1763389664,https://proteindistrictlb.com/products/lean-powder
9088660242650,47125265940698,Rule 1 Lean Powder,mandarin mango / nutrition facts,Fat burners | Rule 1 | fat burner non stim | rule 1,Rule 1 Proteins,30.00,6.00,Fat burners,36.00,+6.00,20.0%,,True,,https://cdn.shopify.com/s/files/1/0737/7384/2650/files/Copy_of_Untitled_51.png?v=1763389664,https://proteindistrictlb.com/products/lean-powder
9088660242650,47125265973466,Rule 1 Lean Powder,pineapple passion fruits / 30 servings,Fat burners | Rule 1 | fat burner non stim | rule 1,Rule 1 Proteins,30.00,6.00,Fat burners,36.00,+6.00,20.0%,,True,,https://cdn.shopify.com/s/files/1/0737/7384/2650/files/Copy_of_Untitled_51.png?v=1763389664,https://proteindistrictlb.com/products/lean-powder
9088660242650,47125266006234,Rule 1 Lean Powder,pineapple passion fruits / nutrition facts,Fat burners | Rule 1 | fat burner non stim | rule 1,Rule 1 Proteins,30.00,6.00,Fat burners,36.00,+6.00,20.0%,,True,,https://cdn.shopify.com/s/files/1/0737/7384/2650/files/Copy_of_Untitled_51.png?v=1763389664,https://proteindistrictlb.com/products/lean-powder
9088564068570,47125145321690,Rule 1 Fruits & Greens,mixed berries / 30 servings,Multi Vitamin | Rule 1 | Vitamins,Rule 1 Proteins,35.00,5.00,Multi Vitamin,40.00,+5.00,14.3%,,True,,https://cdn.shopify.com/s/files/1/0737/7384/2650/files/CopyofUntitled_45_6f94915d-6444-437a-a9e9-2eb312633591.png?v=1763386962,https://proteindistrictlb.com/products/fruits-greens
9088564068570,47125145354458,Rule 1 Fruits & Greens,mixed berries / nutrition facts,Multi Vitamin | Rule 1 | Vitamins,Rule 1 Proteins,35.00,5.00,Multi Vitamin,40.00,+5.00,14.3%,,True,,https://cdn.shopify.com/s/files/1/0737/7384/2650/files/CopyofUntitled_45_6f94915d-6444-437a-a9e9-2eb312633591.png?v=1763386962,https://proteindistrictlb.com/products/fruits-greens
9037126729946,46943054790874,Rule 1 Vegan Protein,chocolate / 20 servings,Rule 1 | Vegan | Whey protein,Rule 1 Proteins,40.00,5.00,Whey protein,45.00,+5.00,12.5%,,True,,https://cdn.shopify.com/s/files/1/0737/7384/2650/files/CopyofUntitledDesign-2025-10-02T133904.102.png?v=1759401553,https://proteindistrictlb.com/products/rule-1-vegan-protein
9037126729946,46943054823642,Rule 1 Vegan Protein,chocolate / nutrition facts,Rule 1 | Vegan | Whey protein,Rule 1 Proteins,40.00,5.00,Whey protein,45.00,+5.00,12.5%,,True,,https://cdn.shopify.com/s/files/1/0737/7384/2650/files/CopyofUntitledDesign-2025-10-02T133904.102.png?v=1759401553,https://proteindistrictlb.com/products/rule-1-vegan-protein
9037126729946,46943054856410,Rule 1 Vegan Protein,vanilla / 20 servings,Rule 1 | Vegan | Whey protein,Rule 1 Proteins,40.00,5.00,Whey protein,45.00,+5.00,12.5%,,True,,https://cdn.shopify.com/s/files/1/0737/7384/2650/files/CopyofUntitledDesign-2025-10-02T133904.102.png?v=1759401553,https://proteindistrictlb.com/products/rule-1-vegan-protein
9037126729946,46943054889178,Rule 1 Vegan Protein,vanilla / nutrition facts,Rule 1 | Vegan | Whey protein,Rule 1 Proteins,40.00,5.00,Whey protein,45.00,+5.00,12.5%,,True,,https://cdn.shopify.com/s/files/1/0737/7384/2650/files/CopyofUntitledDesign-2025-10-02T133904.102.png?v=1759401553,https://proteindistrictlb.com/products/rule-1-vegan-protein
9037034356954,46942953767130,Nutrex Vitrix,60 caps,Complex Testo Booster | Testo booster,Nutrex Research,25.00,6.00,Complex Testo Booster,31.00,+6.00,24.0%,,True,,https://cdn.shopify.com/s/files/1/0737/7384/2650/files/Copy_of_Untitled_6_283b7c9f-c657-4376-8ae8-43df8b065eea.png?v=1763120074,https://proteindistrictlb.com/products/nutrex-vitrix
9037034356954,46942953799898,Nutrex Vitrix,nutrition facts,Complex Testo Booster | Testo booster,Nutrex Research,25.00,6.00,Complex Testo Booster,31.00,+6.00,24.0%,,True,,https://cdn.shopify.com/s/files/1/0737/7384/2650/files/Copy_of_Untitled_6_283b7c9f-c657-4376-8ae8-43df8b065eea.png?v=1763120074,https://proteindistrictlb.com/products/nutrex-vitrix
9034921771226,46939152285914,Nutrex Anabol NightTime,60 tablets,Complex Testo Booster | Testo booster,Nutrex Research,35.00,6.00,Complex Testo Booster,41.00,+6.00,17.1%,,True,,https://cdn.shopify.com/s/files/1/0737/7384/2650/files/CopyofUntitledDesign-2025-10-01T172841.677.png?v=1759328941,https://proteindistrictlb.com/products/anabol-night-time
9034921771226,46939152318682,Nutrex Anabol NightTime,nutrition facts,Complex Testo Booster | Testo booster,Nutrex Research,35.00,6.00,Complex Testo Booster,41.00,+6.00,17.1%,,True,,https://cdn.shopify.com/s/files/1/0737/7384/2650/files/CopyofUntitledDesign-2025-10-01T172841.677.png?v=1759328941,https://proteindistrictlb.com/products/anabol-night-time
9034920689882,46939142127834,EFX Karbolyne,39 servings,Carbs | Carbs complex powder,EFX,50.00,3.00,Carbs complex powder,53.00,+3.00,6.0%,,True,,https://cdn.shopify.com/s/files/1/0737/7384/2650/files/Copy_of_Untitled_8_89cc783d-f95e-4fa0-b6cb-028d6c2f33f9.png?v=1763120775,https://proteindistrictlb.com/products/efx-karbolyne
9034920689882,46939142160602,EFX Karbolyne,nutrition facts,Carbs | Carbs complex powder,EFX,50.00,3.00,Carbs complex powder,53.00,+3.00,6.0%,,True,,https://cdn.shopify.com/s/files/1/0737/7384/2650/files/Copy_of_Untitled_8_89cc783d-f95e-4fa0-b6cb-028d6c2f33f9.png?v=1763120775,https://proteindistrictlb.com/products/efx-karbolyne
9034915610842,46939117715674,Applied Nutrition Creatine Flavored,250 g blue raspberry,Creatine | Flavored Creatine,Applied Nutrition,25.00,5.00,Flavored Creatine,30.00,+5.00,20.0%,,True,,https://cdn.shopify.com/s/files/1/0737/7384/2650/files/CopyofUntitledDesign-2025-10-01T171658.188.png?v=1759328226,https://proteindistrictlb.com/products/applied-creatine-flavored
9034915610842,46939117748442,Applied Nutrition Creatine Flavored,nutrition facts,Creatine | Flavored Creatine,Applied Nutrition,25.00,5.00,Flavored Creatine,30.00,+5.00,20.0%,,True,,https://cdn.shopify.com/s/files/1/0737/7384/2650/files/CopyofUntitledDesign-2025-10-01T171658.188.png?v=1759328226,https://proteindistrictlb.com/products/applied-creatine-flavored
9034911121626,46939094384858,MuscleTech Amino Build,Strawberry Watermelon,Amino Acid Complex Powder | Amino acids,MuscleTech Amino,40.00,4.00,Amino Acid Complex Powder,44.00,+4.00,10.0%,,True,,https://cdn.shopify.com/s/files/1/0737/7384/2650/files/Copy_of_Untitled_10.png?v=1763121648,https://proteindistrictlb.com/products/amino-build-muscle-tech
9034911121626,46939094417626,MuscleTech Amino Build,nutrition facts,Amino Acid Complex Powder | Amino acids,MuscleTech Amino,40.00,4.00,Amino Acid Complex Powder,44.00,+4.00,10.0%,,True,,https://cdn.shopify.com/s/files/1/0737/7384/2650/files/Copy_of_Untitled_10.png?v=1763121648,https://proteindistrictlb.com/products/amino-build-muscle-tech
9034891460826,46939061944538,Muscle Meds Carnivor Mass,10.4 lbs,Mass gainers,MuscleMeds,85.00,6.00,Mass gainers,91.00,+6.00,7.1%,,True,,https://cdn.shopify.com/s/files/1/0737/7384/2650/files/CopyofUntitledDesign-2025-10-01T165902.426.png?v=1759327150,https://proteindistrictlb.com/products/muscle-meds-carnivor-mass
9034891460826,46939061977306,Muscle Meds Carnivor Mass,nutrition facts,Mass gainers,MuscleMeds,85.00,6.00,Mass gainers,91.00,+6.00,7.1%,,True,,https://cdn.shopify.com/s/files/1/0737/7384/2650/files/CopyofUntitledDesign-2025-10-01T165902.426.png?v=1759327150,https://proteindistrictlb.com/products/muscle-meds-carnivor-mass
9034890969306,46939060469978,Weider Mega Mass,3 kg / Chocolate,Mass gainers,Weider,70.00,6.00,Mass gainers,76.00,+6.00,8.6%,,True,,https://cdn.shopify.com/s/files/1/0737/7384/2650/files/Copy_of_Untitled_3_7776a2bb-39d3-4895-b933-048eb5bc9d42.png?v=1763117840,https://proteindistrictlb.com/products/weider-mega-mass
9034890969306,47115697750234,Weider Mega Mass,3 kg / Vanilla,Mass gainers,Weider,70.00,6.00,Mass gainers,76.00,+6.00,8.6%,,True,,https://cdn.shopify.com/s/files/1/0737/7384/2650/files/Copy_of_Untitled_3_7776a2bb-39d3-4895-b933-048eb5bc9d42.png?v=1763117840,https://proteindistrictlb.com/products/weider-mega-mass
9034890969306,47115697783002,Weider Mega Mass,3 kg / strawberry,Mass gainers,Weider,70.00,6.00,Mass gainers,76.00,+6.00,8.6%,,True,,https://cdn.shopify.com/s/files/1/0737/7384/2650/files/Copy_of_Untitled_3_7776a2bb-39d3-4895-b933-048eb5bc9d42.png?v=1763117840,https://proteindistrictlb.com/products/weider-mega-mass
9034890969306,46939060502746,Weider Mega Mass,nutrition facts / Chocolate,Mass gainers,Weider,70.00,6.00,Mass gainers,76.00,+6.00,8.6%,,True,,https://cdn.shopify.com/s/files/1/0737/7384/2650/files/Copy_of_Untitled_3_7776a2bb-39d3-4895-b933-048eb5bc9d42.png?v=1763117840,https://proteindistrictlb.com/products/weider-mega-mass
9034890969306,47115697815770,Weider Mega Mass,nutrition facts / Vanilla,Mass gainers,Weider,70.00,6.00,Mass gainers,76.00,+6.00,8.6%,,True,,https://cdn.shopify.com/s/files/1/0737/7384/2650/files/Copy_of_Untitled_3_7776a2bb-39d3-4895-b933-048eb5bc9d42.png?v=1763117840,https://proteindistrictlb.com/products/weider-mega-mass
9034890969306,47115697848538,Weider Mega Mass,nutrition facts / strawberry,Mass gainers,Weider,70.00,6.00,Mass gainers,76.00,+6.00,8.6%,,True,,https://cdn.shopify.com/s/files/1/0737/7384/2650/files/Copy_of_Untitled_3_7776a2bb-39d3-4895-b933-048eb5bc9d42.png?v=1763117840,https://proteindistrictlb.com/products/weider-mega-mass
9034888872154,46939052638426,Now Vitamin D3,240 softgels,Multi Vitamin | Vitamin D | Vitamins,NOW Foods,50.00,5.00,Multi Vitamin,55.00,+5.00,10.0%,,True,,https://cdn.shopify.com/s/files/1/0737/7384/2650/files/CopyofUntitledDesign-2025-10-01T163942.323.png?v=1759325990,https://proteindistrictlb.com/products/now-vitamin-d3
9034888872154,46939052671194,Now Vitamin D3,nutrition facts,Multi Vitamin | Vitamin D | Vitamins,NOW Foods,50.00,5.00,Multi Vitamin,55.00,+5.00,10.0%,,True,,https://cdn.shopify.com/s/files/1/0737/7384/2650/files/CopyofUntitledDesign-2025-10-01T163942.323.png?v=1759325990,https://proteindistrictlb.com/products/now-vitamin-d3
9034882515162,46939033600218,Nutricost Magnesium Taurate,240 caps,Magnesium | Minerals,Nutricost,48.00,5.00,Magnesium,53.00,+5.00,10.4%,,True,,https://cdn.shopify.com/s/files/1/0737/7384/2650/files/CopyofUntitledDesign-2025-10-01T161833.662.png?v=1759324721,https://proteindistrictlb.com/products/nutricost-manesium-taurate
9034882515162,46939033632986,Nutricost Magnesium Taurate,nutrition facts,Magnesium | Minerals,Nutricost,48.00,5.00,Magnesium,53.00,+5.00,10.4%,,True,,https://cdn.shopify.com/s/files/1/0737/7384/2650/files/CopyofUntitledDesign-2025-10-01T161833.662.png?v=1759324721,https://proteindistrictlb.com/products/nutricost-manesium-taurate
9034878714074,46939021836506,Nutricost Zinc Carnosine,120 capsules,Minerals | Zinc | Zmb,Nutricost,45.00,5.00,Minerals,50.00,+5.00,11.1%,,True,,https://cdn.shopify.com/s/files/1/0737/7384/2650/files/CopyofUntitledDesign-2025-10-01T160423.395.png?v=1759323885,https://proteindistrictlb.com/products/nutricost-zinc-carnosine
9034878714074,46939021869274,Nutricost Zinc Carnosine,nutrition facts,Minerals | Zinc | Zmb,Nutricost,45.00,5.00,Minerals,50.00,+5.00,11.1%,,True,,https://cdn.shopify.com/s/files/1/0737/7384/2650/files/CopyofUntitledDesign-2025-10-01T160423.395.png?v=1759323885,https://proteindistrictlb.com/products/nutricost-zinc-carnosine
9034874945754,46939005026522,Force Factor Taurine,180 caps,Multi Vitamin | Vitamins,Force Factor,40.00,5.00,Multi Vitamin,45.00,+5.00,12.5%,,True,,https://cdn.shopify.com/s/files/1/0737/7384/2650/files/CopyofUntitledDesign-2025-10-01T155856.033.png?v=1759323548,https://proteindistrictlb.com/products/force-factor-taurine
9034874945754,46939005059290,Force Factor Taurine,nutrition facts,Multi Vitamin | Vitamins,Force Factor,40.00,5.00,Multi Vitamin,45.00,+5.00,12.5%,,True,,https://cdn.shopify.com/s/files/1/0737/7384/2650/files/CopyofUntitledDesign-2025-10-01T155856.033.png?v=1759323548,https://proteindistrictlb.com/products/force-factor-taurine
9034874552538,46939002896602,Neocell Collagen,270 caps,Collagen,Neocell,60.00,5.00,Collagen,65.00,+5.00,8.3%,,True,,https://cdn.shopify.com/s/files/1/0737/7384/2650/files/CopyofUntitledDesign-2025-10-01T154611.488.png?v=1759322781,https://proteindistrictlb.com/products/neocell-collagen
9034874552538,46939002929370,Neocell Collagen,nutrition facts,Collagen,Neocell,60.00,5.00,Collagen,65.00,+5.00,8.3%,,True,,https://cdn.shopify.com/s/files/1/0737/7384/2650/files/CopyofUntitledDesign-2025-10-01T154611.488.png?v=1759322781,https://proteindistrictlb.com/products/neocell-collagen
9034872422618,46938994245850,Ghost Drink,473 ml,Pre Workout Stim | Pre workouts | Snacks,Ghost,5.00,5.00,Pre Workout Stim,6.50,+1.50,30.0%,yes,True,,https://cdn.shopify.com/s/files/1/0737/7384/2650/files/Copy_of_Untitled_79_c9eb05e3-f988-4137-b9ca-5fe3999d27c2.png?v=1763472085,https://proteindistrictlb.com/products/ghost-drink
9034872422618,46938994278618,Ghost Drink,nutrition facts,Pre Workout Stim | Pre workouts | Snacks,Ghost,5.00,5.00,Pre Workout Stim,6.50,+1.50,30.0%,yes,True,,https://cdn.shopify.com/s/files/1/0737/7384/2650/files/Copy_of_Untitled_79_c9eb05e3-f988-4137-b9ca-5fe3999d27c2.png?v=1763472085,https://proteindistrictlb.com/products/ghost-drink
9034858954970,46938926055642,Rule 1 Clear Iso Whey,peach mango,Isolate | Rule 1 | Whey protein,Rule 1 Proteins,55.00,5.00,Whey protein,60.00,+5.00,9.1%,,True,,https://cdn.shopify.com/s/files/1/0737/7384/2650/files/CopyofUntitledDesign-2025-10-01T142519.410.png?v=1759317935,https://proteindistrictlb.com/products/clear-iso-whey-rule-1
9034858954970,46938926088410,Rule 1 Clear Iso Whey,nutrition facts peach mango,Isolate | Rule 1 | Whey protein,Rule 1 Proteins,55.00,5.00,Whey protein,60.00,+5.00,9.1%,,True,,https://cdn.shopify.com/s/files/1/0737/7384/2650/files/CopyofUntitledDesign-2025-10-01T142519.410.png?v=1759317935,https://proteindistrictlb.com/products/clear-iso-whey-rule-1
9034858954970,46938926121178,Rule 1 Clear Iso Whey,cherry limeade,Isolate | Rule 1 | Whey protein,Rule 1 Proteins,55.00,5.00,Whey protein,60.00,+5.00,9.1%,,True,,https://cdn.shopify.com/s/files/1/0737/7384/2650/files/CopyofUntitledDesign-2025-10-01T142519.410.png?v=1759317935,https://proteindistrictlb.com/products/clear-iso-whey-rule-1
9034858954970,46938926153946,Rule 1 Clear Iso Whey,nutrition facts cherry limeade,Isolate | Rule 1 | Whey protein,Rule 1 Proteins,55.00,5.00,Whey protein,60.00,+5.00,9.1%,,True,,https://cdn.shopify.com/s/files/1/0737/7384/2650/files/CopyofUntitledDesign-2025-10-01T142519.410.png?v=1759317935,https://proteindistrictlb.com/products/clear-iso-whey-rule-1
9034858954970,47128315166938,Rule 1 Clear Iso Whey,strawberry Lemonade,Isolate | Rule 1 | Whey protein,Rule 1 Proteins,55.00,5.00,Whey protein,60.00,+5.00,9.1%,,True,,https://cdn.shopify.com/s/files/1/0737/7384/2650/files/CopyofUntitledDesign-2025-10-01T142519.410.png?v=1759317935,https://proteindistrictlb.com/products/clear-iso-whey-rule-1
9034858954970,47128315199706,Rule 1 Clear Iso Whey,nutrition facts strawberry Lemonade,Isolate | Rule 1 | Whey protein,Rule 1 Proteins,55.00,5.00,Whey protein,60.00,+5.00,9.1%,,True,,https://cdn.shopify.com/s/files/1/0737/7384/2650/files/CopyofUntitledDesign-2025-10-01T142519.410.png?v=1759317935,https://proteindistrictlb.com/products/clear-iso-whey-rule-1
9022074126554,46867028443354,Nutricost Tart Cherry 3000mg 240',size,Vitamins,Nutricost,45.00,5.00,Vitamins,50.00,+5.00,11.1%,,True,,https://cdn.shopify.com/s/files/1/0737/7384/2650/files/CopyofUntitled_24.png?v=1757947952,https://proteindistrictlb.com/products/tart-cherry-3000mg-240-nutricost
9022074126554,46867028476122,Nutricost Tart Cherry 3000mg 240',nutrition facts,Vitamins,Nutricost,45.00,5.00,Vitamins,50.00,+5.00,11.1%,,True,,https://cdn.shopify.com/s/files/1/0737/7384/2650/files/CopyofUntitled_24.png?v=1757947952,https://proteindistrictlb.com/products/tart-cherry-3000mg-240-nutricost
9022073405658,46866970181850,Vitamatic Akkermansia 60',size,Vitamins,Vitamatic,49.00,5.00,Vitamins,54.00,+5.00,10.2%,,True,,https://cdn.shopify.com/s/files/1/0737/7384/2650/files/CopyofUntitled_22.png?v=1757947676,https://proteindistrictlb.com/products/akkermansia-60-vitamatic
9022073405658,46866970214618,Vitamatic Akkermansia 60',nutrition facts,Vitamins,Vitamatic,49.00,5.00,Vitamins,54.00,+5.00,10.2%,,True,,https://cdn.shopify.com/s/files/1/0737/7384/2650/files/CopyofUntitled_22.png?v=1757947676,https://proteindistrictlb.com/products/akkermansia-60-vitamatic
9022054007002,46865209721050,Vitamin C  NOW,size,Vitamins,Vitamin C,40.00,5.00,Vitamins,45.00,+5.00,12.5%,,True,,https://cdn.shopify.com/s/files/1/0737/7384/2650/files/CopyofUntitled_20.png?v=1757947461,https://proteindistrictlb.com/products/vitamin-c-now
9022054007002,46865209753818,Vitamin C  NOW,nutrition facts,Vitamins,Vitamin C,40.00,5.00,Vitamins,45.00,+5.00,12.5%,,True,,https://cdn.shopify.com/s/files/1/0737/7384/2650/files/CopyofUntitled_20.png?v=1757947461,https://proteindistrictlb.com/products/vitamin-c-now
9022041719002,46864285630682,Nutricost Mucuna Pruriens Powder 500mg 500',size,Vitamins,Nutricost,84.00,5.00,Vitamins,89.00,+5.00,6.0%,,True,,https://cdn.shopify.com/s/files/1/0737/7384/2650/files/CopyofUntitled_18.png?v=1757946233,https://proteindistrictlb.com/products/mucuna-pruriens-powder-500mg-500-nutricost
9022041719002,46864285663450,Nutricost Mucuna Pruriens Powder 500mg 500',nutrition facts,Vitamins,Nutricost,84.00,5.00,Vitamins,89.00,+5.00,6.0%,,True,,https://cdn.shopify.com/s/files/1/0737/7384/2650/files/CopyofUntitled_18.png?v=1757946233,https://proteindistrictlb.com/products/mucuna-pruriens-powder-500mg-500-nutricost
9022040408282,46864273670362,DaVinci Selenium Citrate,size,Vitamins,DaVinci Selenium,38.00,5.00,Vitamins,43.00,+5.00,13.2%,,True,,https://cdn.shopify.com/s/files/1/0737/7384/2650/files/CopyofUntitled_16.png?v=1757945467,https://proteindistrictlb.com/products/selenium-citrate-200mcg-60-davinci
9022040408282,46864273703130,DaVinci Selenium Citrate,facts,Vitamins,DaVinci Selenium,38.00,5.00,Vitamins,43.00,+5.00,13.2%,,True,,https://cdn.shopify.com/s/files/1/0737/7384/2650/files/CopyofUntitled_16.png?v=1757945467,https://proteindistrictlb.com/products/selenium-citrate-200mcg-60-davinci
9022038147290,46864260759770,Swanson Barley Grass Powder,size,Vitamins,Swanson,46.00,5.00,Vitamins,51.00,+5.00,10.9%,,True,,https://cdn.shopify.com/s/files/1/0737/7384/2650/files/1.png?v=1757945227,https://proteindistrictlb.com/products/barley-grass-powder-swanson
9022038147290,46864260792538,Swanson Barley Grass Powder,facts,Vitamins,Swanson,46.00,5.00,Vitamins,51.00,+5.00,10.9%,,True,,https://cdn.shopify.com/s/files/1/0737/7384/2650/files/1.png?v=1757945227,https://proteindistrictlb.com/products/barley-grass-powder-swanson
9022037098714,46864232186074,Neem Leaf Theraneem Naturals,480mg 120 caps,Vitamins,Neem Leaf,43.00,5.00,Vitamins,48.00,+5.00,11.6%,,True,,https://cdn.shopify.com/s/files/1/0737/7384/2650/files/Copy_of_Untitled_14.png?v=1757944909,https://proteindistrictlb.com/products/neem-leaf-theraneem-naturals
9022037098714,46864232218842,Neem Leaf Theraneem Naturals,nutrition facts,Vitamins,Neem Leaf,43.00,5.00,Vitamins,48.00,+5.00,11.6%,,True,,https://cdn.shopify.com/s/files/1/0737/7384/2650/files/Copy_of_Untitled_14.png?v=1757944909,https://proteindistrictlb.com/products/neem-leaf-theraneem-naturals
9022032445658,46864207446234,Swanson Black Radish,500mg 60 capsules,Vitamins,Swanson,36.00,5.00,Vitamins,41.00,+5.00,13.9%,,True,,https://cdn.shopify.com/s/files/1/0737/7384/2650/files/Copy_of_Untitled_12.png?v=1757944539,https://proteindistrictlb.com/products/black-radish-swanson
9022032445658,46864207479002,Swanson Black Radish,nutrition facts,Vitamins,Swanson,36.00,5.00,Vitamins,41.00,+5.00,13.9%,,True,,https://cdn.shopify.com/s/files/1/0737/7384/2650/files/Copy_of_Untitled_12.png?v=1757944539,https://proteindistrictlb.com/products/black-radish-swanson
9022031102170,46864197288154,Nutricost Hawthorn 550mg 240',550mg 240 capsules,Vitamins,Nutricost,47.00,5.00,Vitamins,52.00,+5.00,10.6%,,True,,https://cdn.shopify.com/s/files/1/0737/7384/2650/files/CopyofUntitled_10.png?v=1757943969,https://proteindistrictlb.com/products/hawthorn-550mg-240-nutricost
9022031102170,46864197320922,Nutricost Hawthorn 550mg 240',nutrition facts,Vitamins,Nutricost,47.00,5.00,Vitamins,52.00,+5.00,10.6%,,True,,https://cdn.shopify.com/s/files/1/0737/7384/2650/files/CopyofUntitled_10.png?v=1757943969,https://proteindistrictlb.com/products/hawthorn-550mg-240-nutricost
8999769014490,46785161232602,Nutrex L_Arginine,120 caps,Amino acid pills | Amino acids | Arginine,Nutrex Research,25.00,4.00,Amino acid pills,29.00,+4.00,16.0%,,True,,https://cdn.shopify.com/s/files/1/0737/7384/2650/files/CopyofUntitledDesign-2025-08-16T181957.980.png?v=1755357608,https://proteindistrictlb.com/products/l-arginine-nutrex
8999769014490,46785161265370,Nutrex L_Arginine,nutrition facts,Amino acid pills | Amino acids | Arginine,Nutrex Research,25.00,4.00,Amino acid pills,29.00,+4.00,16.0%,,True,,https://cdn.shopify.com/s/files/1/0737/7384/2650/files/CopyofUntitledDesign-2025-08-16T181957.980.png?v=1755357608,https://proteindistrictlb.com/products/l-arginine-nutrex
8999766819034,46785154351322,Suda Vitamin Berberine Plus,30 caps,Berberine | Fat burners,Suda Vitamin,30.00,6.00,Fat burners,36.00,+6.00,20.0%,,True,,https://cdn.shopify.com/s/files/1/0737/7384/2650/files/CopyofUntitledDesign-2025-08-16T181454.191.png?v=1755357303,https://proteindistrictlb.com/products/berberine-plus-suda-vitamin
8999766819034,46785154384090,Suda Vitamin Berberine Plus,nutrition facts,Berberine | Fat burners,Suda Vitamin,30.00,6.00,Fat burners,36.00,+6.00,20.0%,,True,,https://cdn.shopify.com/s/files/1/0737/7384/2650/files/CopyofUntitledDesign-2025-08-16T181454.191.png?v=1755357303,https://proteindistrictlb.com/products/berberine-plus-suda-vitamin
8999764820186,46785144160474,Biotech Beta Alanine,90 caps,Beta Alanine | Pre workouts,BioTechUSA,30.00,5.00,Pre workouts,35.00,+5.00,16.7%,,True,,https://cdn.shopify.com/s/files/1/0737/7384/2650/files/CopyofUntitledDesign-2025-08-16T180501.097.png?v=1755356710,https://proteindistrictlb.com/products/beta-alanine-biotech
8999764820186,46785144193242,Biotech Beta Alanine,nutrition facts,Beta Alanine | Pre workouts,BioTechUSA,30.00,5.00,Pre workouts,35.00,+5.00,16.7%,,True,,https://cdn.shopify.com/s/files/1/0737/7384/2650/files/CopyofUntitledDesign-2025-08-16T180501.097.png?v=1755356710,https://proteindistrictlb.com/products/beta-alanine-biotech
8999762952410,46785142620378,Now Liposomal Vitamin C,120 caps,Vitamin C | Vitamins,NOW Foods,45.00,5.00,Vitamin C,50.00,+5.00,11.1%,,True,,https://cdn.shopify.com/s/files/1/0737/7384/2650/files/CopyofUntitledDesign-2025-08-16T175927.355.png?v=1755356375,https://proteindistrictlb.com/products/liposomal-vitamin-c-now
8999762952410,46785142653146,Now Liposomal Vitamin C,nutrition facts,Vitamin C | Vitamins,NOW Foods,45.00,5.00,Vitamin C,50.00,+5.00,11.1%,,True,,https://cdn.shopify.com/s/files/1/0737/7384/2650/files/CopyofUntitledDesign-2025-08-16T175927.355.png?v=1755356375,https://proteindistrictlb.com/products/liposomal-vitamin-c-now
8999758889178,46785141342426,C4 Original,30 servings / icy blue razz,Pre Workout Stim | Pre workouts,C4,35.00,5.00,Pre Workout Stim,40.00,+5.00,14.3%,,True,,https://cdn.shopify.com/s/files/1/0737/7384/2650/files/Copy_of_Untitled_11_fde7bf70-9f67-468b-955d-73a169286bdf.png?v=1763126064,https://proteindistrictlb.com/products/c4-original
8999758889178,47115874599130,C4 Original,30 servings / grape,Pre Workout Stim | Pre workouts,C4,35.00,5.00,Pre Workout Stim,40.00,+5.00,14.3%,,True,,https://cdn.shopify.com/s/files/1/0737/7384/2650/files/Copy_of_Untitled_11_fde7bf70-9f67-468b-955d-73a169286bdf.png?v=1763126064,https://proteindistrictlb.com/products/c4-original
8999758889178,46785141375194,C4 Original,nutrition facts / icy blue razz,Pre Workout Stim | Pre workouts,C4,35.00,5.00,Pre Workout Stim,40.00,+5.00,14.3%,,True,,https://cdn.shopify.com/s/files/1/0737/7384/2650/files/Copy_of_Untitled_11_fde7bf70-9f67-468b-955d-73a169286bdf.png?v=1763126064,https://proteindistrictlb.com/products/c4-original
8999758889178,47115874631898,C4 Original,nutrition facts / grape,Pre Workout Stim | Pre workouts,C4,35.00,5.00,Pre Workout Stim,40.00,+5.00,14.3%,,True,,https://cdn.shopify.com/s/files/1/0737/7384/2650/files/Copy_of_Untitled_11_fde7bf70-9f67-468b-955d-73a169286bdf.png?v=1763126064,https://proteindistrictlb.com/products/c4-original
8999755055322,46785140621530,ABE Ultimate Pre Workouts,30 servings,Pre Workout Stim | Pre workouts,ABE Ultimate,35.00,5.00,Pre Workout Stim,40.00,+5.00,14.3%,,True,,https://cdn.shopify.com/s/files/1/0737/7384/2650/files/CopyofUntitledDesign_99.png?v=1755355632,https://proteindistrictlb.com/products/abe-ultimate-pre-workouts
8999755055322,46785140654298,ABE Ultimate Pre Workouts,nutrition facts,Pre Workout Stim | Pre workouts,ABE Ultimate,35.00,5.00,Pre Workout Stim,40.00,+5.00,14.3%,,True,,https://cdn.shopify.com/s/files/1/0737/7384/2650/files/CopyofUntitledDesign_99.png?v=1755355632,https://proteindistrictlb.com/products/abe-ultimate-pre-workouts
8999741161690,46785110311130,Nutrex Glutamine Pure,60 servings,Amino acids | Glutamine,Nutrex Research,30.00,4.00,Amino acids,34.00,+4.00,13.3%,,True,,https://cdn.shopify.com/s/files/1/0737/7384/2650/files/CopyofUntitledDesign_97.png?v=1755354741,https://proteindistrictlb.com/products/l-glutamine-pure-nutrex
8999741161690,46785110343898,Nutrex Glutamine Pure,nutrition facts,Amino acids | Glutamine,Nutrex Research,30.00,4.00,Amino acids,34.00,+4.00,13.3%,,True,,https://cdn.shopify.com/s/files/1/0737/7384/2650/files/CopyofUntitledDesign_97.png?v=1755354741,https://proteindistrictlb.com/products/l-glutamine-pure-nutrex
8999733690586,46785090912474,Applied Nutrition Creatine Gummies,80 Chewable Gummies,Creatine | gummies creatine,Applied Nutrition,30.00,5.00,gummies creatine,35.00,+5.00,16.7%,,True,,https://cdn.shopify.com/s/files/1/0737/7384/2650/files/CopyofUntitledDesign_95.png?v=1755354479,https://proteindistrictlb.com/products/creatine-gummies-applied-nutrition
8999733690586,46785090945242,Applied Nutrition Creatine Gummies,nutrition facts,Creatine | gummies creatine,Applied Nutrition,30.00,5.00,gummies creatine,35.00,+5.00,16.7%,,True,,https://cdn.shopify.com/s/files/1/0737/7384/2650/files/CopyofUntitledDesign_95.png?v=1755354479,https://proteindistrictlb.com/products/creatine-gummies-applied-nutrition
8999729561818,46785075183834,EVL Alphamode Testo Booster,60 tablets,Testo booster | Vitamins,EVL Alphamode,35.00,6.00,Testo booster,41.00,+6.00,17.1%,,True,,https://cdn.shopify.com/s/files/1/0737/7384/2650/files/CopyofUntitledDesign_93.png?v=1755354225,https://proteindistrictlb.com/products/alphamod-testo-booster-evl
8999729561818,46785075216602,EVL Alphamode Testo Booster,nutrition facts,Testo booster | Vitamins,EVL Alphamode,35.00,6.00,Testo booster,41.00,+6.00,17.1%,,True,,https://cdn.shopify.com/s/files/1/0737/7384/2650/files/CopyofUntitledDesign_93.png?v=1755354225,https://proteindistrictlb.com/products/alphamod-testo-booster-evl
8999728054490,46785072988378,Anavite Xtreme Test,90 caps,Testo booster | Vitamins,Anavite Xtreme,40.00,6.00,Testo booster,46.00,+6.00,15.0%,,True,,https://cdn.shopify.com/s/files/1/0737/7384/2650/files/CopyofUntitledDesign_91.png?v=1755353969,https://proteindistrictlb.com/products/anavite-xtreme-test
8999728054490,46785073021146,Anavite Xtreme Test,nutrition facts,Testo booster | Vitamins,Anavite Xtreme,40.00,6.00,Testo booster,46.00,+6.00,15.0%,,True,,https://cdn.shopify.com/s/files/1/0737/7384/2650/files/CopyofUntitledDesign_91.png?v=1755353969,https://proteindistrictlb.com/products/anavite-xtreme-test
8999713407194,46785059094746,Nutrex T-Up,60 caps,Testo booster | Vitamins,Nutrex Research,30.00,6.00,Testo booster,36.00,+6.00,20.0%,,True,,https://cdn.shopify.com/s/files/1/0737/7384/2650/files/CopyofUntitledDesign_89.png?v=1755353561,https://proteindistrictlb.com/products/t-up-nutrex
8999713407194,46785059127514,Nutrex T-Up,nutrition facts,Testo booster | Vitamins,Nutrex Research,30.00,6.00,Testo booster,36.00,+6.00,20.0%,,True,,https://cdn.shopify.com/s/files/1/0737/7384/2650/files/CopyofUntitledDesign_89.png?v=1755353561,https://proteindistrictlb.com/products/t-up-nutrex
8999699775706,46784994771162,My Vitamins Tribulus,90 caps,Amino acids | Tribulus | Vitamins,Myvitamins,25.00,6.00,Tribulus,31.00,+6.00,24.0%,,True,,https://cdn.shopify.com/s/files/1/0737/7384/2650/files/CopyofUntitledDesign_87.png?v=1755353182,https://proteindistrictlb.com/products/tribulus-my-vitamins
8999699775706,46784994803930,My Vitamins Tribulus,nutrition facts,Amino acids | Tribulus | Vitamins,Myvitamins,25.00,6.00,Tribulus,31.00,+6.00,24.0%,,True,,https://cdn.shopify.com/s/files/1/0737/7384/2650/files/CopyofUntitledDesign_87.png?v=1755353182,https://proteindistrictlb.com/products/tribulus-my-vitamins
8999690764506,46784956399834,BioTech Mega Burner,90 capsules,Fat burners,BioTech Mega,30.00,6.00,Fat burners,36.00,+6.00,20.0%,,True,,https://cdn.shopify.com/s/files/1/0737/7384/2650/files/CopyofUntitledDesign_85.png?v=1755352255,https://proteindistrictlb.com/products/mega-burner-bio-tech
8999690764506,46784956432602,BioTech Mega Burner,nutrition facts,Fat burners,BioTech Mega,30.00,6.00,Fat burners,36.00,+6.00,20.0%,,True,,https://cdn.shopify.com/s/files/1/0737/7384/2650/files/CopyofUntitledDesign_85.png?v=1755352255,https://proteindistrictlb.com/products/mega-burner-bio-tech
8999687061722,46784950763738,MuscleTech Hydroxycut Hardcore,90 capsules,Amino acids | Fat burners,MuscleTech Hydroxycut,25.00,6.00,Fat burners,31.00,+6.00,24.0%,,True,,https://cdn.shopify.com/s/files/1/0737/7384/2650/files/CopyofUntitledDesign_82.png?v=1755351728,https://proteindistrictlb.com/products/hydroxycut-hardcore-muscle-tech
8999687061722,46784950796506,MuscleTech Hydroxycut Hardcore,nutrition facts,Amino acids | Fat burners,MuscleTech Hydroxycut,25.00,6.00,Fat burners,31.00,+6.00,24.0%,,True,,https://cdn.shopify.com/s/files/1/0737/7384/2650/files/CopyofUntitledDesign_82.png?v=1755351728,https://proteindistrictlb.com/products/hydroxycut-hardcore-muscle-tech
8999681229018,46784935297242,Nutrex L_Carnitine,60 capsules,Amino acid pills | L-Carnitine | Vitamins,Nutrex Research,25.00,6.00,L-Carnitine,31.00,+6.00,24.0%,,True,,https://cdn.shopify.com/s/files/1/0737/7384/2650/files/CopyofUntitledDesign_80.png?v=1755351336,https://proteindistrictlb.com/products/l-carnitine-nutrex
8999681229018,46784935330010,Nutrex L_Carnitine,nutrition facts,Amino acid pills | L-Carnitine | Vitamins,Nutrex Research,25.00,6.00,L-Carnitine,31.00,+6.00,24.0%,,True,,https://cdn.shopify.com/s/files/1/0737/7384/2650/files/CopyofUntitledDesign_80.png?v=1755351336,https://proteindistrictlb.com/products/l-carnitine-nutrex
8999675855066,46784927039706,My Vitamins L-Carnitine Amino Acid,90 tablets,Amino acid pills | L-Carnitine,Myvitamins,25.00,6.00,L-Carnitine,31.00,+6.00,24.0%,,True,,https://cdn.shopify.com/s/files/1/0737/7384/2650/files/CopyofUntitledDesign_78.png?v=1755350622,https://proteindistrictlb.com/products/l-carnitine-amino-acid-my-vitamins
8999675855066,46784927072474,My Vitamins L-Carnitine Amino Acid,nutrition facts,Amino acid pills | L-Carnitine,Myvitamins,25.00,6.00,L-Carnitine,31.00,+6.00,24.0%,,True,,https://cdn.shopify.com/s/files/1/0737/7384/2650/files/CopyofUntitledDesign_78.png?v=1755350622,https://proteindistrictlb.com/products/l-carnitine-amino-acid-my-vitamins
8922800292058,46604165808346,Rule 1 Electrolytes,40 serving / blue razz,Amino acids | Electrolytes | Rule 1,Rule 1 Proteins,30.00,4.00,Amino acids,34.00,+4.00,13.3%,,True,,https://cdn.shopify.com/s/files/1/0737/7384/2650/files/Copy_of_Untitled_-_2025-11-20T125350.255.png?v=1763636063,https://proteindistrictlb.com/products/rule-1-electrolytes
8922800292058,46604165841114,Rule 1 Electrolytes,40 serving / lemon lime,Amino acids | Electrolytes | Rule 1,Rule 1 Proteins,30.00,4.00,Amino acids,34.00,+4.00,13.3%,,True,,https://cdn.shopify.com/s/files/1/0737/7384/2650/files/Copy_of_Untitled_-_2025-11-20T125350.255.png?v=1763636063,https://proteindistrictlb.com/products/rule-1-electrolytes
8922800292058,46738191941850,Rule 1 Electrolytes,nutrition facts / blue razz,Amino acids | Electrolytes | Rule 1,Rule 1 Proteins,30.00,4.00,Amino acids,34.00,+4.00,13.3%,,True,,https://cdn.shopify.com/s/files/1/0737/7384/2650/files/Copy_of_Untitled_-_2025-11-20T125350.255.png?v=1763636063,https://proteindistrictlb.com/products/rule-1-electrolytes
8922800292058,46738191974618,Rule 1 Electrolytes,nutrition facts / lemon lime,Amino acids | Electrolytes | Rule 1,Rule 1 Proteins,30.00,4.00,Amino acids,34.00,+4.00,13.3%,,True,,https://cdn.shopify.com/s/files/1/0737/7384/2650/files/Copy_of_Untitled_-_2025-11-20T125350.255.png?v=1763636063,https://proteindistrictlb.com/products/rule-1-electrolytes
8922799735002,46604163285210,Rule 1 Pump,30 serving / grape,Pre Workout non-stim | Pre workouts | Rule 1,Rule 1 Proteins,40.00,5.00,Pre Workout non-stim,45.00,+5.00,12.5%,,True,,https://cdn.shopify.com/s/files/1/0737/7384/2650/files/Copy_of_Untitled.png?v=1753881972,https://proteindistrictlb.com/products/rule-1-pump
8922799735002,46604163317978,Rule 1 Pump,30 serving / blue razz lemonade,Pre Workout non-stim | Pre workouts | Rule 1,Rule 1 Proteins,40.00,5.00,Pre Workout non-stim,45.00,+5.00,12.5%,,True,,https://cdn.shopify.com/s/files/1/0737/7384/2650/files/Copy_of_Untitled.png?v=1753881972,https://proteindistrictlb.com/products/rule-1-pump
8922799735002,46604163350746,Rule 1 Pump,30 serving / cherry limeade,Pre Workout non-stim | Pre workouts | Rule 1,Rule 1 Proteins,40.00,5.00,Pre Workout non-stim,45.00,+5.00,12.5%,,True,,https://cdn.shopify.com/s/files/1/0737/7384/2650/files/Copy_of_Untitled.png?v=1753881972,https://proteindistrictlb.com/products/rule-1-pump
8922799735002,46738249482458,Rule 1 Pump,nutrition facts / grape,Pre Workout non-stim | Pre workouts | Rule 1,Rule 1 Proteins,40.00,5.00,Pre Workout non-stim,45.00,+5.00,12.5%,,True,,https://cdn.shopify.com/s/files/1/0737/7384/2650/files/Copy_of_Untitled.png?v=1753881972,https://proteindistrictlb.com/products/rule-1-pump
8922799735002,46738249515226,Rule 1 Pump,nutrition facts / blue razz lemonade,Pre Workout non-stim | Pre workouts | Rule 1,Rule 1 Proteins,40.00,5.00,Pre Workout non-stim,45.00,+5.00,12.5%,,True,,https://cdn.shopify.com/s/files/1/0737/7384/2650/files/Copy_of_Untitled.png?v=1753881972,https://proteindistrictlb.com/products/rule-1-pump
8922799735002,46738249547994,Rule 1 Pump,nutrition facts / cherry limeade,Pre Workout non-stim | Pre workouts | Rule 1,Rule 1 Proteins,40.00,5.00,Pre Workout non-stim,45.00,+5.00,12.5%,,True,,https://cdn.shopify.com/s/files/1/0737/7384/2650/files/Copy_of_Untitled.png?v=1753881972,https://proteindistrictlb.com/products/rule-1-pump
8905259516122,46551363780826,Applied Nutrition Cookie Dough,25 servings / toffee biscuit,Snacks | Whey protein,Applied Nutrition,50.00,5.00,Whey protein,55.00,+5.00,10.0%,,True,,https://cdn.shopify.com/s/files/1/0737/7384/2650/files/ProteinCookieDough1kg-DoubleChocolate_1.jpg?v=1749730046,https://proteindistrictlb.com/products/applied-nutrition-cookie-dough
8905259516122,46551363813594,Applied Nutrition Cookie Dough,25 servings / double chocolate,Snacks | Whey protein,Applied Nutrition,50.00,5.00,Whey protein,55.00,+5.00,10.0%,,True,,https://cdn.shopify.com/s/files/1/0737/7384/2650/files/ProteinCookieDough1kg-DoubleChocolate_1.jpg?v=1749730046,https://proteindistrictlb.com/products/applied-nutrition-cookie-dough
8905259516122,46551363846362,Applied Nutrition Cookie Dough,25 servings / salted caramel,Snacks | Whey protein,Applied Nutrition,50.00,5.00,Whey protein,55.00,+5.00,10.0%,,True,,https://cdn.shopify.com/s/files/1/0737/7384/2650/files/ProteinCookieDough1kg-DoubleChocolate_1.jpg?v=1749730046,https://proteindistrictlb.com/products/applied-nutrition-cookie-dough
8905259516122,46738310660314,Applied Nutrition Cookie Dough,nutrition facts / toffee biscuit,Snacks | Whey protein,Applied Nutrition,50.00,5.00,Whey protein,55.00,+5.00,10.0%,,True,,https://cdn.shopify.com/s/files/1/0737/7384/2650/files/ProteinCookieDough1kg-DoubleChocolate_1.jpg?v=1749730046,https://proteindistrictlb.com/products/applied-nutrition-cookie-dough
8905259516122,46738310693082,Applied Nutrition Cookie Dough,nutrition facts / double chocolate,Snacks | Whey protein,Applied Nutrition,50.00,5.00,Whey protein,55.00,+5.00,10.0%,,True,,https://cdn.shopify.com/s/files/1/0737/7384/2650/files/ProteinCookieDough1kg-DoubleChocolate_1.jpg?v=1749730046,https://proteindistrictlb.com/products/applied-nutrition-cookie-dough
8905259516122,46738310725850,Applied Nutrition Cookie Dough,nutrition facts / salted caramel,Snacks | Whey protein,Applied Nutrition,50.00,5.00,Whey protein,55.00,+5.00,10.0%,,True,,https://cdn.shopify.com/s/files/1/0737/7384/2650/files/ProteinCookieDough1kg-DoubleChocolate_1.jpg?v=1749730046,https://proteindistrictlb.com/products/applied-nutrition-cookie-dough
8904884781274,46549733114074,Swanson Dandelion Root,60 capsules / 515 mg,Dandelion | Vitamins,Swanson,30.00,5.00,Dandelion,35.00,+5.00,16.7%,,True,,https://cdn.shopify.com/s/files/1/0737/7384/2650/files/Copy_of_Untitled_3.png?v=1753883533,https://proteindistrictlb.com/products/swanson-dandelion-root
8904884781274,46738323636442,Swanson Dandelion Root,nutrition facts / 515 mg,Dandelion | Vitamins,Swanson,30.00,5.00,Dandelion,35.00,+5.00,16.7%,,True,,https://cdn.shopify.com/s/files/1/0737/7384/2650/files/Copy_of_Untitled_3.png?v=1753883533,https://proteindistrictlb.com/products/swanson-dandelion-root
8904883994842,46549731836122,Now Dandelion Root,90 capsules / 500 mg,Dandelion | Vitamins,NOW Foods,38.00,5.00,Dandelion,43.00,+5.00,13.2%,,True,,https://cdn.shopify.com/s/files/1/0737/7384/2650/files/Copy_of_Untitled_2.png?v=1753883367,https://proteindistrictlb.com/products/now-dandelion-root-1
8904883994842,46738332188890,Now Dandelion Root,nutrition facts / 500 mg,Dandelion | Vitamins,NOW Foods,38.00,5.00,Dandelion,43.00,+5.00,13.2%,,True,,https://cdn.shopify.com/s/files/1/0737/7384/2650/files/Copy_of_Untitled_2.png?v=1753883367,https://proteindistrictlb.com/products/now-dandelion-root-1
8904883503322,46549728887002,Force Factor Matcha,82 servings,Vitamins | matcha,Force Factor,40.00,5.00,Vitamins,45.00,+5.00,12.5%,,True,,https://cdn.shopify.com/s/files/1/0737/7384/2650/files/MLP_550x550_91cca712-880c-4874-b843-070d69940d16.webp?v=1749728560,https://proteindistrictlb.com/products/force-factor-matcha
8904883503322,46738398806234,Force Factor Matcha,nutrition facts,Vitamins | matcha,Force Factor,40.00,5.00,Vitamins,45.00,+5.00,12.5%,,True,,https://cdn.shopify.com/s/files/1/0737/7384/2650/files/MLP_550x550_91cca712-880c-4874-b843-070d69940d16.webp?v=1749728560,https://proteindistrictlb.com/products/force-factor-matcha
8904883110106,46549724954842,Muscle Meds Carnivor Protein,56 scoops / chocolate,Beef | Whey protein,MuscleMeds,90.00,5.00,Whey protein,95.00,+5.00,5.6%,,True,,https://cdn.shopify.com/s/files/1/0737/7384/2650/files/Copy_of_Untitled_5.png?v=1753884650,https://proteindistrictlb.com/products/muscle-meds-carnivor-protein
8904883110106,46549724987610,Muscle Meds Carnivor Protein,56 scoops / chocolate peanut butter,Beef | Whey protein,MuscleMeds,90.00,5.00,Whey protein,95.00,+5.00,5.6%,,True,,https://cdn.shopify.com/s/files/1/0737/7384/2650/files/Copy_of_Untitled_5.png?v=1753884650,https://proteindistrictlb.com/products/muscle-meds-carnivor-protein
8904883110106,46738401624282,Muscle Meds Carnivor Protein,nutrition facts / chocolate,Beef | Whey protein,MuscleMeds,90.00,5.00,Whey protein,95.00,+5.00,5.6%,,True,,https://cdn.shopify.com/s/files/1/0737/7384/2650/files/Copy_of_Untitled_5.png?v=1753884650,https://proteindistrictlb.com/products/muscle-meds-carnivor-protein
8904883110106,46738401657050,Muscle Meds Carnivor Protein,nutrition facts / chocolate peanut butter,Beef | Whey protein,MuscleMeds,90.00,5.00,Whey protein,95.00,+5.00,5.6%,,True,,https://cdn.shopify.com/s/files/1/0737/7384/2650/files/Copy_of_Untitled_5.png?v=1753884650,https://proteindistrictlb.com/products/muscle-meds-carnivor-protein
8904882356442,46549720826074,Born Winner Whey Protein,cookies and cream / 1 sachet,Snacks | Whey protein | Whey protein concentrate,Born Winner,3.50,5.00,Whey protein concentrate,4.50,+1.00,28.6%,yes,True,,https://cdn.shopify.com/s/files/1/0737/7384/2650/files/images_d363f418-db2f-40ce-97cc-735839f9c486.jpg?v=1754307460,https://proteindistrictlb.com/products/born-winner-whey-protein
8904882356442,46549720858842,Born Winner Whey Protein,cookies and cream / 1 box - 12 sachet,Snacks | Whey protein | Whey protein concentrate,Born Winner,42.00,5.00,Whey protein concentrate,47.00,+5.00,11.9%,,True,,https://cdn.shopify.com/s/files/1/0737/7384/2650/files/images_d363f418-db2f-40ce-97cc-735839f9c486.jpg?v=1754307460,https://proteindistrictlb.com/products/born-winner-whey-protein
8904882356442,46738406736090,Born Winner Whey Protein,cookies and cream / nutrition facts,Snacks | Whey protein | Whey protein concentrate,Born Winner,3.50,5.00,Whey protein concentrate,4.50,+1.00,28.6%,yes,True,,https://cdn.shopify.com/s/files/1/0737/7384/2650/files/images_d363f418-db2f-40ce-97cc-735839f9c486.jpg?v=1754307460,https://proteindistrictlb.com/products/born-winner-whey-protein
8904882356442,46549720891610,Born Winner Whey Protein,salted caramel / 1 sachet,Snacks | Whey protein | Whey protein concentrate,Born Winner,3.50,5.00,Whey protein concentrate,4.50,+1.00,28.6%,yes,True,,https://cdn.shopify.com/s/files/1/0737/7384/2650/files/images_d363f418-db2f-40ce-97cc-735839f9c486.jpg?v=1754307460,https://proteindistrictlb.com/products/born-winner-whey-protein
8904882356442,46549720924378,Born Winner Whey Protein,salted caramel / 1 box - 12 sachet,Snacks | Whey protein | Whey protein concentrate,Born Winner,42.00,5.00,Whey protein concentrate,47.00,+5.00,11.9%,,True,,https://cdn.shopify.com/s/files/1/0737/7384/2650/files/images_d363f418-db2f-40ce-97cc-735839f9c486.jpg?v=1754307460,https://proteindistrictlb.com/products/born-winner-whey-protein
8904882356442,46738406768858,Born Winner Whey Protein,salted caramel / nutrition facts,Snacks | Whey protein | Whey protein concentrate,Born Winner,3.50,5.00,Whey protein concentrate,4.50,+1.00,28.6%,yes,True,,https://cdn.shopify.com/s/files/1/0737/7384/2650/files/images_d363f418-db2f-40ce-97cc-735839f9c486.jpg?v=1754307460,https://proteindistrictlb.com/products/born-winner-whey-protein
8904882356442,46549720957146,Born Winner Whey Protein,chocolate ice cream / 1 sachet,Snacks | Whey protein | Whey protein concentrate,Born Winner,3.50,5.00,Whey protein concentrate,4.50,+1.00,28.6%,yes,True,,https://cdn.shopify.com/s/files/1/0737/7384/2650/files/images_d363f418-db2f-40ce-97cc-735839f9c486.jpg?v=1754307460,https://proteindistrictlb.com/products/born-winner-whey-protein
8904882356442,46549720989914,Born Winner Whey Protein,chocolate ice cream / 1 box - 12 sachet,Snacks | Whey protein | Whey protein concentrate,Born Winner,42.00,5.00,Whey protein concentrate,47.00,+5.00,11.9%,,True,,https://cdn.shopify.com/s/files/1/0737/7384/2650/files/images_d363f418-db2f-40ce-97cc-735839f9c486.jpg?v=1754307460,https://proteindistrictlb.com/products/born-winner-whey-protein
8904882356442,46738406801626,Born Winner Whey Protein,chocolate ice cream / nutrition facts,Snacks | Whey protein | Whey protein concentrate,Born Winner,3.50,5.00,Whey protein concentrate,4.50,+1.00,28.6%,yes,True,,https://cdn.shopify.com/s/files/1/0737/7384/2650/files/images_d363f418-db2f-40ce-97cc-735839f9c486.jpg?v=1754307460,https://proteindistrictlb.com/products/born-winner-whey-protein
8904882356442,46549721022682,Born Winner Whey Protein,vanilla ice crem / 1 sachet,Snacks | Whey protein | Whey protein concentrate,Born Winner,3.50,5.00,Whey protein concentrate,4.50,+1.00,28.6%,yes,True,,https://cdn.shopify.com/s/files/1/0737/7384/2650/files/images_d363f418-db2f-40ce-97cc-735839f9c486.jpg?v=1754307460,https://proteindistrictlb.com/products/born-winner-whey-protein
8904882356442,46549721055450,Born Winner Whey Protein,vanilla ice crem / 1 box - 12 sachet,Snacks | Whey protein | Whey protein concentrate,Born Winner,42.00,5.00,Whey protein concentrate,47.00,+5.00,11.9%,,True,,https://cdn.shopify.com/s/files/1/0737/7384/2650/files/images_d363f418-db2f-40ce-97cc-735839f9c486.jpg?v=1754307460,https://proteindistrictlb.com/products/born-winner-whey-protein
8904882356442,46738406834394,Born Winner Whey Protein,vanilla ice crem / nutrition facts,Snacks | Whey protein | Whey protein concentrate,Born Winner,3.50,5.00,Whey protein concentrate,4.50,+1.00,28.6%,yes,True,,https://cdn.shopify.com/s/files/1/0737/7384/2650/files/images_d363f418-db2f-40ce-97cc-735839f9c486.jpg?v=1754307460,https://proteindistrictlb.com/products/born-winner-whey-protein
8904879898842,46549712175322,Now Kidney Cleanse,90 capsules,Vitamins | kidney support,NOW Foods,45.00,5.00,kidney support,50.00,+5.00,11.1%,,True,,https://cdn.shopify.com/s/files/1/0737/7384/2650/files/Copy_of_Untitled_6.png?v=1753885083,https://proteindistrictlb.com/products/now-kidney-cleanse
8904879898842,46738412273882,Now Kidney Cleanse,nutrition facts,Vitamins | kidney support,NOW Foods,45.00,5.00,kidney support,50.00,+5.00,11.1%,,True,,https://cdn.shopify.com/s/files/1/0737/7384/2650/files/Copy_of_Untitled_6.png?v=1753885083,https://proteindistrictlb.com/products/now-kidney-cleanse
8904879210714,46549708964058,Now Dopa Mucana,90  capsules,Vitamins | dopa mucuna,NOW Foods,43.00,6.00,dopa mucuna,49.00,+6.00,14.0%,,True,,https://cdn.shopify.com/s/files/1/0737/7384/2650/files/Copy_of_Untitled_7.png?v=1753885239,https://proteindistrictlb.com/products/now-dopa-mucana
8904879210714,46738427445466,Now Dopa Mucana,nutrition facts,Vitamins | dopa mucuna,NOW Foods,43.00,6.00,dopa mucuna,49.00,+6.00,14.0%,,True,,https://cdn.shopify.com/s/files/1/0737/7384/2650/files/Copy_of_Untitled_7.png?v=1753885239,https://proteindistrictlb.com/products/now-dopa-mucana
8904878194906,46549705588954,Now Sports MCT Oil,473ml - 32 serving,Fat burners | mct oil,NOW Foods,65.00,6.00,Fat burners,71.00,+6.00,9.2%,,True,,https://cdn.shopify.com/s/files/1/0737/7384/2650/files/Copy_of_Untitled_8.png?v=1753885459,https://proteindistrictlb.com/products/now-sports-mct-oil
8904878194906,46738447827162,Now Sports MCT Oil,nutrition facts,Fat burners | mct oil,NOW Foods,65.00,6.00,Fat burners,71.00,+6.00,9.2%,,True,,https://cdn.shopify.com/s/files/1/0737/7384/2650/files/Copy_of_Untitled_8.png?v=1753885459,https://proteindistrictlb.com/products/now-sports-mct-oil
8904374485210,46547012354266,Rule 1 Protein Bar,1 bar / birthday cake,Rule 1 | Snacks,Rule 1 Proteins,4.00,2.00,Snacks,5.00,+1.00,25.0%,yes,True,,https://cdn.shopify.com/s/files/1/0737/7384/2650/files/birth.webp?v=1749654648,https://proteindistrictlb.com/products/rule-1-protein-bar
8904374485210,46547012387034,Rule 1 Protein Bar,1 bar / fudge brownie,Rule 1 | Snacks,Rule 1 Proteins,4.00,2.00,Snacks,5.00,+1.00,25.0%,yes,True,,https://cdn.shopify.com/s/files/1/0737/7384/2650/files/birth.webp?v=1749654648,https://proteindistrictlb.com/products/rule-1-protein-bar
8904374485210,46547012419802,Rule 1 Protein Bar,1 bar / salted caramel,Rule 1 | Snacks,Rule 1 Proteins,4.00,2.00,Snacks,5.00,+1.00,25.0%,yes,True,,https://cdn.shopify.com/s/files/1/0737/7384/2650/files/birth.webp?v=1749654648,https://proteindistrictlb.com/products/rule-1-protein-bar
8904374485210,46547012452570,Rule 1 Protein Bar,1 bar / peanut butter,Rule 1 | Snacks,Rule 1 Proteins,4.00,2.00,Snacks,5.00,+1.00,25.0%,yes,True,,https://cdn.shopify.com/s/files/1/0737/7384/2650/files/birth.webp?v=1749654648,https://proteindistrictlb.com/products/rule-1-protein-bar
8904374485210,46547012485338,Rule 1 Protein Bar,1 box- 12 bars / birthday cake,Rule 1 | Snacks,Rule 1 Proteins,36.00,2.00,Snacks,38.00,+2.00,5.6%,,True,,https://cdn.shopify.com/s/files/1/0737/7384/2650/files/birth.webp?v=1749654648,https://proteindistrictlb.com/products/rule-1-protein-bar
8904374485210,46547012518106,Rule 1 Protein Bar,1 box- 12 bars / fudge brownie,Rule 1 | Snacks,Rule 1 Proteins,36.00,2.00,Snacks,38.00,+2.00,5.6%,,True,,https://cdn.shopify.com/s/files/1/0737/7384/2650/files/birth.webp?v=1749654648,https://proteindistrictlb.com/products/rule-1-protein-bar
8904374485210,46547012550874,Rule 1 Protein Bar,1 box- 12 bars / salted caramel,Rule 1 | Snacks,Rule 1 Proteins,36.00,2.00,Snacks,38.00,+2.00,5.6%,,True,,https://cdn.shopify.com/s/files/1/0737/7384/2650/files/birth.webp?v=1749654648,https://proteindistrictlb.com/products/rule-1-protein-bar
8904374485210,46547012583642,Rule 1 Protein Bar,1 box- 12 bars / peanut butter,Rule 1 | Snacks,Rule 1 Proteins,36.00,2.00,Snacks,38.00,+2.00,5.6%,,True,,https://cdn.shopify.com/s/files/1/0737/7384/2650/files/birth.webp?v=1749654648,https://proteindistrictlb.com/products/rule-1-protein-bar
8904374485210,46738463555802,Rule 1 Protein Bar,nutrition facts / birthday cake,Rule 1 | Snacks,Rule 1 Proteins,4.00,2.00,Snacks,5.00,+1.00,25.0%,yes,True,,https://cdn.shopify.com/s/files/1/0737/7384/2650/files/birth.webp?v=1749654648,https://proteindistrictlb.com/products/rule-1-protein-bar
8904374485210,46738463588570,Rule 1 Protein Bar,nutrition facts / fudge brownie,Rule 1 | Snacks,Rule 1 Proteins,4.00,2.00,Snacks,5.00,+1.00,25.0%,yes,True,,https://cdn.shopify.com/s/files/1/0737/7384/2650/files/birth.webp?v=1749654648,https://proteindistrictlb.com/products/rule-1-protein-bar
8904374485210,46738463621338,Rule 1 Protein Bar,nutrition facts / salted caramel,Rule 1 | Snacks,Rule 1 Proteins,4.00,2.00,Snacks,5.00,+1.00,25.0%,yes,True,,https://cdn.shopify.com/s/files/1/0737/7384/2650/files/birth.webp?v=1749654648,https://proteindistrictlb.com/products/rule-1-protein-bar
8904374485210,46738463654106,Rule 1 Protein Bar,nutrition facts / peanut butter,Rule 1 | Snacks,Rule 1 Proteins,4.00,2.00,Snacks,5.00,+1.00,25.0%,yes,True,,https://cdn.shopify.com/s/files/1/0737/7384/2650/files/birth.webp?v=1749654648,https://proteindistrictlb.com/products/rule-1-protein-bar
8904217428186,46546810667226,Muscle Meds Beef Amino,300 tablets,Amino acid pills | Amino acids,MuscleMeds,30.00,4.00,Amino acid pills,34.00,+4.00,13.3%,,True,,https://cdn.shopify.com/s/files/1/0737/7384/2650/files/MM-Beef-Aminos_Label-070722_700x_2bf6ec07-2754-438c-9167-883e5a784257.webp?v=1749651186,https://proteindistrictlb.com/products/muscle-meds-beef-amino
8904217428186,46738477416666,Muscle Meds Beef Amino,nutrition facts,Amino acid pills | Amino acids,MuscleMeds,30.00,4.00,Amino acid pills,34.00,+4.00,13.3%,,True,,https://cdn.shopify.com/s/files/1/0737/7384/2650/files/MM-Beef-Aminos_Label-070722_700x_2bf6ec07-2754-438c-9167-883e5a784257.webp?v=1749651186,https://proteindistrictlb.com/products/muscle-meds-beef-amino
8904191574234,46546781962458,Muscletech Vapor X5,30 scoops / fruit punch,Pre Workout Stim | Pre workouts,MuscleTech,30.00,5.00,Pre Workout Stim,35.00,+5.00,16.7%,,True,,https://cdn.shopify.com/s/files/1/0737/7384/2650/files/CopyofUntitledDesign_14.png?v=1754308570,https://proteindistrictlb.com/products/muscletech-vapor-x5
8904191574234,46738490228954,Muscletech Vapor X5,nutrition facts / fruit punch,Pre Workout Stim | Pre workouts,MuscleTech,30.00,5.00,Pre Workout Stim,35.00,+5.00,16.7%,,True,,https://cdn.shopify.com/s/files/1/0737/7384/2650/files/CopyofUntitledDesign_14.png?v=1754308570,https://proteindistrictlb.com/products/muscletech-vapor-x5
8904185446618,46546774360282,Gaspari Amino Max,325 tablets,Amino acid pills | Amino acids,Gaspari Nutrition,40.00,4.00,Amino acid pills,44.00,+4.00,10.0%,,True,,https://cdn.shopify.com/s/files/1/0737/7384/2650/files/gaspari-amino-max-8000-the-supplements-factory-1.webp?v=1749650727,https://proteindistrictlb.com/products/gaspari-amino-max
8904185446618,46738491244762,Gaspari Amino Max,nutrition facts,Amino acid pills | Amino acids,Gaspari Nutrition,40.00,4.00,Amino acid pills,44.00,+4.00,10.0%,,True,,https://cdn.shopify.com/s/files/1/0737/7384/2650/files/gaspari-amino-max-8000-the-supplements-factory-1.webp?v=1749650727,https://proteindistrictlb.com/products/gaspari-amino-max
8861392765146,46460281487578,Rule 1 Bulking Bundle,Product / Product,Rule 1,Rule 1 Proteins,145.00,4.00,default,149.00,+4.00,2.8%,,True,,https://cdn.shopify.com/s/files/1/0737/7384/2650/files/bulking-bundle---website.jpg?v=1747387220,https://proteindistrictlb.com/products/rule-1-bulking-bundle
8861392765146,46460281520346,Rule 1 Bulking Bundle,Product / Nutrition Facts,Rule 1,Rule 1 Proteins,145.00,4.00,default,149.00,+4.00,2.8%,,True,,https://cdn.shopify.com/s/files/1/0737/7384/2650/files/bulking-bundle---website.jpg?v=1747387220,https://proteindistrictlb.com/products/rule-1-bulking-bundle
8861392765146,46460281553114,Rule 1 Bulking Bundle,Nutrition Facts / Product,Rule 1,Rule 1 Proteins,145.00,4.00,default,149.00,+4.00,2.8%,,True,,https://cdn.shopify.com/s/files/1/0737/7384/2650/files/bulking-bundle---website.jpg?v=1747387220,https://proteindistrictlb.com/products/rule-1-bulking-bundle
8861392765146,46460281585882,Rule 1 Bulking Bundle,Nutrition Facts / Nutrition Facts,Rule 1,Rule 1 Proteins,145.00,4.00,default,149.00,+4.00,2.8%,,True,,https://cdn.shopify.com/s/files/1/0737/7384/2650/files/bulking-bundle---website.jpg?v=1747387220,https://proteindistrictlb.com/products/rule-1-bulking-bundle
8861393912026,46460294070490,Rule 1 Maintenance Bundle,Product / 2kg - 65 serving / chocolate fudge,Rule 1,Rule 1 Proteins,145.00,4.00,default,149.00,+4.00,2.8%,,True,,https://cdn.shopify.com/s/files/1/0737/7384/2650/files/maintenance-bundle---website.jpg?v=1747387982,https://proteindistrictlb.com/products/rule-1-maintenance-bundle
8861393912026,46460294103258,Rule 1 Maintenance Bundle,Product / 2kg - 65 serving / vanilla ice cream,Rule 1,Rule 1 Proteins,145.00,4.00,default,149.00,+4.00,2.8%,,True,,https://cdn.shopify.com/s/files/1/0737/7384/2650/files/maintenance-bundle---website.jpg?v=1747387982,https://proteindistrictlb.com/products/rule-1-maintenance-bundle
8861393912026,46460294136026,Rule 1 Maintenance Bundle,Product / 2kg - 65 serving / lightly salted caramel,Rule 1,Rule 1 Proteins,145.00,4.00,default,149.00,+4.00,2.8%,,True,,https://cdn.shopify.com/s/files/1/0737/7384/2650/files/maintenance-bundle---website.jpg?v=1747387982,https://proteindistrictlb.com/products/rule-1-maintenance-bundle
8861393912026,46460294168794,Rule 1 Maintenance Bundle,Product / 910g - 26 serving / chocolate fudge,Rule 1,Rule 1 Proteins,120.00,4.00,default,124.00,+4.00,3.3%,,True,,https://cdn.shopify.com/s/files/1/0737/7384/2650/files/maintenance-bundle---website.jpg?v=1747387982,https://proteindistrictlb.com/products/rule-1-maintenance-bundle
8861393912026,46460294201562,Rule 1 Maintenance Bundle,Product / 910g - 26 serving / vanilla ice cream,Rule 1,Rule 1 Proteins,120.00,4.00,default,124.00,+4.00,3.3%,,True,,https://cdn.shopify.com/s/files/1/0737/7384/2650/files/maintenance-bundle---website.jpg?v=1747387982,https://proteindistrictlb.com/products/rule-1-maintenance-bundle
8861393912026,46460294234330,Rule 1 Maintenance Bundle,Product / 910g - 26 serving / lightly salted caramel,Rule 1,Rule 1 Proteins,120.00,4.00,default,124.00,+4.00,3.3%,,True,,https://cdn.shopify.com/s/files/1/0737/7384/2650/files/maintenance-bundle---website.jpg?v=1747387982,https://proteindistrictlb.com/products/rule-1-maintenance-bundle
8861393912026,46460294267098,Rule 1 Maintenance Bundle,Nutrition Facts / 2kg - 65 serving / chocolate fudge,Rule 1,Rule 1 Proteins,116.00,4.00,default,120.00,+4.00,3.4%,,True,,https://cdn.shopify.com/s/files/1/0737/7384/2650/files/maintenance-bundle---website.jpg?v=1747387982,https://proteindistrictlb.com/products/rule-1-maintenance-bundle
8861393912026,46460294299866,Rule 1 Maintenance Bundle,Nutrition Facts / 2kg - 65 serving / vanilla ice cream,Rule 1,Rule 1 Proteins,145.00,4.00,default,149.00,+4.00,2.8%,,True,,https://cdn.shopify.com/s/files/1/0737/7384/2650/files/maintenance-bundle---website.jpg?v=1747387982,https://proteindistrictlb.com/products/rule-1-maintenance-bundle
8861393912026,46460294332634,Rule 1 Maintenance Bundle,Nutrition Facts / 2kg - 65 serving / lightly salted caramel,Rule 1,Rule 1 Proteins,145.00,4.00,default,149.00,+4.00,2.8%,,True,,https://cdn.shopify.com/s/files/1/0737/7384/2650/files/maintenance-bundle---website.jpg?v=1747387982,https://proteindistrictlb.com/products/rule-1-maintenance-bundle
8861393912026,46460294365402,Rule 1 Maintenance Bundle,Nutrition Facts / 910g - 26 serving / chocolate fudge,Rule 1,Rule 1 Proteins,120.00,4.00,default,124.00,+4.00,3.3%,,True,,https://cdn.shopify.com/s/files/1/0737/7384/2650/files/maintenance-bundle---website.jpg?v=1747387982,https://proteindistrictlb.com/products/rule-1-maintenance-bundle
8861393912026,46460294398170,Rule 1 Maintenance Bundle,Nutrition Facts / 910g - 26 serving / vanilla ice cream,Rule 1,Rule 1 Proteins,120.00,4.00,default,124.00,+4.00,3.3%,,True,,https://cdn.shopify.com/s/files/1/0737/7384/2650/files/maintenance-bundle---website.jpg?v=1747387982,https://proteindistrictlb.com/products/rule-1-maintenance-bundle
8861393912026,46460294430938,Rule 1 Maintenance Bundle,Nutrition Facts / 910g - 26 serving / lightly salted caramel,Rule 1,Rule 1 Proteins,120.00,4.00,default,124.00,+4.00,3.3%,,True,,https://cdn.shopify.com/s/files/1/0737/7384/2650/files/maintenance-bundle---website.jpg?v=1747387982,https://proteindistrictlb.com/products/rule-1-maintenance-bundle
8858524483802,46449841012954,Vitamatic B6,120 capsules / 500 mg,Vitamin B | Vitamins,Vitamatic,40.00,5.00,Vitamin B,45.00,+5.00,12.5%,,True,,https://cdn.shopify.com/s/files/1/0737/7384/2650/files/Vitamatic-B6.jpg?v=1747232516,https://proteindistrictlb.com/products/vitamatic-b6
8858524483802,46738491769050,Vitamatic B6,nutrition facts / 500 mg,Vitamin B | Vitamins,Vitamatic,40.00,5.00,Vitamin B,45.00,+5.00,12.5%,,True,,https://cdn.shopify.com/s/files/1/0737/7384/2650/files/Vitamatic-B6.jpg?v=1747232516,https://proteindistrictlb.com/products/vitamatic-b6
8858521567450,46449836261594,EVL Berberine,60 capsules / 500 mg,Berberine | Vitamins,EVL Alphamode,40.00,6.00,Berberine,46.00,+6.00,15.0%,,True,,https://cdn.shopify.com/s/files/1/0737/7384/2650/files/EVL-Berberine.jpg?v=1747232559,https://proteindistrictlb.com/products/evl-berberine
8858521567450,46738492653786,EVL Berberine,nutrition facts / 500 mg,Berberine | Vitamins,EVL Alphamode,40.00,6.00,Berberine,46.00,+6.00,15.0%,,True,,https://cdn.shopify.com/s/files/1/0737/7384/2650/files/EVL-Berberine.jpg?v=1747232559,https://proteindistrictlb.com/products/evl-berberine
8858516750554,46449819680986,All Max ZMX,90 capsules - 30 serving,Magnesium | Vitamin B | Vitamins | Zinc | Zmb,AllMax Nutrition,35.00,5.00,Magnesium,40.00,+5.00,14.3%,,True,,https://cdn.shopify.com/s/files/1/0737/7384/2650/files/All-Max-ZMX.jpg?v=1747232602,https://proteindistrictlb.com/products/all-max-zmx
8858516750554,46738494816474,All Max ZMX,nutrition facts,Magnesium | Vitamin B | Vitamins | Zinc | Zmb,AllMax Nutrition,35.00,5.00,Magnesium,40.00,+5.00,14.3%,,True,,https://cdn.shopify.com/s/files/1/0737/7384/2650/files/All-Max-ZMX.jpg?v=1747232602,https://proteindistrictlb.com/products/all-max-zmx
8858511966426,46449810997466,All Max Testo FX,90 capsules - 30 servings,Complex Testo Booster | Testo booster,AllMax Nutrition,50.00,6.00,Complex Testo Booster,56.00,+6.00,12.0%,,True,,https://cdn.shopify.com/s/files/1/0737/7384/2650/files/All-Max-Testo-FX_2a58dc46-95a1-4060-b119-58a7689920b5.jpg?v=1747232891,https://proteindistrictlb.com/products/all-max-testo-fx
8858511966426,46738495209690,All Max Testo FX,nutrition facts,Complex Testo Booster | Testo booster,AllMax Nutrition,50.00,6.00,Complex Testo Booster,56.00,+6.00,12.0%,,True,,https://cdn.shopify.com/s/files/1/0737/7384/2650/files/All-Max-Testo-FX_2a58dc46-95a1-4060-b119-58a7689920b5.jpg?v=1747232891,https://proteindistrictlb.com/products/all-max-testo-fx
8857565364442,46446710948058,Rule 1 Pre Lift,30 scoops / snow cone,Pre Workout Stim | Pre workouts | Rule 1,Rule 1 Proteins,40.00,5.00,Pre Workout Stim,45.00,+5.00,12.5%,,True,,https://cdn.shopify.com/s/files/1/0737/7384/2650/files/Rule-1-Pre-Lift3.jpg?v=1747233345,https://proteindistrictlb.com/products/rule-1-pre-lift
8857565364442,46446710980826,Rule 1 Pre Lift,30 scoops / wild grape,Pre Workout Stim | Pre workouts | Rule 1,Rule 1 Proteins,40.00,5.00,Pre Workout Stim,45.00,+5.00,12.5%,,True,,https://cdn.shopify.com/s/files/1/0737/7384/2650/files/Rule-1-Pre-Lift3.jpg?v=1747233345,https://proteindistrictlb.com/products/rule-1-pre-lift
8857565364442,46446711013594,Rule 1 Pre Lift,30 scoops / black cherry limeade,Pre Workout Stim | Pre workouts | Rule 1,Rule 1 Proteins,40.00,5.00,Pre Workout Stim,45.00,+5.00,12.5%,,True,,https://cdn.shopify.com/s/files/1/0737/7384/2650/files/Rule-1-Pre-Lift3.jpg?v=1747233345,https://proteindistrictlb.com/products/rule-1-pre-lift
8857565364442,46446711046362,Rule 1 Pre Lift,30 scoops / blue raspberry,Pre Workout Stim | Pre workouts | Rule 1,Rule 1 Proteins,40.00,5.00,Pre Workout Stim,45.00,+5.00,12.5%,,True,,https://cdn.shopify.com/s/files/1/0737/7384/2650/files/Rule-1-Pre-Lift3.jpg?v=1747233345,https://proteindistrictlb.com/products/rule-1-pre-lift
8857565364442,46738496585946,Rule 1 Pre Lift,nutrition facts / snow cone,Pre Workout Stim | Pre workouts | Rule 1,Rule 1 Proteins,40.00,5.00,Pre Workout Stim,45.00,+5.00,12.5%,,True,,https://cdn.shopify.com/s/files/1/0737/7384/2650/files/Rule-1-Pre-Lift3.jpg?v=1747233345,https://proteindistrictlb.com/products/rule-1-pre-lift
8857565364442,46738496618714,Rule 1 Pre Lift,nutrition facts / wild grape,Pre Workout Stim | Pre workouts | Rule 1,Rule 1 Proteins,40.00,5.00,Pre Workout Stim,45.00,+5.00,12.5%,,True,,https://cdn.shopify.com/s/files/1/0737/7384/2650/files/Rule-1-Pre-Lift3.jpg?v=1747233345,https://proteindistrictlb.com/products/rule-1-pre-lift
8857565364442,46738496651482,Rule 1 Pre Lift,nutrition facts / black cherry limeade,Pre Workout Stim | Pre workouts | Rule 1,Rule 1 Proteins,40.00,5.00,Pre Workout Stim,45.00,+5.00,12.5%,,True,,https://cdn.shopify.com/s/files/1/0737/7384/2650/files/Rule-1-Pre-Lift3.jpg?v=1747233345,https://proteindistrictlb.com/products/rule-1-pre-lift
8857565364442,46738496684250,Rule 1 Pre Lift,nutrition facts / blue raspberry,Pre Workout Stim | Pre workouts | Rule 1,Rule 1 Proteins,40.00,5.00,Pre Workout Stim,45.00,+5.00,12.5%,,True,,https://cdn.shopify.com/s/files/1/0737/7384/2650/files/Rule-1-Pre-Lift3.jpg?v=1747233345,https://proteindistrictlb.com/products/rule-1-pre-lift
8857558417626,46446696595674,Body Attack Creatine,300g / 3g,Creatine | Unflavored Creatine,Body Attack,25.00,5.00,Unflavored Creatine,30.00,+5.00,20.0%,,True,,https://cdn.shopify.com/s/files/1/0737/7384/2650/files/Body-Attack-Creatine.jpg?v=1747233377,https://proteindistrictlb.com/products/body-attack-creatine
8857558417626,46738497929434,Body Attack Creatine,nutrition facts / 3g,Creatine | Unflavored Creatine,Body Attack,25.00,5.00,Unflavored Creatine,30.00,+5.00,20.0%,,True,,https://cdn.shopify.com/s/files/1/0737/7384/2650/files/Body-Attack-Creatine.jpg?v=1747233377,https://proteindistrictlb.com/products/body-attack-creatine
8857550651610,46446678704346,Biyode Creatine Gummies,30 serving - 5g / blueberry,Creatine | Flavored Creatine | gummies creatine,Biyode,25.00,5.00,Flavored Creatine,30.00,+5.00,20.0%,,True,,https://cdn.shopify.com/s/files/1/0737/7384/2650/files/717kZKTHjFL._AC_SX569.jpg?v=1746888133,https://proteindistrictlb.com/products/biyode-creatine-gummies
8857550651610,46738498355418,Biyode Creatine Gummies,nutrition facts / blueberry,Creatine | Flavored Creatine | gummies creatine,Biyode,25.00,5.00,Flavored Creatine,30.00,+5.00,20.0%,,True,,https://cdn.shopify.com/s/files/1/0737/7384/2650/files/717kZKTHjFL._AC_SX569.jpg?v=1746888133,https://proteindistrictlb.com/products/biyode-creatine-gummies
8849933271258,46419048792282,Nutricost Taurine,240 capsules / 1000 mg,Vitamins,Nutricost,50.00,5.00,Vitamins,55.00,+5.00,10.0%,,True,,https://cdn.shopify.com/s/files/1/0737/7384/2650/files/Nutricost-Taurine.jpg?v=1746189268,https://proteindistrictlb.com/products/nutricost-taurine
8849933271258,46741157609690,Nutricost Taurine,nutrition facts / 1000 mg,Vitamins,Nutricost,50.00,5.00,Vitamins,55.00,+5.00,10.0%,,True,,https://cdn.shopify.com/s/files/1/0737/7384/2650/files/Nutricost-Taurine.jpg?v=1746189268,https://proteindistrictlb.com/products/nutricost-taurine
8849930453210,46419045253338,Nutricost Gaba,240 capsules / 750 mg,Vitamins,Nutricost,49.00,5.00,Vitamins,54.00,+5.00,10.2%,,True,,https://cdn.shopify.com/s/files/1/0737/7384/2650/files/Nutricost-Gaba.jpg?v=1746189307,https://proteindistrictlb.com/products/nutricost-gaba
8849930453210,46741149974746,Nutricost Gaba,nutrition facts / 750 mg,Vitamins,Nutricost,49.00,5.00,Vitamins,54.00,+5.00,10.2%,,True,,https://cdn.shopify.com/s/files/1/0737/7384/2650/files/Nutricost-Gaba.jpg?v=1746189307,https://proteindistrictlb.com/products/nutricost-gaba
8849928192218,46419035848922,Rule 1  Charged Creatine,30 scoops / mandarin mango,Creatine | Flavored Creatine | Pre workouts | Rule 1,Rule 1 Proteins,35.00,5.00,Flavored Creatine,40.00,+5.00,14.3%,,True,,https://cdn.shopify.com/s/files/1/0737/7384/2650/files/Copy_of_Untitled_-_2025-11-20T135332.978.png?v=1763639627,https://proteindistrictlb.com/products/rule-charged-creatine
8849928192218,46419035881690,Rule 1  Charged Creatine,30 scoops / blue razz lemonade,Creatine | Flavored Creatine | Pre workouts | Rule 1,Rule 1 Proteins,35.00,5.00,Flavored Creatine,40.00,+5.00,14.3%,,True,,https://cdn.shopify.com/s/files/1/0737/7384/2650/files/Copy_of_Untitled_-_2025-11-20T135332.978.png?v=1763639627,https://proteindistrictlb.com/products/rule-charged-creatine
8849928192218,46446677655770,Rule 1  Charged Creatine,30 scoops / snow cone,Creatine | Flavored Creatine | Pre workouts | Rule 1,Rule 1 Proteins,35.00,5.00,Flavored Creatine,40.00,+5.00,14.3%,,True,,https://cdn.shopify.com/s/files/1/0737/7384/2650/files/Copy_of_Untitled_-_2025-11-20T135332.978.png?v=1763639627,https://proteindistrictlb.com/products/rule-charged-creatine
8849928192218,46446677688538,Rule 1  Charged Creatine,30 scoops / sour candy,Creatine | Flavored Creatine | Pre workouts | Rule 1,Rule 1 Proteins,35.00,5.00,Flavored Creatine,40.00,+5.00,14.3%,,True,,https://cdn.shopify.com/s/files/1/0737/7384/2650/files/Copy_of_Untitled_-_2025-11-20T135332.978.png?v=1763639627,https://proteindistrictlb.com/products/rule-charged-creatine
8849928192218,46741144895706,Rule 1  Charged Creatine,nutrition facts / mandarin mango,Creatine | Flavored Creatine | Pre workouts | Rule 1,Rule 1 Proteins,35.00,5.00,Flavored Creatine,40.00,+5.00,14.3%,,True,,https://cdn.shopify.com/s/files/1/0737/7384/2650/files/Copy_of_Untitled_-_2025-11-20T135332.978.png?v=1763639627,https://proteindistrictlb.com/products/rule-charged-creatine
8849928192218,46741144928474,Rule 1  Charged Creatine,nutrition facts / blue razz lemonade,Creatine | Flavored Creatine | Pre workouts | Rule 1,Rule 1 Proteins,35.00,5.00,Flavored Creatine,40.00,+5.00,14.3%,,True,,https://cdn.shopify.com/s/files/1/0737/7384/2650/files/Copy_of_Untitled_-_2025-11-20T135332.978.png?v=1763639627,https://proteindistrictlb.com/products/rule-charged-creatine
8849928192218,46741144961242,Rule 1  Charged Creatine,nutrition facts / snow cone,Creatine | Flavored Creatine | Pre workouts | Rule 1,Rule 1 Proteins,35.00,5.00,Flavored Creatine,40.00,+5.00,14.3%,,True,,https://cdn.shopify.com/s/files/1/0737/7384/2650/files/Copy_of_Untitled_-_2025-11-20T135332.978.png?v=1763639627,https://proteindistrictlb.com/products/rule-charged-creatine
8849928192218,46741144994010,Rule 1  Charged Creatine,nutrition facts / sour candy,Creatine | Flavored Creatine | Pre workouts | Rule 1,Rule 1 Proteins,35.00,5.00,Flavored Creatine,40.00,+5.00,14.3%,,True,,https://cdn.shopify.com/s/files/1/0737/7384/2650/files/Copy_of_Untitled_-_2025-11-20T135332.978.png?v=1763639627,https://proteindistrictlb.com/products/rule-charged-creatine
8849917313242,46418983059674,Rule 1 Citrulline,198g - 60 serving / 3.3 g,L-citrulline | Rule 1,Rule 1 Proteins,30.00,4.00,L-citrulline,34.00,+4.00,13.3%,,True,,https://cdn.shopify.com/s/files/1/0737/7384/2650/files/Copy_of_Untitled_-_2025-11-20T142017.839.png?v=1763641225,https://proteindistrictlb.com/products/rule-1-citrulline
8849917313242,46741169995994,Rule 1 Citrulline,nutrition facts / 3.3 g,L-citrulline | Rule 1,Rule 1 Proteins,30.00,4.00,L-citrulline,34.00,+4.00,13.3%,,True,,https://cdn.shopify.com/s/files/1/0737/7384/2650/files/Copy_of_Untitled_-_2025-11-20T142017.839.png?v=1763641225,https://proteindistrictlb.com/products/rule-1-citrulline
8849908007130,46418951373018,Rule 1 Fish Oil,100 softgel / 1000 mg,Fish Oil | Rule 1,Rule 1 Proteins,20.00,5.00,Fish Oil,25.00,+5.00,25.0%,,True,,https://cdn.shopify.com/s/files/1/0737/7384/2650/files/Rule-1-Fish-Oil.jpg?v=1746189376,https://proteindistrictlb.com/products/rule-1-fish-oil
8849908007130,46741173731546,Rule 1 Fish Oil,nutrition facts / 1000 mg,Fish Oil | Rule 1,Rule 1 Proteins,20.00,5.00,Fish Oil,25.00,+5.00,25.0%,,True,,https://cdn.shopify.com/s/files/1/0737/7384/2650/files/Rule-1-Fish-Oil.jpg?v=1746189376,https://proteindistrictlb.com/products/rule-1-fish-oil
8846941159642,46406950912218,Nutrex CLA,90 softgel / 1000 mg,Cla | Fat burners,Nutrex Research,20.00,6.00,Fat burners,25.00,+5.00,25.0%,yes,True,,https://cdn.shopify.com/s/files/1/0737/7384/2650/files/Nutrex-CLA.jpg?v=1745825234,https://proteindistrictlb.com/products/nutrex-cla
8846941159642,46741177008346,Nutrex CLA,nutrition facts / 1000 mg,Cla | Fat burners,Nutrex Research,20.00,6.00,Fat burners,25.00,+5.00,25.0%,yes,True,,https://cdn.shopify.com/s/files/1/0737/7384/2650/files/Nutrex-CLA.jpg?v=1745825234,https://proteindistrictlb.com/products/nutrex-cla
8846869922010,46406787596506,Now Vitamin K2,100 capsules / 100 mcg,Vitamins,NOW Foods,40.00,5.00,Vitamins,45.00,+5.00,12.5%,,True,,https://cdn.shopify.com/s/files/1/0737/7384/2650/files/Now-Vitamin-K2.jpg?v=1745825335,https://proteindistrictlb.com/products/now-vitamin-k2
8846869922010,46741181268186,Now Vitamin K2,nutrition facts / 100 mcg,Vitamins,NOW Foods,40.00,5.00,Vitamins,45.00,+5.00,12.5%,,True,,https://cdn.shopify.com/s/files/1/0737/7384/2650/files/Now-Vitamin-K2.jpg?v=1745825335,https://proteindistrictlb.com/products/now-vitamin-k2
8846869528794,46406786875610,Force Factor L-Theanine,60 capsules / 200 mg,L-Theanine,Force Factor,35.00,5.00,L-Theanine,40.00,+5.00,14.3%,,True,,https://cdn.shopify.com/s/files/1/0737/7384/2650/files/Force-Factor-L-Theanine.jpg?v=1745825721,https://proteindistrictlb.com/products/force-factor-l-theanine
8846869528794,46741184119002,Force Factor L-Theanine,nutrition facts / 200 mg,L-Theanine,Force Factor,35.00,5.00,L-Theanine,40.00,+5.00,14.3%,,True,,https://cdn.shopify.com/s/files/1/0737/7384/2650/files/Force-Factor-L-Theanine.jpg?v=1745825721,https://proteindistrictlb.com/products/force-factor-l-theanine
8846868119770,46406778683610,Universal Beef Amino,400 tablets,Amino acid pills | Amino acids,Universal Nutrition,40.00,4.00,Amino acid pills,44.00,+4.00,10.0%,,True,,https://cdn.shopify.com/s/files/1/0737/7384/2650/files/Universal-Beef-Amino.jpg?v=1745827568,https://proteindistrictlb.com/products/universal-beef-amino
8846868119770,46741206171866,Universal Beef Amino,nutrition facts,Amino acid pills | Amino acids,Universal Nutrition,40.00,4.00,Amino acid pills,44.00,+4.00,10.0%,,True,,https://cdn.shopify.com/s/files/1/0737/7384/2650/files/Universal-Beef-Amino.jpg?v=1745827568,https://proteindistrictlb.com/products/universal-beef-amino
8846866251994,46406774292698,Rule 1 Multi Source Collagen,25 servings - 10g per serv / unflavored,Collagen | Rule 1,Rule 1 Proteins,50.00,5.00,Collagen,55.00,+5.00,10.0%,,True,,https://cdn.shopify.com/s/files/1/0737/7384/2650/files/Rule-1-Multi-Source-Collagen.jpg?v=1745827617,https://proteindistrictlb.com/products/rule-1-multi-source-collagen
8846866251994,46741213937882,Rule 1 Multi Source Collagen,nutrition facts / unflavored,Collagen | Rule 1,Rule 1 Proteins,50.00,5.00,Collagen,55.00,+5.00,10.0%,,True,,https://cdn.shopify.com/s/files/1/0737/7384/2650/files/Rule-1-Multi-Source-Collagen.jpg?v=1745827617,https://proteindistrictlb.com/products/rule-1-multi-source-collagen
8844428968154,46391146348762,Universal Animal PM,30 packs,Melatonin | Vitamins,Universal Nutrition,45.00,5.00,Melatonin,50.00,+5.00,11.1%,,True,,https://cdn.shopify.com/s/files/1/0737/7384/2650/files/Universal-Animal-PM.jpg?v=1745827660,https://proteindistrictlb.com/products/universal-animal-pm
8844428968154,46741218328794,Universal Animal PM,nutrition facts,Melatonin | Vitamins,Universal Nutrition,45.00,5.00,Melatonin,50.00,+5.00,11.1%,,True,,https://cdn.shopify.com/s/files/1/0737/7384/2650/files/Universal-Animal-PM.jpg?v=1745827660,https://proteindistrictlb.com/products/universal-animal-pm
8844428673242,46391143891162,Universal Animal Flex,44 packs,Joint Support | Vitamins,Universal Nutrition,55.00,5.00,Joint Support,60.00,+5.00,9.1%,,True,,https://cdn.shopify.com/s/files/1/0737/7384/2650/files/Universal-Animal-Flex.jpg?v=1745827697,https://proteindistrictlb.com/products/universal-animal-flex
8844428673242,46741230682330,Universal Animal Flex,nutrition facts,Joint Support | Vitamins,Universal Nutrition,55.00,5.00,Joint Support,60.00,+5.00,9.1%,,True,,https://cdn.shopify.com/s/files/1/0737/7384/2650/files/Universal-Animal-Flex.jpg?v=1745827697,https://proteindistrictlb.com/products/universal-animal-flex
8844428247258,46391138549978,Universal Animal Flex Powder,30 scoops,Joint Support | Vitamins,Universal Nutrition,50.00,5.00,Joint Support,55.00,+5.00,10.0%,,True,,https://cdn.shopify.com/s/files/1/0737/7384/2650/files/Universal-Animal-Flex-Powder.jpg?v=1745827810,https://proteindistrictlb.com/products/universal-animal-flex-powder
8844428247258,46741235269850,Universal Animal Flex Powder,nutrition facts,Joint Support | Vitamins,Universal Nutrition,50.00,5.00,Joint Support,55.00,+5.00,10.0%,,True,,https://cdn.shopify.com/s/files/1/0737/7384/2650/files/Universal-Animal-Flex-Powder.jpg?v=1745827810,https://proteindistrictlb.com/products/universal-animal-flex-powder
8841130934490,46380718522586,Super Powders Electrolytes,1 box - 30 sachet / lime,Electrolytes,Super Powders,30.00,3.00,Electrolytes,33.00,+3.00,10.0%,,True,,https://cdn.shopify.com/s/files/1/0737/7384/2650/files/elderberry-electrolytes-361600.webp?v=1744723273,https://proteindistrictlb.com/products/super-powders-electrolytes
8841130934490,46380718555354,Super Powders Electrolytes,1 box - 30 sachet / elderberry,Electrolytes,Super Powders,30.00,3.00,Electrolytes,33.00,+3.00,10.0%,,True,,https://cdn.shopify.com/s/files/1/0737/7384/2650/files/elderberry-electrolytes-361600.webp?v=1744723273,https://proteindistrictlb.com/products/super-powders-electrolytes
8841130934490,46380718588122,Super Powders Electrolytes,1 box - 30 sachet / lychee,Electrolytes,Super Powders,30.00,3.00,Electrolytes,33.00,+3.00,10.0%,,True,,https://cdn.shopify.com/s/files/1/0737/7384/2650/files/elderberry-electrolytes-361600.webp?v=1744723273,https://proteindistrictlb.com/products/super-powders-electrolytes
8841130934490,46380718620890,Super Powders Electrolytes,1 box - 30 sachet / passion fruit,Electrolytes,Super Powders,30.00,3.00,Electrolytes,33.00,+3.00,10.0%,,True,,https://cdn.shopify.com/s/files/1/0737/7384/2650/files/elderberry-electrolytes-361600.webp?v=1744723273,https://proteindistrictlb.com/products/super-powders-electrolytes
8841130934490,46741243101402,Super Powders Electrolytes,nutrition facts / lime,Electrolytes,Super Powders,30.00,3.00,Electrolytes,33.00,+3.00,10.0%,,True,,https://cdn.shopify.com/s/files/1/0737/7384/2650/files/elderberry-electrolytes-361600.webp?v=1744723273,https://proteindistrictlb.com/products/super-powders-electrolytes
8841130934490,46741243134170,Super Powders Electrolytes,nutrition facts / elderberry,Electrolytes,Super Powders,30.00,3.00,Electrolytes,33.00,+3.00,10.0%,,True,,https://cdn.shopify.com/s/files/1/0737/7384/2650/files/elderberry-electrolytes-361600.webp?v=1744723273,https://proteindistrictlb.com/products/super-powders-electrolytes
8841130934490,46741243166938,Super Powders Electrolytes,nutrition facts / lychee,Electrolytes,Super Powders,30.00,3.00,Electrolytes,33.00,+3.00,10.0%,,True,,https://cdn.shopify.com/s/files/1/0737/7384/2650/files/elderberry-electrolytes-361600.webp?v=1744723273,https://proteindistrictlb.com/products/super-powders-electrolytes
8841130934490,46741243199706,Super Powders Electrolytes,nutrition facts / passion fruit,Electrolytes,Super Powders,30.00,3.00,Electrolytes,33.00,+3.00,10.0%,,True,,https://cdn.shopify.com/s/files/1/0737/7384/2650/files/elderberry-electrolytes-361600.webp?v=1744723273,https://proteindistrictlb.com/products/super-powders-electrolytes
8839929495770,46377214279898,Force Factor Berberine,60 capsules / 500 mg,Berberine | Fat burners,Force Factor,40.00,6.00,Fat burners,46.00,+6.00,15.0%,,True,,https://cdn.shopify.com/s/files/1/0737/7384/2650/files/Force-Factor-Berberine.jpg?v=1745827864,https://proteindistrictlb.com/products/force-factor-berberine
8839929495770,46741302575322,Force Factor Berberine,nutrition facts / 500 mg,Berberine | Fat burners,Force Factor,40.00,6.00,Fat burners,46.00,+6.00,15.0%,,True,,https://cdn.shopify.com/s/files/1/0737/7384/2650/files/Force-Factor-Berberine.jpg?v=1745827864,https://proteindistrictlb.com/products/force-factor-berberine
8839820771546,46376942567642,Quest Protein Bar,1 bar / chocolate chip cookie dough,Snacks,Quest Protein,5.00,2.00,Snacks,6.50,+1.50,30.0%,yes,True,,https://cdn.shopify.com/s/files/1/0737/7384/2650/files/107559_QN_USA_Pkg_ProteinBar_CCCD_12ct_3D_Composite_SGS.webp?v=1745828855,https://proteindistrictlb.com/products/quest-protein-bar
8839820771546,46376942600410,Quest Protein Bar,1 bar / chocolate peanut butter,Snacks,Quest Protein,5.00,2.00,Snacks,6.50,+1.50,30.0%,yes,True,,https://cdn.shopify.com/s/files/1/0737/7384/2650/files/107559_QN_USA_Pkg_ProteinBar_CCCD_12ct_3D_Composite_SGS.webp?v=1745828855,https://proteindistrictlb.com/products/quest-protein-bar
8839820771546,46376942633178,Quest Protein Bar,1 bar / cookies and cream,Snacks,Quest Protein,5.00,2.00,Snacks,6.50,+1.50,30.0%,yes,True,,https://cdn.shopify.com/s/files/1/0737/7384/2650/files/107559_QN_USA_Pkg_ProteinBar_CCCD_12ct_3D_Composite_SGS.webp?v=1745828855,https://proteindistrictlb.com/products/quest-protein-bar
8839820771546,46376942665946,Quest Protein Bar,1 bar / blueberry muffin,Snacks,Quest Protein,5.00,2.00,Snacks,6.50,+1.50,30.0%,yes,True,,https://cdn.shopify.com/s/files/1/0737/7384/2650/files/107559_QN_USA_Pkg_ProteinBar_CCCD_12ct_3D_Composite_SGS.webp?v=1745828855,https://proteindistrictlb.com/products/quest-protein-bar
8839820771546,46376942698714,Quest Protein Bar,1 bar / caramel chocolate,Snacks,Quest Protein,5.00,2.00,Snacks,6.50,+1.50,30.0%,yes,True,,https://cdn.shopify.com/s/files/1/0737/7384/2650/files/107559_QN_USA_Pkg_ProteinBar_CCCD_12ct_3D_Composite_SGS.webp?v=1745828855,https://proteindistrictlb.com/products/quest-protein-bar
8839820771546,46376942731482,Quest Protein Bar,1 bar / birthday cake,Snacks,Quest Protein,5.00,2.00,Snacks,6.50,+1.50,30.0%,yes,True,,https://cdn.shopify.com/s/files/1/0737/7384/2650/files/107559_QN_USA_Pkg_ProteinBar_CCCD_12ct_3D_Composite_SGS.webp?v=1745828855,https://proteindistrictlb.com/products/quest-protein-bar
8839820771546,46552521146586,Quest Protein Bar,1 bar / lemon cake,Snacks,Quest Protein,5.00,2.00,Snacks,6.50,+1.50,30.0%,yes,False,,https://cdn.shopify.com/s/files/1/0737/7384/2650/files/107559_QN_USA_Pkg_ProteinBar_CCCD_12ct_3D_Composite_SGS.webp?v=1745828855,https://proteindistrictlb.com/products/quest-protein-bar
8839820771546,46376942764250,Quest Protein Bar,1 box - 12 bars / chocolate chip cookie dough,Snacks,Quest Protein,45.00,2.00,Snacks,47.00,+2.00,4.4%,,True,,https://cdn.shopify.com/s/files/1/0737/7384/2650/files/107559_QN_USA_Pkg_ProteinBar_CCCD_12ct_3D_Composite_SGS.webp?v=1745828855,https://proteindistrictlb.com/products/quest-protein-bar
8839820771546,46376942797018,Quest Protein Bar,1 box - 12 bars / chocolate peanut butter,Snacks,Quest Protein,45.00,2.00,Snacks,47.00,+2.00,4.4%,,True,,https://cdn.shopify.com/s/files/1/0737/7384/2650/files/107559_QN_USA_Pkg_ProteinBar_CCCD_12ct_3D_Composite_SGS.webp?v=1745828855,https://proteindistrictlb.com/products/quest-protein-bar
8839820771546,46376942829786,Quest Protein Bar,1 box - 12 bars / cookies and cream,Snacks,Quest Protein,45.00,2.00,Snacks,47.00,+2.00,4.4%,,True,,https://cdn.shopify.com/s/files/1/0737/7384/2650/files/107559_QN_USA_Pkg_ProteinBar_CCCD_12ct_3D_Composite_SGS.webp?v=1745828855,https://proteindistrictlb.com/products/quest-protein-bar
8839820771546,46376942862554,Quest Protein Bar,1 box - 12 bars / blueberry muffin,Snacks,Quest Protein,45.00,2.00,Snacks,47.00,+2.00,4.4%,,True,,https://cdn.shopify.com/s/files/1/0737/7384/2650/files/107559_QN_USA_Pkg_ProteinBar_CCCD_12ct_3D_Composite_SGS.webp?v=1745828855,https://proteindistrictlb.com/products/quest-protein-bar
8839820771546,46376942895322,Quest Protein Bar,1 box - 12 bars / caramel chocolate,Snacks,Quest Protein,45.00,2.00,Snacks,47.00,+2.00,4.4%,,True,,https://cdn.shopify.com/s/files/1/0737/7384/2650/files/107559_QN_USA_Pkg_ProteinBar_CCCD_12ct_3D_Composite_SGS.webp?v=1745828855,https://proteindistrictlb.com/products/quest-protein-bar
8839820771546,46376942928090,Quest Protein Bar,1 box - 12 bars / birthday cake,Snacks,Quest Protein,45.00,2.00,Snacks,47.00,+2.00,4.4%,,True,,https://cdn.shopify.com/s/files/1/0737/7384/2650/files/107559_QN_USA_Pkg_ProteinBar_CCCD_12ct_3D_Composite_SGS.webp?v=1745828855,https://proteindistrictlb.com/products/quest-protein-bar
8839820771546,46552521179354,Quest Protein Bar,1 box - 12 bars / lemon cake,Snacks,Quest Protein,45.00,2.00,Snacks,47.00,+2.00,4.4%,,True,,https://cdn.shopify.com/s/files/1/0737/7384/2650/files/107559_QN_USA_Pkg_ProteinBar_CCCD_12ct_3D_Composite_SGS.webp?v=1745828855,https://proteindistrictlb.com/products/quest-protein-bar
8839820771546,46741321810138,Quest Protein Bar,nutrition facts / chocolate chip cookie dough,Snacks,Quest Protein,5.00,2.00,Snacks,6.50,+1.50,30.0%,yes,True,,https://cdn.shopify.com/s/files/1/0737/7384/2650/files/107559_QN_USA_Pkg_ProteinBar_CCCD_12ct_3D_Composite_SGS.webp?v=1745828855,https://proteindistrictlb.com/products/quest-protein-bar
8839820771546,46741321842906,Quest Protein Bar,nutrition facts / chocolate peanut butter,Snacks,Quest Protein,5.00,2.00,Snacks,6.50,+1.50,30.0%,yes,True,,https://cdn.shopify.com/s/files/1/0737/7384/2650/files/107559_QN_USA_Pkg_ProteinBar_CCCD_12ct_3D_Composite_SGS.webp?v=1745828855,https://proteindistrictlb.com/products/quest-protein-bar
8839820771546,46741321875674,Quest Protein Bar,nutrition facts / cookies and cream,Snacks,Quest Protein,5.00,2.00,Snacks,6.50,+1.50,30.0%,yes,True,,https://cdn.shopify.com/s/files/1/0737/7384/2650/files/107559_QN_USA_Pkg_ProteinBar_CCCD_12ct_3D_Composite_SGS.webp?v=1745828855,https://proteindistrictlb.com/products/quest-protein-bar
8839820771546,46741321908442,Quest Protein Bar,nutrition facts / blueberry muffin,Snacks,Quest Protein,5.00,2.00,Snacks,6.50,+1.50,30.0%,yes,True,,https://cdn.shopify.com/s/files/1/0737/7384/2650/files/107559_QN_USA_Pkg_ProteinBar_CCCD_12ct_3D_Composite_SGS.webp?v=1745828855,https://proteindistrictlb.com/products/quest-protein-bar
8839820771546,46741321941210,Quest Protein Bar,nutrition facts / caramel chocolate,Snacks,Quest Protein,5.00,2.00,Snacks,6.50,+1.50,30.0%,yes,True,,https://cdn.shopify.com/s/files/1/0737/7384/2650/files/107559_QN_USA_Pkg_ProteinBar_CCCD_12ct_3D_Composite_SGS.webp?v=1745828855,https://proteindistrictlb.com/products/quest-protein-bar
8839820771546,46741321973978,Quest Protein Bar,nutrition facts / birthday cake,Snacks,Quest Protein,5.00,2.00,Snacks,6.50,+1.50,30.0%,yes,True,,https://cdn.shopify.com/s/files/1/0737/7384/2650/files/107559_QN_USA_Pkg_ProteinBar_CCCD_12ct_3D_Composite_SGS.webp?v=1745828855,https://proteindistrictlb.com/products/quest-protein-bar
8839820771546,46741322006746,Quest Protein Bar,nutrition facts / lemon cake,Snacks,Quest Protein,5.00,2.00,Snacks,6.50,+1.50,30.0%,yes,True,,https://cdn.shopify.com/s/files/1/0737/7384/2650/files/107559_QN_USA_Pkg_ProteinBar_CCCD_12ct_3D_Composite_SGS.webp?v=1745828855,https://proteindistrictlb.com/products/quest-protein-bar
8839798882522,46376880406746,Pro Supps Hyde Nightmare,30 serving / black n blueberry,Pre Workout Stim | Pre workouts,Pro Supps,35.00,5.00,Pre Workout Stim,40.00,+5.00,14.3%,,True,,https://cdn.shopify.com/s/files/1/0737/7384/2650/files/81PDL9dYaJL._SX569.jpg?v=1744635124,https://proteindistrictlb.com/products/pro-supps-hyde-nightmare
8839798882522,46741327872218,Pro Supps Hyde Nightmare,nutrition facts / black n blueberry,Pre Workout Stim | Pre workouts,Pro Supps,35.00,5.00,Pre Workout Stim,40.00,+5.00,14.3%,,True,,https://cdn.shopify.com/s/files/1/0737/7384/2650/files/81PDL9dYaJL._SX569.jpg?v=1744635124,https://proteindistrictlb.com/products/pro-supps-hyde-nightmare
8839794557146,46376866152666,Now Magnesium Topical Spray,237 ml,Magnesium,NOW Foods,41.00,5.00,Magnesium,46.00,+5.00,12.2%,,True,,https://cdn.shopify.com/s/files/1/0737/7384/2650/files/612j_3-SHpL._SX679.jpg?v=1744634989,https://proteindistrictlb.com/products/now-magnesium-topical-spray
8839791870170,46376859173082,Now Clorophyl,118 ml - 94 serving,Beauty Care,NOW Foods,45.00,6.00,Beauty Care,51.00,+6.00,13.3%,,True,,https://cdn.shopify.com/s/files/1/0737/7384/2650/files/Now-Clorophyl.jpg?v=1745829633,https://proteindistrictlb.com/products/now-clorophyl
8839791870170,46743164551386,Now Clorophyl,nutrition facts,Beauty Care,NOW Foods,45.00,6.00,Beauty Care,51.00,+6.00,13.3%,,True,,https://cdn.shopify.com/s/files/1/0737/7384/2650/files/Now-Clorophyl.jpg?v=1745829633,https://proteindistrictlb.com/products/now-clorophyl
8839784562906,46376838037722,Rule 1 Eaa,30 scoops / peach mango,Amino acids | Eaa | Rule 1,Rule 1 Proteins,35.00,4.00,Amino acids,39.00,+4.00,11.4%,,True,,https://cdn.shopify.com/s/files/1/0737/7384/2650/files/Copy_of_Untitled_-_2025-11-20T151802.377.png?v=1763644688,https://proteindistrictlb.com/products/rule-1-eaa
8839784562906,46418955239642,Rule 1 Eaa,30 scoops / blue razz lemonade,Amino acids | Eaa | Rule 1,Rule 1 Proteins,35.00,4.00,Amino acids,39.00,+4.00,11.4%,,True,,https://cdn.shopify.com/s/files/1/0737/7384/2650/files/Copy_of_Untitled_-_2025-11-20T151802.377.png?v=1763644688,https://proteindistrictlb.com/products/rule-1-eaa
8839784562906,46418955272410,Rule 1 Eaa,30 scoops / rainbow candy,Amino acids | Eaa | Rule 1,Rule 1 Proteins,35.00,4.00,Amino acids,39.00,+4.00,11.4%,,True,,https://cdn.shopify.com/s/files/1/0737/7384/2650/files/Copy_of_Untitled_-_2025-11-20T151802.377.png?v=1763644688,https://proteindistrictlb.com/products/rule-1-eaa
8839784562906,46446677164250,Rule 1 Eaa,30 scoops / grape,Amino acids | Eaa | Rule 1,Rule 1 Proteins,35.00,4.00,Amino acids,39.00,+4.00,11.4%,,True,,https://cdn.shopify.com/s/files/1/0737/7384/2650/files/Copy_of_Untitled_-_2025-11-20T151802.377.png?v=1763644688,https://proteindistrictlb.com/products/rule-1-eaa
8839784562906,46743175856346,Rule 1 Eaa,nutrition facts / peach mango,Amino acids | Eaa | Rule 1,Rule 1 Proteins,35.00,4.00,Amino acids,39.00,+4.00,11.4%,,True,,https://cdn.shopify.com/s/files/1/0737/7384/2650/files/Copy_of_Untitled_-_2025-11-20T151802.377.png?v=1763644688,https://proteindistrictlb.com/products/rule-1-eaa
8839784562906,46743175889114,Rule 1 Eaa,nutrition facts / blue razz lemonade,Amino acids | Eaa | Rule 1,Rule 1 Proteins,35.00,4.00,Amino acids,39.00,+4.00,11.4%,,True,,https://cdn.shopify.com/s/files/1/0737/7384/2650/files/Copy_of_Untitled_-_2025-11-20T151802.377.png?v=1763644688,https://proteindistrictlb.com/products/rule-1-eaa
8839784562906,46743175921882,Rule 1 Eaa,nutrition facts / rainbow candy,Amino acids | Eaa | Rule 1,Rule 1 Proteins,35.00,4.00,Amino acids,39.00,+4.00,11.4%,,True,,https://cdn.shopify.com/s/files/1/0737/7384/2650/files/Copy_of_Untitled_-_2025-11-20T151802.377.png?v=1763644688,https://proteindistrictlb.com/products/rule-1-eaa
8839784562906,46743175954650,Rule 1 Eaa,nutrition facts / grape,Amino acids | Eaa | Rule 1,Rule 1 Proteins,35.00,4.00,Amino acids,39.00,+4.00,11.4%,,True,,https://cdn.shopify.com/s/files/1/0737/7384/2650/files/Copy_of_Untitled_-_2025-11-20T151802.377.png?v=1763644688,https://proteindistrictlb.com/products/rule-1-eaa
8839735607514,46376703656154,Rule 1 Glutamine,390g - 75 serving / 5g,Amino acids | Glutamine | Rule 1,Rule 1 Proteins,35.00,4.00,Amino acids,39.00,+4.00,11.4%,,True,,https://cdn.shopify.com/s/files/1/0737/7384/2650/files/Rule-1-Glutamine.jpg?v=1745829728,https://proteindistrictlb.com/products/rule-1-glutamine
8839735607514,46743183130842,Rule 1 Glutamine,nutrition facts / 5g,Amino acids | Glutamine | Rule 1,Rule 1 Proteins,35.00,4.00,Amino acids,39.00,+4.00,11.4%,,True,,https://cdn.shopify.com/s/files/1/0737/7384/2650/files/Rule-1-Glutamine.jpg?v=1745829728,https://proteindistrictlb.com/products/rule-1-glutamine
8839731052762,46376673378522,Rule 1 Mass Gainer,5.2 kg - 16 serving / chocolate fudge,Mass gainers | Rule 1,Rule 1 Proteins,85.00,6.00,Mass gainers,91.00,+6.00,7.1%,,True,,https://cdn.shopify.com/s/files/1/0737/7384/2650/files/Copy_of_Untitled_-_2025-11-20T133847.110.png?v=1763638734,https://proteindistrictlb.com/products/rule-1-mass-gainer
8839731052762,47134185554138,Rule 1 Mass Gainer,5.2 kg - 16 serving / vanilla creme,Mass gainers | Rule 1,Rule 1 Proteins,85.00,6.00,Mass gainers,91.00,+6.00,7.1%,,True,,https://cdn.shopify.com/s/files/1/0737/7384/2650/files/Copy_of_Untitled_-_2025-11-20T133847.110.png?v=1763638734,https://proteindistrictlb.com/products/rule-1-mass-gainer
8839731052762,47134185586906,Rule 1 Mass Gainer,5.2 kg - 16 serving / strawberries & creme,Mass gainers | Rule 1,Rule 1 Proteins,85.00,6.00,Mass gainers,91.00,+6.00,7.1%,,True,,https://cdn.shopify.com/s/files/1/0737/7384/2650/files/Copy_of_Untitled_-_2025-11-20T133847.110.png?v=1763638734,https://proteindistrictlb.com/products/rule-1-mass-gainer
8839731052762,47134185619674,Rule 1 Mass Gainer,5.2 kg - 16 serving / cookies & cream,Mass gainers | Rule 1,Rule 1 Proteins,85.00,6.00,Mass gainers,91.00,+6.00,7.1%,,True,,https://cdn.shopify.com/s/files/1/0737/7384/2650/files/Copy_of_Untitled_-_2025-11-20T133847.110.png?v=1763638734,https://proteindistrictlb.com/products/rule-1-mass-gainer
8839731052762,47134185652442,Rule 1 Mass Gainer,5.2 kg - 16 serving / chocolate peanut butter,Mass gainers | Rule 1,Rule 1 Proteins,85.00,6.00,Mass gainers,91.00,+6.00,7.1%,,True,,https://cdn.shopify.com/s/files/1/0737/7384/2650/files/Copy_of_Untitled_-_2025-11-20T133847.110.png?v=1763638734,https://proteindistrictlb.com/products/rule-1-mass-gainer
8839731052762,46743185555674,Rule 1 Mass Gainer,nutrition facts / chocolate fudge,Mass gainers | Rule 1,Rule 1 Proteins,85.00,6.00,Mass gainers,91.00,+6.00,7.1%,,True,,https://cdn.shopify.com/s/files/1/0737/7384/2650/files/Copy_of_Untitled_-_2025-11-20T133847.110.png?v=1763638734,https://proteindistrictlb.com/products/rule-1-mass-gainer
8839731052762,47134185685210,Rule 1 Mass Gainer,nutrition facts / vanilla creme,Mass gainers | Rule 1,Rule 1 Proteins,85.00,6.00,Mass gainers,91.00,+6.00,7.1%,,True,,https://cdn.shopify.com/s/files/1/0737/7384/2650/files/Copy_of_Untitled_-_2025-11-20T133847.110.png?v=1763638734,https://proteindistrictlb.com/products/rule-1-mass-gainer
8839731052762,47134185717978,Rule 1 Mass Gainer,nutrition facts / strawberries & creme,Mass gainers | Rule 1,Rule 1 Proteins,85.00,6.00,Mass gainers,91.00,+6.00,7.1%,,True,,https://cdn.shopify.com/s/files/1/0737/7384/2650/files/Copy_of_Untitled_-_2025-11-20T133847.110.png?v=1763638734,https://proteindistrictlb.com/products/rule-1-mass-gainer
8839731052762,47134185750746,Rule 1 Mass Gainer,nutrition facts / cookies & cream,Mass gainers | Rule 1,Rule 1 Proteins,85.00,6.00,Mass gainers,91.00,+6.00,7.1%,,True,,https://cdn.shopify.com/s/files/1/0737/7384/2650/files/Copy_of_Untitled_-_2025-11-20T133847.110.png?v=1763638734,https://proteindistrictlb.com/products/rule-1-mass-gainer
8839731052762,47134185783514,Rule 1 Mass Gainer,nutrition facts / chocolate peanut butter,Mass gainers | Rule 1,Rule 1 Proteins,85.00,6.00,Mass gainers,91.00,+6.00,7.1%,,True,,https://cdn.shopify.com/s/files/1/0737/7384/2650/files/Copy_of_Untitled_-_2025-11-20T133847.110.png?v=1763638734,https://proteindistrictlb.com/products/rule-1-mass-gainer
8838739263706,46373176869082,Six Star Testosterone Booster,60 capsules,Complex Testo Booster,Six Star,30.00,6.00,Complex Testo Booster,36.00,+6.00,20.0%,,True,,https://cdn.shopify.com/s/files/1/0737/7384/2650/files/Six-Star-Testosterone-Booster.jpg?v=1745829810,https://proteindistrictlb.com/products/six-star-testosterone-booster
8838739263706,46743186669786,Six Star Testosterone Booster,nutrition facts,Complex Testo Booster,Six Star,30.00,6.00,Complex Testo Booster,36.00,+6.00,20.0%,,True,,https://cdn.shopify.com/s/files/1/0737/7384/2650/files/Six-Star-Testosterone-Booster.jpg?v=1745829810,https://proteindistrictlb.com/products/six-star-testosterone-booster
8838735954138,46373166317786,All Max Ashwaghanda KSM-66,60 capsules / 600 mg,Ashwagandha | Testo booster,AllMax Nutrition,45.00,6.00,Testo booster,51.00,+6.00,13.3%,,True,,https://cdn.shopify.com/s/files/1/0737/7384/2650/files/All-Max-Ashwaghanda-KSM-66.jpg?v=1745829843,https://proteindistrictlb.com/products/all-max-ashwaghanda-ksm-66
8838735954138,46743187914970,All Max Ashwaghanda KSM-66,nutrition facts / 600 mg,Ashwagandha | Testo booster,AllMax Nutrition,45.00,6.00,Testo booster,51.00,+6.00,13.3%,,True,,https://cdn.shopify.com/s/files/1/0737/7384/2650/files/All-Max-Ashwaghanda-KSM-66.jpg?v=1745829843,https://proteindistrictlb.com/products/all-max-ashwaghanda-ksm-66
8838731661530,46373150458074,Nutricost Citrus Bergamot,120 capsules / 1200 mg,Vitamins,Nutricost,55.00,5.00,Vitamins,60.00,+5.00,9.1%,,True,,https://cdn.shopify.com/s/files/1/0737/7384/2650/files/Nutricost-Citrus-Bergamot.jpg?v=1745829877,https://proteindistrictlb.com/products/nutricost-citrus-bergamot
8838731661530,46743194337498,Nutricost Citrus Bergamot,nutrition facts / 1200 mg,Vitamins,Nutricost,55.00,5.00,Vitamins,60.00,+5.00,9.1%,,True,,https://cdn.shopify.com/s/files/1/0737/7384/2650/files/Nutricost-Citrus-Bergamot.jpg?v=1745829877,https://proteindistrictlb.com/products/nutricost-citrus-bergamot
8838686507226,46373001953498,Nutricost melatonin,240 capsules / 5mg,Melatonin | Vitamins,Nutricost,40.00,5.00,Melatonin,45.00,+5.00,12.5%,,True,,https://cdn.shopify.com/s/files/1/0737/7384/2650/files/Nutricost-melatonin.jpg?v=1745830034,https://proteindistrictlb.com/products/nutricost-melatonin
8838686507226,46743196106970,Nutricost melatonin,nutrition facts / 5mg,Melatonin | Vitamins,Nutricost,40.00,5.00,Melatonin,45.00,+5.00,12.5%,,True,,https://cdn.shopify.com/s/files/1/0737/7384/2650/files/Nutricost-melatonin.jpg?v=1745830034,https://proteindistrictlb.com/products/nutricost-melatonin
8836600135898,46367780307162,Nutricost D-Aspartic acid,300g - 100 serving / 3g,Testo booster,Nutricost,49.00,6.00,Testo booster,55.00,+6.00,12.2%,,True,,https://cdn.shopify.com/s/files/1/0737/7384/2650/files/Nutricost-D-Aspartic-acid.jpg?v=1745830145,https://proteindistrictlb.com/products/nutricost-d-aspartic-acid
8836600135898,46743210033370,Nutricost D-Aspartic acid,nutrition facts / 3g,Testo booster,Nutricost,49.00,6.00,Testo booster,55.00,+6.00,12.2%,,True,,https://cdn.shopify.com/s/files/1/0737/7384/2650/files/Nutricost-D-Aspartic-acid.jpg?v=1745830145,https://proteindistrictlb.com/products/nutricost-d-aspartic-acid
8836595843290,46367769821402,Now Magnesium Bisglycinate Powder,227g - 91 serving / 250mg,Magnesium,NOW Foods,50.00,5.00,Magnesium,55.00,+5.00,10.0%,,True,,https://cdn.shopify.com/s/files/1/0737/7384/2650/files/Now-Magnesium-Bisglycinate-Powder.jpg?v=1745830315,https://proteindistrictlb.com/products/now-magnesium-bisglycinate-powder
8836595843290,46743214850266,Now Magnesium Bisglycinate Powder,nutrition facts / 250mg,Magnesium,NOW Foods,50.00,5.00,Magnesium,55.00,+5.00,10.0%,,True,,https://cdn.shopify.com/s/files/1/0737/7384/2650/files/Now-Magnesium-Bisglycinate-Powder.jpg?v=1745830315,https://proteindistrictlb.com/products/now-magnesium-bisglycinate-powder
8836594401498,46367766773978,Now Ashwaghanda Ksm-66,90 capsules / 600 mg,Ashwagandha | Testo booster,NOW Foods,55.00,6.00,Testo booster,61.00,+6.00,10.9%,,True,,https://cdn.shopify.com/s/files/1/0737/7384/2650/files/Now-Ashwaghanda-Ksm-66.jpg?v=1745830373,https://proteindistrictlb.com/products/now-ashwaghanda-ksm-66
8836594401498,46743216160986,Now Ashwaghanda Ksm-66,nutrition facts / 600 mg,Ashwagandha | Testo booster,NOW Foods,55.00,6.00,Testo booster,61.00,+6.00,10.9%,,True,,https://cdn.shopify.com/s/files/1/0737/7384/2650/files/Now-Ashwaghanda-Ksm-66.jpg?v=1745830373,https://proteindistrictlb.com/products/now-ashwaghanda-ksm-66
8836592599258,46367759171802,Now L-Tyrosine,120 capsules / 500 mg,Vitamins,NOW Foods,45.00,5.00,Vitamins,50.00,+5.00,11.1%,,True,,https://cdn.shopify.com/s/files/1/0737/7384/2650/files/Now-L-Tyrosine.jpg?v=1745830416,https://proteindistrictlb.com/products/now-l-tyrosine
8836592599258,46743218028762,Now L-Tyrosine,nutrition facts / 500 mg,Vitamins,NOW Foods,45.00,5.00,Vitamins,50.00,+5.00,11.1%,,True,,https://cdn.shopify.com/s/files/1/0737/7384/2650/files/Now-L-Tyrosine.jpg?v=1745830416,https://proteindistrictlb.com/products/now-l-tyrosine
8836590174426,46367747604698,Now Boron,100 capsules / 3 mg,boron,NOW Foods,36.00,5.00,boron,41.00,+5.00,13.9%,,True,,https://cdn.shopify.com/s/files/1/0737/7384/2650/files/Now-Boron.jpg?v=1745830451,https://proteindistrictlb.com/products/now-boron
8836590174426,46743225499866,Now Boron,nutrition facts / 3 mg,boron,NOW Foods,36.00,5.00,boron,41.00,+5.00,13.9%,,True,,https://cdn.shopify.com/s/files/1/0737/7384/2650/files/Now-Boron.jpg?v=1745830451,https://proteindistrictlb.com/products/now-boron
8836577231066,46367651004634,Force Factor Resveratrol,120 capsules / 200 mg,Anti Aging | Vitamins,Force Factor,50.00,6.00,Anti Aging,56.00,+6.00,12.0%,,True,,https://cdn.shopify.com/s/files/1/0737/7384/2650/files/Force-Factor-Resveratrol.jpg?v=1745830495,https://proteindistrictlb.com/products/force-factor-resveratrol
8836577231066,46743227400410,Force Factor Resveratrol,nutrition facts / 200 mg,Anti Aging | Vitamins,Force Factor,50.00,6.00,Anti Aging,56.00,+6.00,12.0%,,True,,https://cdn.shopify.com/s/files/1/0737/7384/2650/files/Force-Factor-Resveratrol.jpg?v=1745830495,https://proteindistrictlb.com/products/force-factor-resveratrol
8836571726042,46367622070490,Futurebiotics Probiotic Plus,60 capsules / 50 billion,Digestive Enzymes | Vitamins,Futurebiotics Probiotic,40.00,5.00,Digestive Enzymes,45.00,+5.00,12.5%,,True,,https://cdn.shopify.com/s/files/1/0737/7384/2650/files/Futurebiotics-Probiotic-Plus.jpg?v=1745830554,https://proteindistrictlb.com/products/futurebiotics-probiotic-plus
8836571726042,46743239459034,Futurebiotics Probiotic Plus,nutrition facts / 50 billion,Digestive Enzymes | Vitamins,Futurebiotics Probiotic,40.00,5.00,Digestive Enzymes,45.00,+5.00,12.5%,,True,,https://cdn.shopify.com/s/files/1/0737/7384/2650/files/Futurebiotics-Probiotic-Plus.jpg?v=1745830554,https://proteindistrictlb.com/products/futurebiotics-probiotic-plus
8836565991642,46367590580442,Doctors BEST Vitamin D3,180 softgel / 2000 IU,Vitamin D | Vitamins,Doctors BEST,30.00,5.00,Vitamin D,35.00,+5.00,16.7%,,True,,https://cdn.shopify.com/s/files/1/0737/7384/2650/files/Doctors-BEST-Vitamin-D3.jpg?v=1745830691,https://proteindistrictlb.com/products/doctors-best-vitamin-d3
8836565991642,46743250960602,Doctors BEST Vitamin D3,nutrition facts / 2000 IU,Vitamin D | Vitamins,Doctors BEST,30.00,5.00,Vitamin D,35.00,+5.00,16.7%,,True,,https://cdn.shopify.com/s/files/1/0737/7384/2650/files/Doctors-BEST-Vitamin-D3.jpg?v=1745830691,https://proteindistrictlb.com/products/doctors-best-vitamin-d3
8836551114970,46367525863642,Swanson NAC,100 capsules / 600 mg,Liver Support | Vitamins,Swanson,40.00,5.00,Liver Support,45.00,+5.00,12.5%,,True,,https://cdn.shopify.com/s/files/1/0737/7384/2650/files/Swanson-NAC.jpg?v=1745830809,https://proteindistrictlb.com/products/swanson-nac
8836551114970,46743287759066,Swanson NAC,nutrition facts / 600 mg,Liver Support | Vitamins,Swanson,40.00,5.00,Liver Support,45.00,+5.00,12.5%,,True,,https://cdn.shopify.com/s/files/1/0737/7384/2650/files/Swanson-NAC.jpg?v=1745830809,https://proteindistrictlb.com/products/swanson-nac
8836545118426,46367515640026,Pro Supps L-Carnitine,31 serving / 1500 mg,Fat burners | L-Carnitine,Pro Supps,25.00,6.00,Fat burners,31.00,+6.00,24.0%,,True,,https://cdn.shopify.com/s/files/1/0737/7384/2650/files/Pro-Supps-L-Carnitine.jpg?v=1745830991,https://proteindistrictlb.com/products/pro-supps-l-carnitine
8836545118426,46743290478810,Pro Supps L-Carnitine,nutrition facts / 1500 mg,Fat burners | L-Carnitine,Pro Supps,25.00,6.00,Fat burners,31.00,+6.00,24.0%,,True,,https://cdn.shopify.com/s/files/1/0737/7384/2650/files/Pro-Supps-L-Carnitine.jpg?v=1745830991,https://proteindistrictlb.com/products/pro-supps-l-carnitine
8836539416794,46367507022042,Biotech Usa Protein Pancake,1kg - 20 servings / 20g protein,Snacks,BioTechUSA,40.00,2.00,Snacks,42.00,+2.00,5.0%,,True,,https://cdn.shopify.com/s/files/1/0737/7384/2650/files/Biotech-Usa-Protein-Pancake.jpg?v=1745831053,https://proteindistrictlb.com/products/biotech-usa-protein-pancake
8836539416794,46743310041306,Biotech Usa Protein Pancake,nutrition facts / 20g protein,Snacks,BioTechUSA,40.00,2.00,Snacks,42.00,+2.00,5.0%,,True,,https://cdn.shopify.com/s/files/1/0737/7384/2650/files/Biotech-Usa-Protein-Pancake.jpg?v=1745831053,https://proteindistrictlb.com/products/biotech-usa-protein-pancake
8836525064410,46367478448346,Biotech Usa Marine Collagen,240g - 20 serving / lemon green tea,Beauty Care | Collagen,BioTechUSA,50.00,6.00,Beauty Care,56.00,+6.00,12.0%,,True,,https://cdn.shopify.com/s/files/1/0737/7384/2650/files/Copy_of_Untitled_-_2025-11-21T154650.116_cfcc1f74-3f33-4976-b81c-398b4c721049.png?v=1763732886,https://proteindistrictlb.com/products/biotech-usa-marine-collagen
8836525064410,46743316529370,Biotech Usa Marine Collagen,nutrition facts / lemon green tea,Beauty Care | Collagen,BioTechUSA,50.00,6.00,Beauty Care,56.00,+6.00,12.0%,,True,,https://cdn.shopify.com/s/files/1/0737/7384/2650/files/Copy_of_Untitled_-_2025-11-21T154650.116_cfcc1f74-3f33-4976-b81c-398b4c721049.png?v=1763732886,https://proteindistrictlb.com/products/biotech-usa-marine-collagen
8830470619354,46344437858522,FORCE FACTOR Glutathione,60 capsules,Anti Aging | Glutathione | Vitamins,FORCE FACTOR,49.00,6.00,Glutathione,55.00,+6.00,12.2%,,True,,https://cdn.shopify.com/s/files/1/0737/7384/2650/files/FORCE-FACTOR-Glutathione.jpg?v=1745831243,https://proteindistrictlb.com/products/force-factor-glutathione
8830470619354,46743325311194,FORCE FACTOR Glutathione,nutrition facts,Anti Aging | Glutathione | Vitamins,FORCE FACTOR,49.00,6.00,Glutathione,55.00,+6.00,12.2%,,True,,https://cdn.shopify.com/s/files/1/0737/7384/2650/files/FORCE-FACTOR-Glutathione.jpg?v=1745831243,https://proteindistrictlb.com/products/force-factor-glutathione
8830466785498,46344425210074,Biyode Shilajit resin,60 capsules,Complex Testo Booster | Testo booster,Biyode,30.00,6.00,Complex Testo Booster,36.00,+6.00,20.0%,,True,,https://cdn.shopify.com/s/files/1/0737/7384/2650/files/61_9gdkcyML._UF894_1000_QL80_e27998c7-52fa-40d5-bdf2-f51512a2197c.jpg?v=1754052199,https://proteindistrictlb.com/products/bioyede-shilajit
8830466785498,46743341203674,Biyode Shilajit resin,nutrition facts,Complex Testo Booster | Testo booster,Biyode,30.00,6.00,Complex Testo Booster,36.00,+6.00,20.0%,,True,,https://cdn.shopify.com/s/files/1/0737/7384/2650/files/61_9gdkcyML._UF894_1000_QL80_e27998c7-52fa-40d5-bdf2-f51512a2197c.jpg?v=1754052199,https://proteindistrictlb.com/products/bioyede-shilajit
8830464458970,46344417312986,Swanson Selenium,90 capsules,Selenium | Vitamins,Swanson,30.00,5.00,Selenium,35.00,+5.00,16.7%,,True,,https://cdn.shopify.com/s/files/1/0737/7384/2650/files/Swanson-Selenium.jpg?v=1745831569,https://proteindistrictlb.com/products/swanson-selenium
8830464458970,46743346610394,Swanson Selenium,nutrition facts,Selenium | Vitamins,Swanson,30.00,5.00,Selenium,35.00,+5.00,16.7%,,True,,https://cdn.shopify.com/s/files/1/0737/7384/2650/files/Swanson-Selenium.jpg?v=1745831569,https://proteindistrictlb.com/products/swanson-selenium
8818884870362,46311556677850,Core Champs Yohimbine,120 caps / 5 mg,Fat burners | yohimbine,Core Champs,30.00,6.00,Fat burners,36.00,+6.00,20.0%,,True,,https://cdn.shopify.com/s/files/1/0737/7384/2650/files/51MXUw3C8GL.jpg?v=1742469004,https://proteindistrictlb.com/products/core-champs-yohimbine
8818884870362,46743348543706,Core Champs Yohimbine,nutrition facts / 5 mg,Fat burners | yohimbine,Core Champs,30.00,6.00,Fat burners,36.00,+6.00,20.0%,,True,,https://cdn.shopify.com/s/files/1/0737/7384/2650/files/51MXUw3C8GL.jpg?v=1742469004,https://proteindistrictlb.com/products/core-champs-yohimbine
8800861454554,46238495408346,Body Attack Vitamin D3,30 capsules / 1500 I.E,Vitamin D | Vitamins,Body Attack,20.00,5.00,Vitamin D,25.00,+5.00,25.0%,,True,,https://cdn.shopify.com/s/files/1/0737/7384/2650/files/69.jpg?v=1741473599,https://proteindistrictlb.com/products/body-attack-vitamin-d3
8800861454554,46743365976282,Body Attack Vitamin D3,Nutrition Facts / 1500 I.E,Vitamin D | Vitamins,Body Attack,20.00,5.00,Vitamin D,25.00,+5.00,25.0%,,True,,https://cdn.shopify.com/s/files/1/0737/7384/2650/files/69.jpg?v=1741473599,https://proteindistrictlb.com/products/body-attack-vitamin-d3
8800860897498,46238494687450,Body Attack Vitamin D3 Depot,Product / 120 capsules / 5600 I.E,Vitamin D | Vitamins,Body Attack,25.00,5.00,Vitamin D,30.00,+5.00,20.0%,,True,,https://cdn.shopify.com/s/files/1/0737/7384/2650/files/01-198-183-Vitamin-D3-Depot-120capsweb.jpg?v=1741473602,https://proteindistrictlb.com/products/body-attack-vitamin-d3-depot
8800860897498,46743367778522,Body Attack Vitamin D3 Depot,Product / Nutrition Facts / 5600 I.E,Vitamin D | Vitamins,Body Attack,25.00,5.00,Vitamin D,30.00,+5.00,20.0%,,True,,https://cdn.shopify.com/s/files/1/0737/7384/2650/files/01-198-183-Vitamin-D3-Depot-120capsweb.jpg?v=1741473602,https://proteindistrictlb.com/products/body-attack-vitamin-d3-depot
8766902599898,46127224520922,Myprotein HMB,180 tablets,Amino acids | Hmb,Myprotein,30.00,4.00,Amino acids,34.00,+4.00,13.3%,,True,,https://cdn.shopify.com/s/files/1/0737/7384/2650/files/57-Myprotein-HMB.jpg?v=1737625401,https://proteindistrictlb.com/products/myprotein-hmb
8766902599898,46753344422106,Myprotein HMB,nutrition facts,Amino acids | Hmb,Myprotein,30.00,4.00,Amino acids,34.00,+4.00,13.3%,,True,,https://cdn.shopify.com/s/files/1/0737/7384/2650/files/57-Myprotein-HMB.jpg?v=1737625401,https://proteindistrictlb.com/products/myprotein-hmb
8755611500762,46087885390042,Quamtrax Marine Collagen,120 capsules / 600 mg,Beauty Care | Collagen | Vitamins,Quamtrax Nutrition,35.00,6.00,Beauty Care,41.00,+6.00,17.1%,,True,,https://cdn.shopify.com/s/files/1/0737/7384/2650/files/82-Quamtrax-Marine-Collagen.jpg?v=1737636511,https://proteindistrictlb.com/products/quamtrax-marine-collagen
8755611500762,46771269140698,Quamtrax Marine Collagen,nutrition facts / 600 mg,Beauty Care | Collagen | Vitamins,Quamtrax Nutrition,35.00,6.00,Beauty Care,41.00,+6.00,17.1%,,True,,https://cdn.shopify.com/s/files/1/0737/7384/2650/files/82-Quamtrax-Marine-Collagen.jpg?v=1737636511,https://proteindistrictlb.com/products/quamtrax-marine-collagen
8755464831194,46087481753818,Vitamatic Irish Sea Moss,120 vegetable capsules,Vitamins,Vitamatic,44.00,5.00,Vitamins,49.00,+5.00,11.4%,,True,,https://cdn.shopify.com/s/files/1/0737/7384/2650/files/42-Vitamatic-Irish-Sea-Moss.jpg?v=1737547237,https://proteindistrictlb.com/products/vitamatic-irish-sea-moss
8755464831194,46771262652634,Vitamatic Irish Sea Moss,nutrition facts,Vitamins,Vitamatic,44.00,5.00,Vitamins,49.00,+5.00,11.4%,,True,,https://cdn.shopify.com/s/files/1/0737/7384/2650/files/42-Vitamatic-Irish-Sea-Moss.jpg?v=1737547237,https://proteindistrictlb.com/products/vitamatic-irish-sea-moss
8755086590170,46086258557146,Rule 1 Women's Multi,60 tablets,Multi Vitamin | Rule 1 | Vitamins,Rule 1 Proteins,35.00,5.00,Multi Vitamin,40.00,+5.00,14.3%,,True,,https://cdn.shopify.com/s/files/1/0737/7384/2650/files/88-Rule-1-Women_s-Multi.jpg?v=1737637233,https://proteindistrictlb.com/products/rule-1-womens-multi
8755086590170,46771261374682,Rule 1 Women's Multi,nutrition facts,Multi Vitamin | Rule 1 | Vitamins,Rule 1 Proteins,35.00,5.00,Multi Vitamin,40.00,+5.00,14.3%,,True,,https://cdn.shopify.com/s/files/1/0737/7384/2650/files/88-Rule-1-Women_s-Multi.jpg?v=1737637233,https://proteindistrictlb.com/products/rule-1-womens-multi
8754236653786,46081832157402,Muscletech Test Hd Thermo,30 servings,Complex Testo Booster | Testo booster,MuscleTech,30.00,6.00,Complex Testo Booster,36.00,+6.00,20.0%,,True,,https://cdn.shopify.com/s/files/1/0737/7384/2650/files/60-Muscletech-Test-Hd-Thermo.jpg?v=1737625680,https://proteindistrictlb.com/products/muscletech-test-hd-thermo
8754236653786,46776817877210,Muscletech Test Hd Thermo,nutrition facts,Complex Testo Booster | Testo booster,MuscleTech,30.00,6.00,Complex Testo Booster,36.00,+6.00,20.0%,,True,,https://cdn.shopify.com/s/files/1/0737/7384/2650/files/60-Muscletech-Test-Hd-Thermo.jpg?v=1737625680,https://proteindistrictlb.com/products/muscletech-test-hd-thermo
8753128407258,46078757503194,Nutrex Lipo6 Intense Ultra,60 servings,Fat burners | Thermogenic Fat Burner,Nutrex Research,25.00,6.00,Thermogenic Fat Burner,31.00,+6.00,24.0%,,True,,https://cdn.shopify.com/s/files/1/0737/7384/2650/files/67-Nutrex-Lipo6-Intense-Ultra.jpg?v=1737632917,https://proteindistrictlb.com/products/nutrex-lipo6-intense-ultra
8753128407258,46776804901082,Nutrex Lipo6 Intense Ultra,nutrition facts,Fat burners | Thermogenic Fat Burner,Nutrex Research,25.00,6.00,Thermogenic Fat Burner,31.00,+6.00,24.0%,,True,,https://cdn.shopify.com/s/files/1/0737/7384/2650/files/67-Nutrex-Lipo6-Intense-Ultra.jpg?v=1737632917,https://proteindistrictlb.com/products/nutrex-lipo6-intense-ultra
8793785303258,46211353608410,Bulking Bundle,chocolate / Unflavored,,Bulking,100.00,4.00,default,104.00,+4.00,4.0%,,True,,https://cdn.shopify.com/s/files/1/0737/7384/2650/files/Website-Bulking-Bunlde-Banner_1.jpg?v=1741898013,https://proteindistrictlb.com/products/bulking-bundle
8793785303258,46211353641178,Bulking Bundle,chocolate / Orange,,Bulking,100.00,4.00,default,104.00,+4.00,4.0%,,True,,https://cdn.shopify.com/s/files/1/0737/7384/2650/files/Website-Bulking-Bunlde-Banner_1.jpg?v=1741898013,https://proteindistrictlb.com/products/bulking-bundle
8793785303258,46211353673946,Bulking Bundle,chocolate / Peach,,Bulking,100.00,4.00,default,104.00,+4.00,4.0%,,True,,https://cdn.shopify.com/s/files/1/0737/7384/2650/files/Website-Bulking-Bunlde-Banner_1.jpg?v=1741898013,https://proteindistrictlb.com/products/bulking-bundle
8793785303258,46211353706714,Bulking Bundle,strawberry / Unflavored,,Bulking,100.00,4.00,default,104.00,+4.00,4.0%,,True,,https://cdn.shopify.com/s/files/1/0737/7384/2650/files/Website-Bulking-Bunlde-Banner_1.jpg?v=1741898013,https://proteindistrictlb.com/products/bulking-bundle
8793785303258,46211353739482,Bulking Bundle,strawberry / Orange,,Bulking,100.00,4.00,default,104.00,+4.00,4.0%,,True,,https://cdn.shopify.com/s/files/1/0737/7384/2650/files/Website-Bulking-Bunlde-Banner_1.jpg?v=1741898013,https://proteindistrictlb.com/products/bulking-bundle
8793785303258,46211353772250,Bulking Bundle,strawberry / Peach,,Bulking,100.00,4.00,default,104.00,+4.00,4.0%,,True,,https://cdn.shopify.com/s/files/1/0737/7384/2650/files/Website-Bulking-Bunlde-Banner_1.jpg?v=1741898013,https://proteindistrictlb.com/products/bulking-bundle
8793785303258,46211353805018,Bulking Bundle,vanilla / Unflavored,,Bulking,100.00,4.00,default,104.00,+4.00,4.0%,,True,,https://cdn.shopify.com/s/files/1/0737/7384/2650/files/Website-Bulking-Bunlde-Banner_1.jpg?v=1741898013,https://proteindistrictlb.com/products/bulking-bundle
8793785303258,46211353837786,Bulking Bundle,vanilla / Orange,,Bulking,100.00,4.00,default,104.00,+4.00,4.0%,,True,,https://cdn.shopify.com/s/files/1/0737/7384/2650/files/Website-Bulking-Bunlde-Banner_1.jpg?v=1741898013,https://proteindistrictlb.com/products/bulking-bundle
8793785303258,46211353870554,Bulking Bundle,vanilla / Peach,,Bulking,100.00,4.00,default,104.00,+4.00,4.0%,,True,,https://cdn.shopify.com/s/files/1/0737/7384/2650/files/Website-Bulking-Bunlde-Banner_1.jpg?v=1741898013,https://proteindistrictlb.com/products/bulking-bundle
8804408885466,46251801084122,Bsn True Mass,Product / 4.7 kg - 15 serving / chocolate,Mass gainers,BSN,80.00,6.00,Mass gainers,86.00,+6.00,7.5%,,True,,https://cdn.shopify.com/s/files/1/0737/7384/2650/files/BsnTrueMass.jpg?v=1742489627,https://proteindistrictlb.com/products/bsn-true-mass
8804408885466,46743357948122,Bsn True Mass,Product / nutrition facts / chocolate,Mass gainers,BSN,80.00,6.00,Mass gainers,86.00,+6.00,7.5%,,True,,https://cdn.shopify.com/s/files/1/0737/7384/2650/files/BsnTrueMass.jpg?v=1742489627,https://proteindistrictlb.com/products/bsn-true-mass
8804382441690,46251612897498,Nuclear Nutrition Creatine,Product / 300g - 100 serving / blue raspberry,Blend creatine | Creatine,Nuclear Nutrition,25.00,5.00,Blend creatine,30.00,+5.00,20.0%,,True,,https://cdn.shopify.com/s/files/1/0737/7384/2650/files/4.jpg?v=1742491594,https://proteindistrictlb.com/products/nuclear-nutrition-creatine
8804382441690,46743360930010,Nuclear Nutrition Creatine,Product / nutrition facts / blue raspberry,Blend creatine | Creatine,Nuclear Nutrition,25.00,5.00,Blend creatine,30.00,+5.00,20.0%,,True,,https://cdn.shopify.com/s/files/1/0737/7384/2650/files/4.jpg?v=1742491594,https://proteindistrictlb.com/products/nuclear-nutrition-creatine
8784989651162,46185267462362,Maintenance Bundle,2kg - 65 serving / chocolate fudge / blue raspberry,,Maintenance,159.00,4.00,default,163.00,+4.00,2.5%,,True,,https://cdn.shopify.com/s/files/1/0737/7384/2650/files/Website-maintenance-Bunlde-Banner_1.jpg?v=1741897262,https://proteindistrictlb.com/products/maintenance-bundle
8784989651162,46211352920282,Maintenance Bundle,2kg - 65 serving / chocolate fudge / fruit punch,,Maintenance,159.00,4.00,default,163.00,+4.00,2.5%,,True,,https://cdn.shopify.com/s/files/1/0737/7384/2650/files/Website-maintenance-Bunlde-Banner_1.jpg?v=1741897262,https://proteindistrictlb.com/products/maintenance-bundle
8784989651162,46211352953050,Maintenance Bundle,2kg - 65 serving / chocolate fudge / peach mango,,Maintenance,159.00,4.00,default,163.00,+4.00,2.5%,,True,,https://cdn.shopify.com/s/files/1/0737/7384/2650/files/Website-maintenance-Bunlde-Banner_1.jpg?v=1741897262,https://proteindistrictlb.com/products/maintenance-bundle
8784989651162,46211352985818,Maintenance Bundle,2kg - 65 serving / vanilla ice cream / blue raspberry,,Maintenance,159.00,4.00,default,163.00,+4.00,2.5%,,True,,https://cdn.shopify.com/s/files/1/0737/7384/2650/files/Website-maintenance-Bunlde-Banner_1.jpg?v=1741897262,https://proteindistrictlb.com/products/maintenance-bundle
8784989651162,46211353018586,Maintenance Bundle,2kg - 65 serving / vanilla ice cream / fruit punch,,Maintenance,159.00,4.00,default,163.00,+4.00,2.5%,,True,,https://cdn.shopify.com/s/files/1/0737/7384/2650/files/Website-maintenance-Bunlde-Banner_1.jpg?v=1741897262,https://proteindistrictlb.com/products/maintenance-bundle
8784989651162,46211353051354,Maintenance Bundle,2kg - 65 serving / vanilla ice cream / peach mango,,Maintenance,159.00,4.00,default,163.00,+4.00,2.5%,,True,,https://cdn.shopify.com/s/files/1/0737/7384/2650/files/Website-maintenance-Bunlde-Banner_1.jpg?v=1741897262,https://proteindistrictlb.com/products/maintenance-bundle
8784989651162,46211353084122,Maintenance Bundle,2kg - 65 serving / lightly salted caramel / blue raspberry,,Maintenance,159.00,4.00,default,163.00,+4.00,2.5%,,True,,https://cdn.shopify.com/s/files/1/0737/7384/2650/files/Website-maintenance-Bunlde-Banner_1.jpg?v=1741897262,https://proteindistrictlb.com/products/maintenance-bundle
8784989651162,46211353116890,Maintenance Bundle,2kg - 65 serving / lightly salted caramel / fruit punch,,Maintenance,159.00,4.00,default,163.00,+4.00,2.5%,,True,,https://cdn.shopify.com/s/files/1/0737/7384/2650/files/Website-maintenance-Bunlde-Banner_1.jpg?v=1741897262,https://proteindistrictlb.com/products/maintenance-bundle
8784989651162,46211353149658,Maintenance Bundle,2kg - 65 serving / lightly salted caramel / peach mango,,Maintenance,159.00,4.00,default,163.00,+4.00,2.5%,,True,,https://cdn.shopify.com/s/files/1/0737/7384/2650/files/Website-maintenance-Bunlde-Banner_1.jpg?v=1741897262,https://proteindistrictlb.com/products/maintenance-bundle
8784989651162,46211353182426,Maintenance Bundle,910g - 26 serving / chocolate fudge / blue raspberry,,Maintenance,129.00,4.00,default,133.00,+4.00,3.1%,,True,,https://cdn.shopify.com/s/files/1/0737/7384/2650/files/Website-maintenance-Bunlde-Banner_1.jpg?v=1741897262,https://proteindistrictlb.com/products/maintenance-bundle
8784989651162,46211353215194,Maintenance Bundle,910g - 26 serving / chocolate fudge / fruit punch,,Maintenance,129.00,4.00,default,133.00,+4.00,3.1%,,True,,https://cdn.shopify.com/s/files/1/0737/7384/2650/files/Website-maintenance-Bunlde-Banner_1.jpg?v=1741897262,https://proteindistrictlb.com/products/maintenance-bundle
8784989651162,46211353247962,Maintenance Bundle,910g - 26 serving / chocolate fudge / peach mango,,Maintenance,129.00,4.00,default,133.00,+4.00,3.1%,,True,,https://cdn.shopify.com/s/files/1/0737/7384/2650/files/Website-maintenance-Bunlde-Banner_1.jpg?v=1741897262,https://proteindistrictlb.com/products/maintenance-bundle
8784989651162,46211353280730,Maintenance Bundle,910g - 26 serving / vanilla ice cream / blue raspberry,,Maintenance,129.00,4.00,default,133.00,+4.00,3.1%,,True,,https://cdn.shopify.com/s/files/1/0737/7384/2650/files/Website-maintenance-Bunlde-Banner_1.jpg?v=1741897262,https://proteindistrictlb.com/products/maintenance-bundle
8784989651162,46211353313498,Maintenance Bundle,910g - 26 serving / vanilla ice cream / fruit punch,,Maintenance,129.00,4.00,default,133.00,+4.00,3.1%,,True,,https://cdn.shopify.com/s/files/1/0737/7384/2650/files/Website-maintenance-Bunlde-Banner_1.jpg?v=1741897262,https://proteindistrictlb.com/products/maintenance-bundle
8784989651162,46211353346266,Maintenance Bundle,910g - 26 serving / vanilla ice cream / peach mango,,Maintenance,129.00,4.00,default,133.00,+4.00,3.1%,,True,,https://cdn.shopify.com/s/files/1/0737/7384/2650/files/Website-maintenance-Bunlde-Banner_1.jpg?v=1741897262,https://proteindistrictlb.com/products/maintenance-bundle
8784989651162,46211353379034,Maintenance Bundle,910g - 26 serving / lightly salted caramel / blue raspberry,,Maintenance,129.00,4.00,default,133.00,+4.00,3.1%,,True,,https://cdn.shopify.com/s/files/1/0737/7384/2650/files/Website-maintenance-Bunlde-Banner_1.jpg?v=1741897262,https://proteindistrictlb.com/products/maintenance-bundle
8784989651162,46211353411802,Maintenance Bundle,910g - 26 serving / lightly salted caramel / fruit punch,,Maintenance,129.00,4.00,default,133.00,+4.00,3.1%,,True,,https://cdn.shopify.com/s/files/1/0737/7384/2650/files/Website-maintenance-Bunlde-Banner_1.jpg?v=1741897262,https://proteindistrictlb.com/products/maintenance-bundle
8784989651162,46211353444570,Maintenance Bundle,910g - 26 serving / lightly salted caramel / peach mango,,Maintenance,129.00,4.00,default,133.00,+4.00,3.1%,,True,,https://cdn.shopify.com/s/files/1/0737/7384/2650/files/Website-maintenance-Bunlde-Banner_1.jpg?v=1741897262,https://proteindistrictlb.com/products/maintenance-bundle
8800867844314,46238515036378,Usn Anabolic Mass Gainer,Product / 12 lbs - 16 serving,Mass gainers,Usn Anabolic,65.00,6.00,Mass gainers,71.00,+6.00,9.2%,,True,,https://cdn.shopify.com/s/files/1/0737/7384/2650/files/6.jpg?v=1742491540,https://proteindistrictlb.com/products/usn-anabolic-mass-gainer
8800867844314,46743362863322,Usn Anabolic Mass Gainer,Product / Nutrition Facts,Mass gainers,Usn Anabolic,65.00,6.00,Mass gainers,71.00,+6.00,9.2%,,True,,https://cdn.shopify.com/s/files/1/0737/7384/2650/files/6.jpg?v=1742491540,https://proteindistrictlb.com/products/usn-anabolic-mass-gainer
8800865583322,46238508450010,Body Attack Magnesium+Calcium,Product / 250 tablets,Calcium | Magnesium | Vitamins,Body Attack,25.00,5.00,Magnesium,30.00,+5.00,20.0%,,True,,https://cdn.shopify.com/s/files/1/0737/7384/2650/files/BodyAttackMagnesium_Calcium.jpg?v=1742489730,https://proteindistrictlb.com/products/body-attack-magnesium-calcium
8800865583322,46743363158234,Body Attack Magnesium+Calcium,Product / Nutrition Facts,Calcium | Magnesium | Vitamins,Body Attack,25.00,5.00,Magnesium,30.00,+5.00,20.0%,,True,,https://cdn.shopify.com/s/files/1/0737/7384/2650/files/BodyAttackMagnesium_Calcium.jpg?v=1742489730,https://proteindistrictlb.com/products/body-attack-magnesium-calcium
8800851755226,46238467784922,Body Attack Multi Vitamin,Product / 100 capsules,Multi Vitamin | Vitamins,Body Attack,25.00,5.00,Multi Vitamin,30.00,+5.00,20.0%,,True,,https://cdn.shopify.com/s/files/1/0737/7384/2650/files/01-198-050-Multi-vitamin-100tabs-web.jpg?v=1741473603,https://proteindistrictlb.com/products/body-attack-multi-vitamin
8800851755226,46743369056474,Body Attack Multi Vitamin,Product / Nutrition Facts,Multi Vitamin | Vitamins,Body Attack,25.00,5.00,Multi Vitamin,30.00,+5.00,20.0%,,True,,https://cdn.shopify.com/s/files/1/0737/7384/2650/files/01-198-050-Multi-vitamin-100tabs-web.jpg?v=1741473603,https://proteindistrictlb.com/products/body-attack-multi-vitamin
8799528845530,46235011317978,Body Attack B-Complex,Product / 100 caps,Vitamin B | Vitamins,Body Attack,25.00,5.00,Vitamin B,30.00,+5.00,20.0%,,True,,https://cdn.shopify.com/s/files/1/0737/7384/2650/files/BodyAttackB-Complex.jpg?v=1742489769,https://proteindistrictlb.com/products/body-attack-b-complex
8799528845530,46743370137818,Body Attack B-Complex,Product / Nutrition Facts,Vitamin B | Vitamins,Body Attack,25.00,5.00,Vitamin B,30.00,+5.00,20.0%,,True,,https://cdn.shopify.com/s/files/1/0737/7384/2650/files/BodyAttackB-Complex.jpg?v=1742489769,https://proteindistrictlb.com/products/body-attack-b-complex
8799524454618,46234983039194,Swanson Glucomannan,Product / 90 capsules / 665 mg,Fat burners | Glucomannan,Swanson,30.00,6.00,Fat burners,36.00,+6.00,20.0%,,True,,https://cdn.shopify.com/s/files/1/0737/7384/2650/files/SwansonGlucomannan.jpg?v=1742490685,https://proteindistrictlb.com/products/swanson-glucomannan
8799524454618,46743370924250,Swanson Glucomannan,Product / Nutrition Facts / 665 mg,Fat burners | Glucomannan,Swanson,30.00,6.00,Fat burners,36.00,+6.00,20.0%,,True,,https://cdn.shopify.com/s/files/1/0737/7384/2650/files/SwansonGlucomannan.jpg?v=1742490685,https://proteindistrictlb.com/products/swanson-glucomannan
8798981325018,46232185405658,Applied Nutrition Tongkat Ali,Product / 60 capsules / 1200 mg,Testo booster | ⁠⁠Tongkat ali,Applied Nutrition,40.00,6.00,Testo booster,46.00,+6.00,15.0%,,True,,https://cdn.shopify.com/s/files/1/0737/7384/2650/files/Tongkat_Ali_60_Capsules_1000x1000_65ab1a14-672c-4192-abe1-1130d35d9612.webp?v=1741473669,https://proteindistrictlb.com/products/applied-nutrition-tongat-ali
8798981325018,46743371219162,Applied Nutrition Tongkat Ali,Product / Nutrition Facts / 1200 mg,Testo booster | ⁠⁠Tongkat ali,Applied Nutrition,40.00,6.00,Testo booster,46.00,+6.00,15.0%,,True,,https://cdn.shopify.com/s/files/1/0737/7384/2650/files/Tongkat_Ali_60_Capsules_1000x1000_65ab1a14-672c-4192-abe1-1130d35d9612.webp?v=1741473669,https://proteindistrictlb.com/products/applied-nutrition-tongat-ali
8798780162266,46231306338522,Applied Nutrition Critical Mass,Product / 6kg - 25 serving / cookies and cream,Mass gainers,Applied Nutrition,85.00,6.00,Mass gainers,91.00,+6.00,7.1%,,True,,https://cdn.shopify.com/s/files/1/0737/7384/2650/files/CriticalMass6kg_Original_-Chocolate_600x600_fbc01772-a7d9-4025-88ef-a30c3f398779.webp?v=1741473676,https://proteindistrictlb.com/products/applied-nutrition-critical-mass
8798780162266,46231306371290,Applied Nutrition Critical Mass,Product / 6kg - 25 serving / chocolate,Mass gainers,Applied Nutrition,85.00,6.00,Mass gainers,91.00,+6.00,7.1%,,True,,https://cdn.shopify.com/s/files/1/0737/7384/2650/files/CriticalMass6kg_Original_-Chocolate_600x600_fbc01772-a7d9-4025-88ef-a30c3f398779.webp?v=1741473676,https://proteindistrictlb.com/products/applied-nutrition-critical-mass
8798780162266,46231306404058,Applied Nutrition Critical Mass,Product / 6kg - 25 serving / strawberry,Mass gainers,Applied Nutrition,85.00,6.00,Mass gainers,91.00,+6.00,7.1%,,True,,https://cdn.shopify.com/s/files/1/0737/7384/2650/files/CriticalMass6kg_Original_-Chocolate_600x600_fbc01772-a7d9-4025-88ef-a30c3f398779.webp?v=1741473676,https://proteindistrictlb.com/products/applied-nutrition-critical-mass
8798780162266,46743372464346,Applied Nutrition Critical Mass,Product / Nutrition Facts / cookies and cream,Mass gainers,Applied Nutrition,85.00,6.00,Mass gainers,91.00,+6.00,7.1%,,True,,https://cdn.shopify.com/s/files/1/0737/7384/2650/files/CriticalMass6kg_Original_-Chocolate_600x600_fbc01772-a7d9-4025-88ef-a30c3f398779.webp?v=1741473676,https://proteindistrictlb.com/products/applied-nutrition-critical-mass
8798780162266,46743372497114,Applied Nutrition Critical Mass,Product / Nutrition Facts / chocolate,Mass gainers,Applied Nutrition,85.00,6.00,Mass gainers,91.00,+6.00,7.1%,,True,,https://cdn.shopify.com/s/files/1/0737/7384/2650/files/CriticalMass6kg_Original_-Chocolate_600x600_fbc01772-a7d9-4025-88ef-a30c3f398779.webp?v=1741473676,https://proteindistrictlb.com/products/applied-nutrition-critical-mass
8798780162266,46743372529882,Applied Nutrition Critical Mass,Product / Nutrition Facts / strawberry,Mass gainers,Applied Nutrition,85.00,6.00,Mass gainers,91.00,+6.00,7.1%,,True,,https://cdn.shopify.com/s/files/1/0737/7384/2650/files/CriticalMass6kg_Original_-Chocolate_600x600_fbc01772-a7d9-4025-88ef-a30c3f398779.webp?v=1741473676,https://proteindistrictlb.com/products/applied-nutrition-critical-mass
8798774100186,46231298048218,Nutrex L-Arginine,Product / 120 capsules / 1000 mg,Arginine | Pre workouts,Nutrex Research,20.00,5.00,Pre workouts,25.00,+5.00,25.0%,,True,,https://cdn.shopify.com/s/files/1/0737/7384/2650/files/arginine-nutrex-the-supplements-factory-1.webp?v=1741473685,https://proteindistrictlb.com/products/nutrex-l-arginine
8798774100186,46246989463770,Nutrex L-Arginine,Nutrition Facts / 120 capsules / 1000 mg,Arginine | Pre workouts,Nutrex Research,20.00,5.00,Pre workouts,25.00,+5.00,25.0%,,True,,https://cdn.shopify.com/s/files/1/0737/7384/2650/files/arginine-nutrex-the-supplements-factory-1.webp?v=1741473685,https://proteindistrictlb.com/products/nutrex-l-arginine
8798747033818,46231213670618,Biotech Usa L-Arginine,Product / 300g - 150 serving / 3g,Arginine | Pre workouts,BioTechUSA,40.00,5.00,Pre workouts,45.00,+5.00,12.5%,,True,,https://cdn.shopify.com/s/files/1/0737/7384/2650/files/1.jpg?v=1742491616,https://proteindistrictlb.com/products/biotech-usa-l-arginine
8798747033818,46246995689690,Biotech Usa L-Arginine,Nutrition Facts / 300g - 150 serving / 3g,Arginine | Pre workouts,BioTechUSA,40.00,5.00,Pre workouts,45.00,+5.00,12.5%,,True,,https://cdn.shopify.com/s/files/1/0737/7384/2650/files/1.jpg?v=1742491616,https://proteindistrictlb.com/products/biotech-usa-l-arginine
8798685167834,46231067656410,Quamtrax Collagen Powder,30 scoops / 10g,Beauty Care | Collagen | Vitamins,Quamtrax Nutrition,40.00,6.00,Beauty Care,46.00,+6.00,15.0%,,True,,https://cdn.shopify.com/s/files/1/0737/7384/2650/files/collagen-142540.webp?v=1741473696,https://proteindistrictlb.com/products/quamtrax-collagen-powder
8798685167834,46743374397658,Quamtrax Collagen Powder,nutrition facts / 10g,Beauty Care | Collagen | Vitamins,Quamtrax Nutrition,40.00,6.00,Beauty Care,46.00,+6.00,15.0%,,True,,https://cdn.shopify.com/s/files/1/0737/7384/2650/files/collagen-142540.webp?v=1741473696,https://proteindistrictlb.com/products/quamtrax-collagen-powder
8770327970010,46137338953946,Biotech Usa Iso Whey Zero,Product / 1.8kg - 72 servings / chocolate,Isolate | Whey protein,BioTechUSA,144.00,5.00,Whey protein,149.00,+5.00,3.5%,,True,,https://cdn.shopify.com/s/files/1/0737/7384/2650/files/71q6AgWUM_L._AC_SX425.jpg?v=1737460617,https://proteindistrictlb.com/products/biotech-usa-iso-whey-zero
8770327970010,46137338986714,Biotech Usa Iso Whey Zero,Product / 1.8kg - 72 servings / strawberry,Isolate | Whey protein,BioTechUSA,144.00,5.00,Whey protein,149.00,+5.00,3.5%,,True,,https://cdn.shopify.com/s/files/1/0737/7384/2650/files/71q6AgWUM_L._AC_SX425.jpg?v=1737460617,https://proteindistrictlb.com/products/biotech-usa-iso-whey-zero
8770327970010,46137339019482,Biotech Usa Iso Whey Zero,Product / 1.8kg - 72 servings / caffe latte,Isolate | Whey protein,BioTechUSA,144.00,5.00,Whey protein,149.00,+5.00,3.5%,,True,,https://cdn.shopify.com/s/files/1/0737/7384/2650/files/71q6AgWUM_L._AC_SX425.jpg?v=1737460617,https://proteindistrictlb.com/products/biotech-usa-iso-whey-zero
8770327970010,46137339052250,Biotech Usa Iso Whey Zero,Product / 1.8kg - 72 servings / vanilla,Isolate | Whey protein,BioTechUSA,144.00,5.00,Whey protein,149.00,+5.00,3.5%,,True,,https://cdn.shopify.com/s/files/1/0737/7384/2650/files/71q6AgWUM_L._AC_SX425.jpg?v=1737460617,https://proteindistrictlb.com/products/biotech-usa-iso-whey-zero
8770327970010,46137339085018,Biotech Usa Iso Whey Zero,Product / 1.8kg - 72 servings / cookies and cream,Isolate | Whey protein,BioTechUSA,144.00,5.00,Whey protein,149.00,+5.00,3.5%,,True,,https://cdn.shopify.com/s/files/1/0737/7384/2650/files/71q6AgWUM_L._AC_SX425.jpg?v=1737460617,https://proteindistrictlb.com/products/biotech-usa-iso-whey-zero
8770327970010,46137339117786,Biotech Usa Iso Whey Zero,Product / 908g - 36 servings / chocolate,Isolate | Whey protein,BioTechUSA,75.00,5.00,Whey protein,80.00,+5.00,6.7%,,True,,https://cdn.shopify.com/s/files/1/0737/7384/2650/files/71q6AgWUM_L._AC_SX425.jpg?v=1737460617,https://proteindistrictlb.com/products/biotech-usa-iso-whey-zero
8770327970010,46137339150554,Biotech Usa Iso Whey Zero,Product / 908g - 36 servings / strawberry,Isolate | Whey protein,BioTechUSA,75.00,5.00,Whey protein,80.00,+5.00,6.7%,,True,,https://cdn.shopify.com/s/files/1/0737/7384/2650/files/71q6AgWUM_L._AC_SX425.jpg?v=1737460617,https://proteindistrictlb.com/products/biotech-usa-iso-whey-zero
8770327970010,46137339183322,Biotech Usa Iso Whey Zero,Product / 908g - 36 servings / caffe latte,Isolate | Whey protein,BioTechUSA,75.00,5.00,Whey protein,80.00,+5.00,6.7%,,True,,https://cdn.shopify.com/s/files/1/0737/7384/2650/files/71q6AgWUM_L._AC_SX425.jpg?v=1737460617,https://proteindistrictlb.com/products/biotech-usa-iso-whey-zero
8770327970010,46137339216090,Biotech Usa Iso Whey Zero,Product / 908g - 36 servings / vanilla,Isolate | Whey protein,BioTechUSA,75.00,5.00,Whey protein,80.00,+5.00,6.7%,,True,,https://cdn.shopify.com/s/files/1/0737/7384/2650/files/71q6AgWUM_L._AC_SX425.jpg?v=1737460617,https://proteindistrictlb.com/products/biotech-usa-iso-whey-zero
8770327970010,46137339248858,Biotech Usa Iso Whey Zero,Product / 908g - 36 servings / cookies and cream,Isolate | Whey protein,BioTechUSA,75.00,5.00,Whey protein,80.00,+5.00,6.7%,,True,,https://cdn.shopify.com/s/files/1/0737/7384/2650/files/71q6AgWUM_L._AC_SX425.jpg?v=1737460617,https://proteindistrictlb.com/products/biotech-usa-iso-whey-zero
8770327970010,46137339281626,Biotech Usa Iso Whey Zero,Product / 500g - 20 servings / chocolate,Isolate | Whey protein,BioTechUSA,45.00,5.00,Whey protein,50.00,+5.00,11.1%,,True,,https://cdn.shopify.com/s/files/1/0737/7384/2650/files/71q6AgWUM_L._AC_SX425.jpg?v=1737460617,https://proteindistrictlb.com/products/biotech-usa-iso-whey-zero
8770327970010,46137339314394,Biotech Usa Iso Whey Zero,Product / 500g - 20 servings / strawberry,Isolate | Whey protein,BioTechUSA,45.00,5.00,Whey protein,50.00,+5.00,11.1%,,True,,https://cdn.shopify.com/s/files/1/0737/7384/2650/files/71q6AgWUM_L._AC_SX425.jpg?v=1737460617,https://proteindistrictlb.com/products/biotech-usa-iso-whey-zero
8770327970010,46137339347162,Biotech Usa Iso Whey Zero,Product / 500g - 20 servings / caffe latte,Isolate | Whey protein,BioTechUSA,45.00,5.00,Whey protein,50.00,+5.00,11.1%,,True,,https://cdn.shopify.com/s/files/1/0737/7384/2650/files/71q6AgWUM_L._AC_SX425.jpg?v=1737460617,https://proteindistrictlb.com/products/biotech-usa-iso-whey-zero
8770327970010,46137339379930,Biotech Usa Iso Whey Zero,Product / 500g - 20 servings / vanilla,Isolate | Whey protein,BioTechUSA,45.00,5.00,Whey protein,50.00,+5.00,11.1%,,True,,https://cdn.shopify.com/s/files/1/0737/7384/2650/files/71q6AgWUM_L._AC_SX425.jpg?v=1737460617,https://proteindistrictlb.com/products/biotech-usa-iso-whey-zero
8770327970010,46137339412698,Biotech Usa Iso Whey Zero,Product / 500g - 20 servings / cookies and cream,Isolate | Whey protein,BioTechUSA,45.00,5.00,Whey protein,50.00,+5.00,11.1%,,True,,https://cdn.shopify.com/s/files/1/0737/7384/2650/files/71q6AgWUM_L._AC_SX425.jpg?v=1737460617,https://proteindistrictlb.com/products/biotech-usa-iso-whey-zero
8770327970010,46222024802522,Biotech Usa Iso Whey Zero,Product / 25g - 1 serving / chocolate,Isolate | Whey protein,BioTechUSA,3.00,5.00,Whey protein,4.00,+1.00,33.3%,yes,True,,https://cdn.shopify.com/s/files/1/0737/7384/2650/files/71q6AgWUM_L._AC_SX425.jpg?v=1737460617,https://proteindistrictlb.com/products/biotech-usa-iso-whey-zero
8770327970010,46222024835290,Biotech Usa Iso Whey Zero,Product / 25g - 1 serving / strawberry,Isolate | Whey protein,BioTechUSA,3.00,5.00,Whey protein,4.00,+1.00,33.3%,yes,True,,https://cdn.shopify.com/s/files/1/0737/7384/2650/files/71q6AgWUM_L._AC_SX425.jpg?v=1737460617,https://proteindistrictlb.com/products/biotech-usa-iso-whey-zero
8770327970010,46222024868058,Biotech Usa Iso Whey Zero,Product / 25g - 1 serving / caffe latte,Isolate | Whey protein,BioTechUSA,3.00,5.00,Whey protein,4.00,+1.00,33.3%,yes,True,,https://cdn.shopify.com/s/files/1/0737/7384/2650/files/71q6AgWUM_L._AC_SX425.jpg?v=1737460617,https://proteindistrictlb.com/products/biotech-usa-iso-whey-zero
8770327970010,46222024900826,Biotech Usa Iso Whey Zero,Product / 25g - 1 serving / vanilla,Isolate | Whey protein,BioTechUSA,3.00,5.00,Whey protein,4.00,+1.00,33.3%,yes,True,,https://cdn.shopify.com/s/files/1/0737/7384/2650/files/71q6AgWUM_L._AC_SX425.jpg?v=1737460617,https://proteindistrictlb.com/products/biotech-usa-iso-whey-zero
8770327970010,46222024933594,Biotech Usa Iso Whey Zero,Product / 25g - 1 serving / cookies and cream,Isolate | Whey protein,BioTechUSA,3.00,5.00,Whey protein,4.00,+1.00,33.3%,yes,True,,https://cdn.shopify.com/s/files/1/0737/7384/2650/files/71q6AgWUM_L._AC_SX425.jpg?v=1737460617,https://proteindistrictlb.com/products/biotech-usa-iso-whey-zero
8770327970010,46257982701786,Biotech Usa Iso Whey Zero,Nutrition Facts / 1.8kg - 72 servings / chocolate,Isolate | Whey protein,BioTechUSA,144.00,5.00,Whey protein,149.00,+5.00,3.5%,,True,,https://cdn.shopify.com/s/files/1/0737/7384/2650/files/71q6AgWUM_L._AC_SX425.jpg?v=1737460617,https://proteindistrictlb.com/products/biotech-usa-iso-whey-zero
8770327970010,46257982734554,Biotech Usa Iso Whey Zero,Nutrition Facts / 1.8kg - 72 servings / strawberry,Isolate | Whey protein,BioTechUSA,144.00,5.00,Whey protein,149.00,+5.00,3.5%,,True,,https://cdn.shopify.com/s/files/1/0737/7384/2650/files/71q6AgWUM_L._AC_SX425.jpg?v=1737460617,https://proteindistrictlb.com/products/biotech-usa-iso-whey-zero
8770327970010,46257982767322,Biotech Usa Iso Whey Zero,Nutrition Facts / 1.8kg - 72 servings / caffe latte,Isolate | Whey protein,BioTechUSA,144.00,5.00,Whey protein,149.00,+5.00,3.5%,,True,,https://cdn.shopify.com/s/files/1/0737/7384/2650/files/71q6AgWUM_L._AC_SX425.jpg?v=1737460617,https://proteindistrictlb.com/products/biotech-usa-iso-whey-zero
8770327970010,46257982800090,Biotech Usa Iso Whey Zero,Nutrition Facts / 1.8kg - 72 servings / vanilla,Isolate | Whey protein,BioTechUSA,144.00,5.00,Whey protein,149.00,+5.00,3.5%,,True,,https://cdn.shopify.com/s/files/1/0737/7384/2650/files/71q6AgWUM_L._AC_SX425.jpg?v=1737460617,https://proteindistrictlb.com/products/biotech-usa-iso-whey-zero
8770327970010,46257982832858,Biotech Usa Iso Whey Zero,Nutrition Facts / 1.8kg - 72 servings / cookies and cream,Isolate | Whey protein,BioTechUSA,125.00,5.00,Whey protein,130.00,+5.00,4.0%,,True,,https://cdn.shopify.com/s/files/1/0737/7384/2650/files/71q6AgWUM_L._AC_SX425.jpg?v=1737460617,https://proteindistrictlb.com/products/biotech-usa-iso-whey-zero
8770327970010,46257982865626,Biotech Usa Iso Whey Zero,Nutrition Facts / 908g - 36 servings / chocolate,Isolate | Whey protein,BioTechUSA,75.00,5.00,Whey protein,80.00,+5.00,6.7%,,True,,https://cdn.shopify.com/s/files/1/0737/7384/2650/files/71q6AgWUM_L._AC_SX425.jpg?v=1737460617,https://proteindistrictlb.com/products/biotech-usa-iso-whey-zero
8770327970010,46257982898394,Biotech Usa Iso Whey Zero,Nutrition Facts / 908g - 36 servings / strawberry,Isolate | Whey protein,BioTechUSA,75.00,5.00,Whey protein,80.00,+5.00,6.7%,,True,,https://cdn.shopify.com/s/files/1/0737/7384/2650/files/71q6AgWUM_L._AC_SX425.jpg?v=1737460617,https://proteindistrictlb.com/products/biotech-usa-iso-whey-zero
8770327970010,46257982931162,Biotech Usa Iso Whey Zero,Nutrition Facts / 908g - 36 servings / caffe latte,Isolate | Whey protein,BioTechUSA,75.00,5.00,Whey protein,80.00,+5.00,6.7%,,True,,https://cdn.shopify.com/s/files/1/0737/7384/2650/files/71q6AgWUM_L._AC_SX425.jpg?v=1737460617,https://proteindistrictlb.com/products/biotech-usa-iso-whey-zero
8770327970010,46257982963930,Biotech Usa Iso Whey Zero,Nutrition Facts / 908g - 36 servings / vanilla,Isolate | Whey protein,BioTechUSA,75.00,5.00,Whey protein,80.00,+5.00,6.7%,,True,,https://cdn.shopify.com/s/files/1/0737/7384/2650/files/71q6AgWUM_L._AC_SX425.jpg?v=1737460617,https://proteindistrictlb.com/products/biotech-usa-iso-whey-zero
8770327970010,46257982996698,Biotech Usa Iso Whey Zero,Nutrition Facts / 908g - 36 servings / cookies and cream,Isolate | Whey protein,BioTechUSA,75.00,5.00,Whey protein,80.00,+5.00,6.7%,,True,,https://cdn.shopify.com/s/files/1/0737/7384/2650/files/71q6AgWUM_L._AC_SX425.jpg?v=1737460617,https://proteindistrictlb.com/products/biotech-usa-iso-whey-zero
8770327970010,46257983029466,Biotech Usa Iso Whey Zero,Nutrition Facts / 500g - 20 servings / chocolate,Isolate | Whey protein,BioTechUSA,45.00,5.00,Whey protein,50.00,+5.00,11.1%,,True,,https://cdn.shopify.com/s/files/1/0737/7384/2650/files/71q6AgWUM_L._AC_SX425.jpg?v=1737460617,https://proteindistrictlb.com/products/biotech-usa-iso-whey-zero
8770327970010,46257983062234,Biotech Usa Iso Whey Zero,Nutrition Facts / 500g - 20 servings / strawberry,Isolate | Whey protein,BioTechUSA,45.00,5.00,Whey protein,50.00,+5.00,11.1%,,True,,https://cdn.shopify.com/s/files/1/0737/7384/2650/files/71q6AgWUM_L._AC_SX425.jpg?v=1737460617,https://proteindistrictlb.com/products/biotech-usa-iso-whey-zero
8770327970010,46257983095002,Biotech Usa Iso Whey Zero,Nutrition Facts / 500g - 20 servings / caffe latte,Isolate | Whey protein,BioTechUSA,45.00,5.00,Whey protein,50.00,+5.00,11.1%,,True,,https://cdn.shopify.com/s/files/1/0737/7384/2650/files/71q6AgWUM_L._AC_SX425.jpg?v=1737460617,https://proteindistrictlb.com/products/biotech-usa-iso-whey-zero
8770327970010,46257983127770,Biotech Usa Iso Whey Zero,Nutrition Facts / 500g - 20 servings / vanilla,Isolate | Whey protein,BioTechUSA,45.00,5.00,Whey protein,50.00,+5.00,11.1%,,True,,https://cdn.shopify.com/s/files/1/0737/7384/2650/files/71q6AgWUM_L._AC_SX425.jpg?v=1737460617,https://proteindistrictlb.com/products/biotech-usa-iso-whey-zero
8770327970010,46257983160538,Biotech Usa Iso Whey Zero,Nutrition Facts / 500g - 20 servings / cookies and cream,Isolate | Whey protein,BioTechUSA,45.00,5.00,Whey protein,50.00,+5.00,11.1%,,True,,https://cdn.shopify.com/s/files/1/0737/7384/2650/files/71q6AgWUM_L._AC_SX425.jpg?v=1737460617,https://proteindistrictlb.com/products/biotech-usa-iso-whey-zero
8770327970010,46257983193306,Biotech Usa Iso Whey Zero,Nutrition Facts / 25g - 1 serving / chocolate,Isolate | Whey protein,BioTechUSA,3.00,5.00,Whey protein,4.00,+1.00,33.3%,yes,True,,https://cdn.shopify.com/s/files/1/0737/7384/2650/files/71q6AgWUM_L._AC_SX425.jpg?v=1737460617,https://proteindistrictlb.com/products/biotech-usa-iso-whey-zero
8770327970010,46257983226074,Biotech Usa Iso Whey Zero,Nutrition Facts / 25g - 1 serving / strawberry,Isolate | Whey protein,BioTechUSA,3.00,5.00,Whey protein,4.00,+1.00,33.3%,yes,True,,https://cdn.shopify.com/s/files/1/0737/7384/2650/files/71q6AgWUM_L._AC_SX425.jpg?v=1737460617,https://proteindistrictlb.com/products/biotech-usa-iso-whey-zero
8770327970010,46257983258842,Biotech Usa Iso Whey Zero,Nutrition Facts / 25g - 1 serving / caffe latte,Isolate | Whey protein,BioTechUSA,3.00,5.00,Whey protein,4.00,+1.00,33.3%,yes,True,,https://cdn.shopify.com/s/files/1/0737/7384/2650/files/71q6AgWUM_L._AC_SX425.jpg?v=1737460617,https://proteindistrictlb.com/products/biotech-usa-iso-whey-zero
8770327970010,46257983291610,Biotech Usa Iso Whey Zero,Nutrition Facts / 25g - 1 serving / vanilla,Isolate | Whey protein,BioTechUSA,3.00,5.00,Whey protein,4.00,+1.00,33.3%,yes,True,,https://cdn.shopify.com/s/files/1/0737/7384/2650/files/71q6AgWUM_L._AC_SX425.jpg?v=1737460617,https://proteindistrictlb.com/products/biotech-usa-iso-whey-zero
8770327970010,46257983324378,Biotech Usa Iso Whey Zero,Nutrition Facts / 25g - 1 serving / cookies and cream,Isolate | Whey protein,BioTechUSA,3.00,5.00,Whey protein,4.00,+1.00,33.3%,yes,True,,https://cdn.shopify.com/s/files/1/0737/7384/2650/files/71q6AgWUM_L._AC_SX425.jpg?v=1737460617,https://proteindistrictlb.com/products/biotech-usa-iso-whey-zero
8797716938970,46227486605530,Biotech Usa Beef Protein,Product / 1.8kg - 60 serving,Beef | Whey protein,BioTechUSA,100.00,5.00,Whey protein,105.00,+5.00,5.0%,,True,,https://cdn.shopify.com/s/files/1/0737/7384/2650/files/BiotechUsaBeefProtein.jpg?v=1742489802,https://proteindistrictlb.com/products/biotech-usa-beef-protein
8797716938970,46247014596826,Biotech Usa Beef Protein,Nutrition Facts / 1.8kg - 60 serving,Beef | Whey protein,BioTechUSA,100.00,5.00,Whey protein,105.00,+5.00,5.0%,,True,,https://cdn.shopify.com/s/files/1/0737/7384/2650/files/BiotechUsaBeefProtein.jpg?v=1742489802,https://proteindistrictlb.com/products/biotech-usa-beef-protein
8797697114330,46227396362458,Optimum Nutrition Pre workout Advanced,Product / 20 scoops / berry blast,Pre Workout Stim | Pre workouts,Optimum Nutrition,40.00,5.00,Pre Workout Stim,45.00,+5.00,12.5%,,True,,https://cdn.shopify.com/s/files/1/0737/7384/2650/files/optimum-gold-standard-pre-advanced.1718373220996.png?v=1741473704,https://proteindistrictlb.com/products/optimum-nutrition-pre-workout-advanced
8797697114330,46247012499674,Optimum Nutrition Pre workout Advanced,Nutrition Facts / 20 scoops / berry blast,Pre Workout Stim | Pre workouts,Optimum Nutrition,40.00,5.00,Pre Workout Stim,45.00,+5.00,12.5%,,True,,https://cdn.shopify.com/s/files/1/0737/7384/2650/files/optimum-gold-standard-pre-advanced.1718373220996.png?v=1741473704,https://proteindistrictlb.com/products/optimum-nutrition-pre-workout-advanced
8797685940442,46227377160410,Nutrex Outlift,Product / 22 scoops / vice city,Pre Workout Stim | Pre workouts,Nutrex Research,40.00,5.00,Pre Workout Stim,45.00,+5.00,12.5%,,True,,https://cdn.shopify.com/s/files/1/0737/7384/2650/files/outlift_clinical_fruit_punch__12592.jpg?v=1741473710,https://proteindistrictlb.com/products/nutrex-outlift
8797685940442,46227377193178,Nutrex Outlift,Product / 22 scoops / fruit punch,Pre Workout Stim | Pre workouts,Nutrex Research,40.00,5.00,Pre Workout Stim,45.00,+5.00,12.5%,,True,,https://cdn.shopify.com/s/files/1/0737/7384/2650/files/outlift_clinical_fruit_punch__12592.jpg?v=1741473710,https://proteindistrictlb.com/products/nutrex-outlift
8797685940442,46247012303066,Nutrex Outlift,Nutrition Facts / 22 scoops / vice city,Pre Workout Stim | Pre workouts,Nutrex Research,40.00,5.00,Pre Workout Stim,45.00,+5.00,12.5%,,True,,https://cdn.shopify.com/s/files/1/0737/7384/2650/files/outlift_clinical_fruit_punch__12592.jpg?v=1741473710,https://proteindistrictlb.com/products/nutrex-outlift
8797685940442,46247012335834,Nutrex Outlift,Nutrition Facts / 22 scoops / fruit punch,Pre Workout Stim | Pre workouts,Nutrex Research,40.00,5.00,Pre Workout Stim,45.00,+5.00,12.5%,,True,,https://cdn.shopify.com/s/files/1/0737/7384/2650/files/outlift_clinical_fruit_punch__12592.jpg?v=1741473710,https://proteindistrictlb.com/products/nutrex-outlift
8797602480346,46227239862490,Biotech Usa L-Citrulline,Product / 300g - 100 serving / 3g,L-citrulline | Pre workouts,BioTechUSA,35.00,5.00,Pre workouts,40.00,+5.00,14.3%,,True,,https://cdn.shopify.com/s/files/1/0737/7384/2650/files/CITRULLINE-MALETE-BIOTECH.webp?v=1741473717,https://proteindistrictlb.com/products/biotech-usa-l-citrulline
8797602480346,46247011942618,Biotech Usa L-Citrulline,Nutrition Facts / 300g - 100 serving / 3g,L-citrulline | Pre workouts,BioTechUSA,35.00,5.00,Pre workouts,40.00,+5.00,14.3%,,True,,https://cdn.shopify.com/s/files/1/0737/7384/2650/files/CITRULLINE-MALETE-BIOTECH.webp?v=1741473717,https://proteindistrictlb.com/products/biotech-usa-l-citrulline
8797599531226,46227236028634,Muscletech Glutamine,Product / 300g - 60 serving / 5g,Amino acids | Glutamine,MuscleTech,30.00,4.00,Amino acids,34.00,+4.00,13.3%,,True,,https://cdn.shopify.com/s/files/1/0737/7384/2650/files/Muscletech-Glutamine.jpg?v=1741473721,https://proteindistrictlb.com/products/muscletech-glutamine
8797599531226,46247010205914,Muscletech Glutamine,Nutrition Facts / 300g - 60 serving / 5g,Amino acids | Glutamine,MuscleTech,30.00,4.00,Amino acids,34.00,+4.00,13.3%,,True,,https://cdn.shopify.com/s/files/1/0737/7384/2650/files/Muscletech-Glutamine.jpg?v=1741473721,https://proteindistrictlb.com/products/muscletech-glutamine
8797594288346,46227223478490,Optimum Nutrition Amino Energy,Product / 30 servings / orange,Amino Acid Complex Powder | Amino acids,Optimum Nutrition,40.00,4.00,Amino Acid Complex Powder,44.00,+4.00,10.0%,,True,,https://cdn.shopify.com/s/files/1/0737/7384/2650/files/Optimum-Nutrition-Amino-Energy-1.jpg?v=1741017059,https://proteindistrictlb.com/products/optimum-nutrition-amino-energy
8797594288346,46227223511258,Optimum Nutrition Amino Energy,Product / 30 servings / watermelon,Amino Acid Complex Powder | Amino acids,Optimum Nutrition,40.00,4.00,Amino Acid Complex Powder,44.00,+4.00,10.0%,,True,,https://cdn.shopify.com/s/files/1/0737/7384/2650/files/Optimum-Nutrition-Amino-Energy-1.jpg?v=1741017059,https://proteindistrictlb.com/products/optimum-nutrition-amino-energy
8797594288346,46247007486170,Optimum Nutrition Amino Energy,Nutrition Facts / 30 servings / orange,Amino Acid Complex Powder | Amino acids,Optimum Nutrition,40.00,4.00,Amino Acid Complex Powder,44.00,+4.00,10.0%,,True,,https://cdn.shopify.com/s/files/1/0737/7384/2650/files/Optimum-Nutrition-Amino-Energy-1.jpg?v=1741017059,https://proteindistrictlb.com/products/optimum-nutrition-amino-energy
8797594288346,46247007518938,Optimum Nutrition Amino Energy,Nutrition Facts / 30 servings / watermelon,Amino Acid Complex Powder | Amino acids,Optimum Nutrition,40.00,4.00,Amino Acid Complex Powder,44.00,+4.00,10.0%,,True,,https://cdn.shopify.com/s/files/1/0737/7384/2650/files/Optimum-Nutrition-Amino-Energy-1.jpg?v=1741017059,https://proteindistrictlb.com/products/optimum-nutrition-amino-energy
8797588685018,46227212730586,Optimum Nutrition Glutamine,Product / 300g - 60 serving / 5g,Amino acids | Glutamine,Optimum Nutrition,30.00,4.00,Amino acids,34.00,+4.00,13.3%,,True,,https://cdn.shopify.com/s/files/1/0737/7384/2650/files/glutamine-optimum-nutrition-the-supplements-factory-1.webp?v=1740397087,https://proteindistrictlb.com/products/optimum-nutrition-glutamine
8797588685018,46247007420634,Optimum Nutrition Glutamine,Nutrition Facts / 300g - 60 serving / 5g,Amino acids | Glutamine,Optimum Nutrition,30.00,4.00,Amino acids,34.00,+4.00,13.3%,,True,,https://cdn.shopify.com/s/files/1/0737/7384/2650/files/glutamine-optimum-nutrition-the-supplements-factory-1.webp?v=1740397087,https://proteindistrictlb.com/products/optimum-nutrition-glutamine
8796400877786,46222040432858,Olimp T-100 Male Testo,120 capsules,Complex Testo Booster | Testo booster,Olimp T-100,35.00,6.00,Complex Testo Booster,41.00,+6.00,17.1%,,True,,https://cdn.shopify.com/s/files/1/0737/7384/2650/files/OlimpT-100MaleTesto.jpg?v=1742489868,https://proteindistrictlb.com/products/olimp-t-100-male-testo
8796400877786,46743380984026,Olimp T-100 Male Testo,nutrition facts,Complex Testo Booster | Testo booster,Olimp T-100,35.00,6.00,Complex Testo Booster,41.00,+6.00,17.1%,,True,,https://cdn.shopify.com/s/files/1/0737/7384/2650/files/OlimpT-100MaleTesto.jpg?v=1742489868,https://proteindistrictlb.com/products/olimp-t-100-male-testo
8796398682330,46222032240858,Olimp T-100 Hardcore,Product / 120 capsules,Complex Testo Booster | Testo booster,Olimp T-100,45.00,6.00,Complex Testo Booster,51.00,+6.00,13.3%,,True,,https://cdn.shopify.com/s/files/1/0737/7384/2650/files/OlimpT-100Hardcore.jpg?v=1742489896,https://proteindistrictlb.com/products/olimp-t-100-hardcore
8796398682330,46746208436442,Olimp T-100 Hardcore,Product / nutrition facts,Complex Testo Booster | Testo booster,Olimp T-100,45.00,6.00,Complex Testo Booster,51.00,+6.00,13.3%,,True,,https://cdn.shopify.com/s/files/1/0737/7384/2650/files/OlimpT-100Hardcore.jpg?v=1742489896,https://proteindistrictlb.com/products/olimp-t-100-hardcore
8796386722010,46222014316762,Nature's Truth Hair Skin and Nails Gummies,Product / 80 gummies,Beauty Care | Biotin,Nature's Truth,35.00,6.00,Beauty Care,41.00,+6.00,17.1%,,True,,https://cdn.shopify.com/s/files/1/0737/7384/2650/files/Nature_s-Truth-Hair-Skin-and-Nails-Gummies.jpg?v=1742488579,https://proteindistrictlb.com/products/natures-truth-hair-skin-and-nails-gummies
8796386722010,46247006535898,Nature's Truth Hair Skin and Nails Gummies,Nutrition Facts / 80 gummies,Beauty Care | Biotin,Nature's Truth,35.00,6.00,Beauty Care,41.00,+6.00,17.1%,,True,,https://cdn.shopify.com/s/files/1/0737/7384/2650/files/Nature_s-Truth-Hair-Skin-and-Nails-Gummies.jpg?v=1742488579,https://proteindistrictlb.com/products/natures-truth-hair-skin-and-nails-gummies
8796382331098,46222007206106,All Max Fadogia Agrestis,Product / 120 capsules / 325 mg,Fadogia agrestits | Testo booster,AllMax Nutrition,45.00,6.00,Fadogia agrestits,51.00,+6.00,13.3%,,True,,https://cdn.shopify.com/s/files/1/0737/7384/2650/files/AllMaxFadogiaAgrestis.jpg?v=1742489949,https://proteindistrictlb.com/products/all-max-fadogia-agrestis
8796382331098,46247006404826,All Max Fadogia Agrestis,Nutrition Facts / 120 capsules / 325 mg,Fadogia agrestits | Testo booster,AllMax Nutrition,45.00,6.00,Fadogia agrestits,51.00,+6.00,13.3%,,True,,https://cdn.shopify.com/s/files/1/0737/7384/2650/files/AllMaxFadogiaAgrestis.jpg?v=1742489949,https://proteindistrictlb.com/products/all-max-fadogia-agrestis
8796355559642,46221949993178,Now Magnesium Malate,Product / 180 capsules / 113 mg,Magnesium | Vitamins,NOW Foods,45.00,5.00,Magnesium,50.00,+5.00,11.1%,,True,,https://cdn.shopify.com/s/files/1/0737/7384/2650/files/NowMagnesiumMalate.jpg?v=1742490014,https://proteindistrictlb.com/products/now-magnesium-malate
8796355559642,46247006273754,Now Magnesium Malate,Nutrition Facts / 180 capsules / 113 mg,Magnesium | Vitamins,NOW Foods,45.00,5.00,Magnesium,50.00,+5.00,11.1%,,True,,https://cdn.shopify.com/s/files/1/0737/7384/2650/files/NowMagnesiumMalate.jpg?v=1742490014,https://proteindistrictlb.com/products/now-magnesium-malate
8796352839898,46221942325466,Now Maca,Product / 100 capsules / 500 mg,Maca | Testo booster,NOW Foods,30.00,6.00,Testo booster,36.00,+6.00,20.0%,,True,,https://cdn.shopify.com/s/files/1/0737/7384/2650/files/NowMaca.jpg?v=1742490066,https://proteindistrictlb.com/products/now-maca
8796352839898,46247005716698,Now Maca,Nutrition Facts / 100 capsules / 500 mg,Maca | Testo booster,NOW Foods,30.00,6.00,Testo booster,36.00,+6.00,20.0%,,True,,https://cdn.shopify.com/s/files/1/0737/7384/2650/files/NowMaca.jpg?v=1742490066,https://proteindistrictlb.com/products/now-maca
8796349989082,46221933773018,NOW Foods ALA (Alpha Lipoic Acid),Product / 60 capsules / 600 mg,Anti Aging | Beauty Care,NOW Foods,48.00,6.00,Beauty Care,54.00,+6.00,12.5%,,True,,https://cdn.shopify.com/s/files/1/0737/7384/2650/files/NOW-Foods-ALA-_Alpha-Lipoic-Acid.jpg?v=1742488531,https://proteindistrictlb.com/products/now-foods-ala-alpha-lipoic-acid
8796349989082,46247005454554,NOW Foods ALA (Alpha Lipoic Acid),Nutrition Facts / 60 capsules / 600 mg,Anti Aging | Beauty Care,NOW Foods,48.00,6.00,Beauty Care,54.00,+6.00,12.5%,,True,,https://cdn.shopify.com/s/files/1/0737/7384/2650/files/NOW-Foods-ALA-_Alpha-Lipoic-Acid.jpg?v=1742488531,https://proteindistrictlb.com/products/now-foods-ala-alpha-lipoic-acid
8796349366490,46221931053274,Now Glucomannan,Product / 180 veg capsules / 1.725 g,Fat burners | Glucomannan,NOW Foods,46.00,6.00,Fat burners,52.00,+6.00,13.0%,,True,,https://cdn.shopify.com/s/files/1/0737/7384/2650/files/1_6a0e2c59-5a45-4778-9591-60d84b297dd8.jpg?v=1743689131,https://proteindistrictlb.com/products/now-glucomannan
8796349366490,46247005389018,Now Glucomannan,Nutrition Facts / 180 veg capsules / 1.725 g,Fat burners | Glucomannan,NOW Foods,46.00,6.00,Fat burners,52.00,+6.00,13.0%,,True,,https://cdn.shopify.com/s/files/1/0737/7384/2650/files/1_6a0e2c59-5a45-4778-9591-60d84b297dd8.jpg?v=1743689131,https://proteindistrictlb.com/products/now-glucomannan
8796345827546,46221924270298,MRM Nutrition Moringa Leaf,Product / 60 vegg capsules / 600 mg,Moringa | Vitamins,MRM Nutrition,40.00,5.00,Vitamins,45.00,+5.00,12.5%,,True,,https://cdn.shopify.com/s/files/1/0737/7384/2650/files/MRMNutritionMoringaLeaf.jpg?v=1742490663,https://proteindistrictlb.com/products/mrm-nutrition-moringa-leaf
8796345827546,46247004143834,MRM Nutrition Moringa Leaf,Nutrition Facts / 60 vegg capsules / 600 mg,Moringa | Vitamins,MRM Nutrition,40.00,5.00,Vitamins,45.00,+5.00,12.5%,,True,,https://cdn.shopify.com/s/files/1/0737/7384/2650/files/MRMNutritionMoringaLeaf.jpg?v=1742490663,https://proteindistrictlb.com/products/mrm-nutrition-moringa-leaf
8796343763162,46221921157338,Swanson Psyllium Husk,Product / 100 capsules / 610 mg,Fibers | Vitamins,Swanson,40.00,5.00,Vitamins,45.00,+5.00,12.5%,,True,,https://cdn.shopify.com/s/files/1/0737/7384/2650/files/Copy_of_Untitled_-_2026-01-29T165347.353.png?v=1769698547,https://proteindistrictlb.com/products/swanson-psyllium-husk
8796343763162,46247003947226,Swanson Psyllium Husk,Nutrition Facts / 100 capsules / 610 mg,Fibers | Vitamins,Swanson,40.00,5.00,Vitamins,45.00,+5.00,12.5%,,True,,https://cdn.shopify.com/s/files/1/0737/7384/2650/files/Copy_of_Untitled_-_2026-01-29T165347.353.png?v=1769698547,https://proteindistrictlb.com/products/swanson-psyllium-husk
8796342780122,46247002833114,Life Extension NAD+,Product,Anti Aging | Beauty Care,Life Extension,49.00,6.00,Beauty Care,55.00,+6.00,12.2%,,True,,https://cdn.shopify.com/s/files/1/0737/7384/2650/files/2_4af56127-1a10-4297-aff6-13b62d0ac016.jpg?v=1742491662,https://proteindistrictlb.com/products/life-extension-nad
8796342780122,46247002865882,Life Extension NAD+,Nutrition Facts,Anti Aging | Beauty Care,Life Extension,49.00,6.00,Beauty Care,55.00,+6.00,12.2%,,True,,https://cdn.shopify.com/s/files/1/0737/7384/2650/files/2_4af56127-1a10-4297-aff6-13b62d0ac016.jpg?v=1742491662,https://proteindistrictlb.com/products/life-extension-nad
8796339306714,46221910769882,Solaray Tongkat Ali,Product / 60 capsule / 400 mg,Testo booster | ⁠⁠Tongkat ali,Solaray,50.00,6.00,Testo booster,56.00,+6.00,12.0%,,True,,https://cdn.shopify.com/s/files/1/0737/7384/2650/files/SolarayTongatAli.jpg?v=1742490589,https://proteindistrictlb.com/products/solaray-tongat-ali
8796339306714,46247002800346,Solaray Tongkat Ali,Nutrition Facts / 60 capsule / 400 mg,Testo booster | ⁠⁠Tongkat ali,Solaray,50.00,6.00,Testo booster,56.00,+6.00,12.0%,,True,,https://cdn.shopify.com/s/files/1/0737/7384/2650/files/SolarayTongatAli.jpg?v=1742490589,https://proteindistrictlb.com/products/solaray-tongat-ali
8796335931610,47555960307930,Nutrex L-Carnitine,sour gummy bear / 31 servings / 3000 mg,Fat burners | L-Carnitine,Nutrex Research,30.00,6.00,Fat burners,36.00,+6.00,20.0%,,True,,https://cdn.shopify.com/s/files/1/0737/7384/2650/files/Copy_of_Untitled_-_2026-02-02T173946.455.png?v=1770046912,https://proteindistrictlb.com/products/nutrex-l-carnitine
8796335931610,47555960340698,Nutrex L-Carnitine,orange mango / 31 servings / 3000 mg,Fat burners | L-Carnitine,Nutrex Research,30.00,6.00,Fat burners,36.00,+6.00,20.0%,,True,,https://cdn.shopify.com/s/files/1/0737/7384/2650/files/Copy_of_Untitled_-_2026-02-02T173946.455.png?v=1770046912,https://proteindistrictlb.com/products/nutrex-l-carnitine
8796335931610,47555960373466,Nutrex L-Carnitine,nutrition facts / 31 servings / 3000 mg,Fat burners | L-Carnitine,Nutrex Research,30.00,6.00,Fat burners,36.00,+6.00,20.0%,,True,,https://cdn.shopify.com/s/files/1/0737/7384/2650/files/Copy_of_Untitled_-_2026-02-02T173946.455.png?v=1770046912,https://proteindistrictlb.com/products/nutrex-l-carnitine
8779656659162,46171237286106,Rule 1 Whey Isolate,Product / 1.95 to 2.2kg - 60 to 76 serving / lightly salted caramel,Isolate | Rule 1 | Whey protein,Rule 1 Proteins,170.00,5.00,Whey protein,175.00,+5.00,2.9%,,True,,https://cdn.shopify.com/s/files/1/0737/7384/2650/files/Copy_of_Untitled_37.png?v=1763466020,https://proteindistrictlb.com/products/rule-1-whey-isolate
8779656659162,46171237318874,Rule 1 Whey Isolate,Product / 1.95 to 2.2kg - 60 to 76 serving / chocolate fudge,Isolate | Rule 1 | Whey protein,Rule 1 Proteins,170.00,5.00,Whey protein,175.00,+5.00,2.9%,,True,,https://cdn.shopify.com/s/files/1/0737/7384/2650/files/Copy_of_Untitled_37.png?v=1763466020,https://proteindistrictlb.com/products/rule-1-whey-isolate
8779656659162,46171237351642,Rule 1 Whey Isolate,Product / 1.95 to 2.2kg - 60 to 76 serving / fruity cereal,Isolate | Rule 1 | Whey protein,Rule 1 Proteins,170.00,5.00,Whey protein,175.00,+5.00,2.9%,,True,,https://cdn.shopify.com/s/files/1/0737/7384/2650/files/Copy_of_Untitled_37.png?v=1763466020,https://proteindistrictlb.com/products/rule-1-whey-isolate
8779656659162,46171237384410,Rule 1 Whey Isolate,Product / 1.95 to 2.2kg - 60 to 76 serving / vanilla cream,Isolate | Rule 1 | Whey protein,Rule 1 Proteins,170.00,5.00,Whey protein,175.00,+5.00,2.9%,,True,,https://cdn.shopify.com/s/files/1/0737/7384/2650/files/Copy_of_Untitled_37.png?v=1763466020,https://proteindistrictlb.com/products/rule-1-whey-isolate
8779656659162,46171237417178,Rule 1 Whey Isolate,Product / 1.95 to 2.2kg - 60 to 76 serving / chocolate peanut butter,Isolate | Rule 1 | Whey protein,Rule 1 Proteins,170.00,5.00,Whey protein,175.00,+5.00,2.9%,,True,,https://cdn.shopify.com/s/files/1/0737/7384/2650/files/Copy_of_Untitled_37.png?v=1763466020,https://proteindistrictlb.com/products/rule-1-whey-isolate
8779656659162,46171237449946,Rule 1 Whey Isolate,Product / 1.95 to 2.2kg - 60 to 76 serving / cookies and cream,Isolate | Rule 1 | Whey protein,Rule 1 Proteins,170.00,5.00,Whey protein,175.00,+5.00,2.9%,,True,,https://cdn.shopify.com/s/files/1/0737/7384/2650/files/Copy_of_Untitled_37.png?v=1763466020,https://proteindistrictlb.com/products/rule-1-whey-isolate
8779656659162,46171237482714,Rule 1 Whey Isolate,Product / 1.95 to 2.2kg - 60 to 76 serving / strawberries and cream,Isolate | Rule 1 | Whey protein,Rule 1 Proteins,170.00,5.00,Whey protein,175.00,+5.00,2.9%,,True,,https://cdn.shopify.com/s/files/1/0737/7384/2650/files/Copy_of_Untitled_37.png?v=1763466020,https://proteindistrictlb.com/products/rule-1-whey-isolate
8779656659162,46171237515482,Rule 1 Whey Isolate,Product / 1.95 to 2.2kg - 60 to 76 serving / strawberry banana,Isolate | Rule 1 | Whey protein,Rule 1 Proteins,170.00,5.00,Whey protein,175.00,+5.00,2.9%,,True,,https://cdn.shopify.com/s/files/1/0737/7384/2650/files/Copy_of_Untitled_37.png?v=1763466020,https://proteindistrictlb.com/products/rule-1-whey-isolate
8779656659162,47124726481114,Rule 1 Whey Isolate,Product / 1.95 to 2.2kg - 60 to 76 serving / pure vanilla,Isolate | Rule 1 | Whey protein,Rule 1 Proteins,170.00,5.00,Whey protein,175.00,+5.00,2.9%,,True,,https://cdn.shopify.com/s/files/1/0737/7384/2650/files/Copy_of_Untitled_37.png?v=1763466020,https://proteindistrictlb.com/products/rule-1-whey-isolate
8779656659162,47124750827738,Rule 1 Whey Isolate,Product / 1.95 to 2.2kg - 60 to 76 serving / cafe mocha,Isolate | Rule 1 | Whey protein,Rule 1 Proteins,170.00,5.00,Whey protein,175.00,+5.00,2.9%,,True,,https://cdn.shopify.com/s/files/1/0737/7384/2650/files/Copy_of_Untitled_37.png?v=1763466020,https://proteindistrictlb.com/products/rule-1-whey-isolate
8779656659162,47128306647258,Rule 1 Whey Isolate,Product / 1.95 to 2.2kg - 60 to 76 serving / vanilla butter cake,Isolate | Rule 1 | Whey protein,Rule 1 Proteins,170.00,5.00,Whey protein,175.00,+5.00,2.9%,,True,,https://cdn.shopify.com/s/files/1/0737/7384/2650/files/Copy_of_Untitled_37.png?v=1763466020,https://proteindistrictlb.com/products/rule-1-whey-isolate
8779656659162,47128306680026,Rule 1 Whey Isolate,Product / 1.95 to 2.2kg - 60 to 76 serving / chocolate mint chip,Isolate | Rule 1 | Whey protein,Rule 1 Proteins,170.00,5.00,Whey protein,175.00,+5.00,2.9%,,True,,https://cdn.shopify.com/s/files/1/0737/7384/2650/files/Copy_of_Untitled_37.png?v=1763466020,https://proteindistrictlb.com/products/rule-1-whey-isolate
8779656659162,47128306712794,Rule 1 Whey Isolate,Product / 1.95 to 2.2kg - 60 to 76 serving / vanilla natural,Isolate | Rule 1 | Whey protein,Rule 1 Proteins,170.00,5.00,Whey protein,175.00,+5.00,2.9%,,True,,https://cdn.shopify.com/s/files/1/0737/7384/2650/files/Copy_of_Untitled_37.png?v=1763466020,https://proteindistrictlb.com/products/rule-1-whey-isolate
8779656659162,47128306745562,Rule 1 Whey Isolate,Product / 1.95 to 2.2kg - 60 to 76 serving / dark chocolate natural,Isolate | Rule 1 | Whey protein,Rule 1 Proteins,170.00,5.00,Whey protein,175.00,+5.00,2.9%,,True,,https://cdn.shopify.com/s/files/1/0737/7384/2650/files/Copy_of_Untitled_37.png?v=1763466020,https://proteindistrictlb.com/products/rule-1-whey-isolate
8779656659162,47128306778330,Rule 1 Whey Isolate,Product / 1.95 to 2.2kg - 60 to 76 serving / unflavored,Isolate | Rule 1 | Whey protein,Rule 1 Proteins,170.00,5.00,Whey protein,175.00,+5.00,2.9%,,True,,https://cdn.shopify.com/s/files/1/0737/7384/2650/files/Copy_of_Untitled_37.png?v=1763466020,https://proteindistrictlb.com/products/rule-1-whey-isolate
8779656659162,46171237548250,Rule 1 Whey Isolate,Product / 763 to 896g - 28 serving / lightly salted caramel,Isolate | Rule 1 | Whey protein,Rule 1 Proteins,90.00,5.00,Whey protein,95.00,+5.00,5.6%,,True,,https://cdn.shopify.com/s/files/1/0737/7384/2650/files/Copy_of_Untitled_37.png?v=1763466020,https://proteindistrictlb.com/products/rule-1-whey-isolate
8779656659162,46171237581018,Rule 1 Whey Isolate,Product / 763 to 896g - 28 serving / chocolate fudge,Isolate | Rule 1 | Whey protein,Rule 1 Proteins,90.00,5.00,Whey protein,95.00,+5.00,5.6%,,True,,https://cdn.shopify.com/s/files/1/0737/7384/2650/files/Copy_of_Untitled_37.png?v=1763466020,https://proteindistrictlb.com/products/rule-1-whey-isolate
8779656659162,46171237613786,Rule 1 Whey Isolate,Product / 763 to 896g - 28 serving / fruity cereal,Isolate | Rule 1 | Whey protein,Rule 1 Proteins,90.00,5.00,Whey protein,95.00,+5.00,5.6%,,True,,https://cdn.shopify.com/s/files/1/0737/7384/2650/files/Copy_of_Untitled_37.png?v=1763466020,https://proteindistrictlb.com/products/rule-1-whey-isolate
8779656659162,46171237646554,Rule 1 Whey Isolate,Product / 763 to 896g - 28 serving / vanilla cream,Isolate | Rule 1 | Whey protein,Rule 1 Proteins,90.00,5.00,Whey protein,95.00,+5.00,5.6%,,True,,https://cdn.shopify.com/s/files/1/0737/7384/2650/files/Copy_of_Untitled_37.png?v=1763466020,https://proteindistrictlb.com/products/rule-1-whey-isolate
8779656659162,46171237679322,Rule 1 Whey Isolate,Product / 763 to 896g - 28 serving / chocolate peanut butter,Isolate | Rule 1 | Whey protein,Rule 1 Proteins,90.00,5.00,Whey protein,95.00,+5.00,5.6%,,True,,https://cdn.shopify.com/s/files/1/0737/7384/2650/files/Copy_of_Untitled_37.png?v=1763466020,https://proteindistrictlb.com/products/rule-1-whey-isolate
8779656659162,46171237712090,Rule 1 Whey Isolate,Product / 763 to 896g - 28 serving / cookies and cream,Isolate | Rule 1 | Whey protein,Rule 1 Proteins,90.00,5.00,Whey protein,95.00,+5.00,5.6%,,True,,https://cdn.shopify.com/s/files/1/0737/7384/2650/files/Copy_of_Untitled_37.png?v=1763466020,https://proteindistrictlb.com/products/rule-1-whey-isolate
8779656659162,46171237744858,Rule 1 Whey Isolate,Product / 763 to 896g - 28 serving / strawberries and cream,Isolate | Rule 1 | Whey protein,Rule 1 Proteins,90.00,5.00,Whey protein,95.00,+5.00,5.6%,,True,,https://cdn.shopify.com/s/files/1/0737/7384/2650/files/Copy_of_Untitled_37.png?v=1763466020,https://proteindistrictlb.com/products/rule-1-whey-isolate
8779656659162,46171237777626,Rule 1 Whey Isolate,Product / 763 to 896g - 28 serving / strawberry banana,Isolate | Rule 1 | Whey protein,Rule 1 Proteins,90.00,5.00,Whey protein,95.00,+5.00,5.6%,,True,,https://cdn.shopify.com/s/files/1/0737/7384/2650/files/Copy_of_Untitled_37.png?v=1763466020,https://proteindistrictlb.com/products/rule-1-whey-isolate
8779656659162,47124726513882,Rule 1 Whey Isolate,Product / 763 to 896g - 28 serving / pure vanilla,Isolate | Rule 1 | Whey protein,Rule 1 Proteins,90.00,5.00,Whey protein,95.00,+5.00,5.6%,,True,,https://cdn.shopify.com/s/files/1/0737/7384/2650/files/Copy_of_Untitled_37.png?v=1763466020,https://proteindistrictlb.com/products/rule-1-whey-isolate
8779656659162,47124750860506,Rule 1 Whey Isolate,Product / 763 to 896g - 28 serving / cafe mocha,Isolate | Rule 1 | Whey protein,Rule 1 Proteins,90.00,5.00,Whey protein,95.00,+5.00,5.6%,,True,,https://cdn.shopify.com/s/files/1/0737/7384/2650/files/Copy_of_Untitled_37.png?v=1763466020,https://proteindistrictlb.com/products/rule-1-whey-isolate
8779656659162,47128306811098,Rule 1 Whey Isolate,Product / 763 to 896g - 28 serving / vanilla butter cake,Isolate | Rule 1 | Whey protein,Rule 1 Proteins,90.00,5.00,Whey protein,95.00,+5.00,5.6%,,True,,https://cdn.shopify.com/s/files/1/0737/7384/2650/files/Copy_of_Untitled_37.png?v=1763466020,https://proteindistrictlb.com/products/rule-1-whey-isolate
8779656659162,47128306843866,Rule 1 Whey Isolate,Product / 763 to 896g - 28 serving / chocolate mint chip,Isolate | Rule 1 | Whey protein,Rule 1 Proteins,90.00,5.00,Whey protein,95.00,+5.00,5.6%,,True,,https://cdn.shopify.com/s/files/1/0737/7384/2650/files/Copy_of_Untitled_37.png?v=1763466020,https://proteindistrictlb.com/products/rule-1-whey-isolate
8779656659162,47128306876634,Rule 1 Whey Isolate,Product / 763 to 896g - 28 serving / vanilla natural,Isolate | Rule 1 | Whey protein,Rule 1 Proteins,90.00,5.00,Whey protein,95.00,+5.00,5.6%,,True,,https://cdn.shopify.com/s/files/1/0737/7384/2650/files/Copy_of_Untitled_37.png?v=1763466020,https://proteindistrictlb.com/products/rule-1-whey-isolate
8779656659162,47128306909402,Rule 1 Whey Isolate,Product / 763 to 896g - 28 serving / dark chocolate natural,Isolate | Rule 1 | Whey protein,Rule 1 Proteins,90.00,5.00,Whey protein,95.00,+5.00,5.6%,,True,,https://cdn.shopify.com/s/files/1/0737/7384/2650/files/Copy_of_Untitled_37.png?v=1763466020,https://proteindistrictlb.com/products/rule-1-whey-isolate
8779656659162,47128306942170,Rule 1 Whey Isolate,Product / 763 to 896g - 28 serving / unflavored,Isolate | Rule 1 | Whey protein,Rule 1 Proteins,90.00,5.00,Whey protein,95.00,+5.00,5.6%,,True,,https://cdn.shopify.com/s/files/1/0737/7384/2650/files/Copy_of_Untitled_37.png?v=1763466020,https://proteindistrictlb.com/products/rule-1-whey-isolate
8779656659162,46247033307354,Rule 1 Whey Isolate,Nutrition Facts / 1.95 to 2.2kg - 60 to 76 serving / lightly salted caramel,Isolate | Rule 1 | Whey protein,Rule 1 Proteins,170.00,5.00,Whey protein,175.00,+5.00,2.9%,,True,,https://cdn.shopify.com/s/files/1/0737/7384/2650/files/Copy_of_Untitled_37.png?v=1763466020,https://proteindistrictlb.com/products/rule-1-whey-isolate
8779656659162,46247033340122,Rule 1 Whey Isolate,Nutrition Facts / 1.95 to 2.2kg - 60 to 76 serving / chocolate fudge,Isolate | Rule 1 | Whey protein,Rule 1 Proteins,170.00,5.00,Whey protein,175.00,+5.00,2.9%,,True,,https://cdn.shopify.com/s/files/1/0737/7384/2650/files/Copy_of_Untitled_37.png?v=1763466020,https://proteindistrictlb.com/products/rule-1-whey-isolate
8779656659162,46247033372890,Rule 1 Whey Isolate,Nutrition Facts / 1.95 to 2.2kg - 60 to 76 serving / fruity cereal,Isolate | Rule 1 | Whey protein,Rule 1 Proteins,170.00,5.00,Whey protein,175.00,+5.00,2.9%,,True,,https://cdn.shopify.com/s/files/1/0737/7384/2650/files/Copy_of_Untitled_37.png?v=1763466020,https://proteindistrictlb.com/products/rule-1-whey-isolate
8779656659162,46247033405658,Rule 1 Whey Isolate,Nutrition Facts / 1.95 to 2.2kg - 60 to 76 serving / vanilla cream,Isolate | Rule 1 | Whey protein,Rule 1 Proteins,170.00,5.00,Whey protein,175.00,+5.00,2.9%,,True,,https://cdn.shopify.com/s/files/1/0737/7384/2650/files/Copy_of_Untitled_37.png?v=1763466020,https://proteindistrictlb.com/products/rule-1-whey-isolate
8779656659162,46247033438426,Rule 1 Whey Isolate,Nutrition Facts / 1.95 to 2.2kg - 60 to 76 serving / chocolate peanut butter,Isolate | Rule 1 | Whey protein,Rule 1 Proteins,170.00,5.00,Whey protein,175.00,+5.00,2.9%,,True,,https://cdn.shopify.com/s/files/1/0737/7384/2650/files/Copy_of_Untitled_37.png?v=1763466020,https://proteindistrictlb.com/products/rule-1-whey-isolate
8779656659162,46247033471194,Rule 1 Whey Isolate,Nutrition Facts / 1.95 to 2.2kg - 60 to 76 serving / cookies and cream,Isolate | Rule 1 | Whey protein,Rule 1 Proteins,170.00,5.00,Whey protein,175.00,+5.00,2.9%,,True,,https://cdn.shopify.com/s/files/1/0737/7384/2650/files/Copy_of_Untitled_37.png?v=1763466020,https://proteindistrictlb.com/products/rule-1-whey-isolate
8779656659162,46247033503962,Rule 1 Whey Isolate,Nutrition Facts / 1.95 to 2.2kg - 60 to 76 serving / strawberries and cream,Isolate | Rule 1 | Whey protein,Rule 1 Proteins,170.00,5.00,Whey protein,175.00,+5.00,2.9%,,True,,https://cdn.shopify.com/s/files/1/0737/7384/2650/files/Copy_of_Untitled_37.png?v=1763466020,https://proteindistrictlb.com/products/rule-1-whey-isolate
8779656659162,46247033536730,Rule 1 Whey Isolate,Nutrition Facts / 1.95 to 2.2kg - 60 to 76 serving / strawberry banana,Isolate | Rule 1 | Whey protein,Rule 1 Proteins,170.00,5.00,Whey protein,175.00,+5.00,2.9%,,True,,https://cdn.shopify.com/s/files/1/0737/7384/2650/files/Copy_of_Untitled_37.png?v=1763466020,https://proteindistrictlb.com/products/rule-1-whey-isolate
8779656659162,47124726546650,Rule 1 Whey Isolate,Nutrition Facts / 1.95 to 2.2kg - 60 to 76 serving / pure vanilla,Isolate | Rule 1 | Whey protein,Rule 1 Proteins,170.00,5.00,Whey protein,175.00,+5.00,2.9%,,True,,https://cdn.shopify.com/s/files/1/0737/7384/2650/files/Copy_of_Untitled_37.png?v=1763466020,https://proteindistrictlb.com/products/rule-1-whey-isolate
8779656659162,47124750893274,Rule 1 Whey Isolate,Nutrition Facts / 1.95 to 2.2kg - 60 to 76 serving / cafe mocha,Isolate | Rule 1 | Whey protein,Rule 1 Proteins,170.00,5.00,Whey protein,175.00,+5.00,2.9%,,True,,https://cdn.shopify.com/s/files/1/0737/7384/2650/files/Copy_of_Untitled_37.png?v=1763466020,https://proteindistrictlb.com/products/rule-1-whey-isolate
8779656659162,47128306974938,Rule 1 Whey Isolate,Nutrition Facts / 1.95 to 2.2kg - 60 to 76 serving / vanilla butter cake,Isolate | Rule 1 | Whey protein,Rule 1 Proteins,170.00,5.00,Whey protein,175.00,+5.00,2.9%,,True,,https://cdn.shopify.com/s/files/1/0737/7384/2650/files/Copy_of_Untitled_37.png?v=1763466020,https://proteindistrictlb.com/products/rule-1-whey-isolate
8779656659162,47128307007706,Rule 1 Whey Isolate,Nutrition Facts / 1.95 to 2.2kg - 60 to 76 serving / chocolate mint chip,Isolate | Rule 1 | Whey protein,Rule 1 Proteins,170.00,5.00,Whey protein,175.00,+5.00,2.9%,,True,,https://cdn.shopify.com/s/files/1/0737/7384/2650/files/Copy_of_Untitled_37.png?v=1763466020,https://proteindistrictlb.com/products/rule-1-whey-isolate
8779656659162,47128307040474,Rule 1 Whey Isolate,Nutrition Facts / 1.95 to 2.2kg - 60 to 76 serving / vanilla natural,Isolate | Rule 1 | Whey protein,Rule 1 Proteins,170.00,5.00,Whey protein,175.00,+5.00,2.9%,,True,,https://cdn.shopify.com/s/files/1/0737/7384/2650/files/Copy_of_Untitled_37.png?v=1763466020,https://proteindistrictlb.com/products/rule-1-whey-isolate
8779656659162,47128307073242,Rule 1 Whey Isolate,Nutrition Facts / 1.95 to 2.2kg - 60 to 76 serving / dark chocolate natural,Isolate | Rule 1 | Whey protein,Rule 1 Proteins,170.00,5.00,Whey protein,175.00,+5.00,2.9%,,True,,https://cdn.shopify.com/s/files/1/0737/7384/2650/files/Copy_of_Untitled_37.png?v=1763466020,https://proteindistrictlb.com/products/rule-1-whey-isolate
8779656659162,47128307106010,Rule 1 Whey Isolate,Nutrition Facts / 1.95 to 2.2kg - 60 to 76 serving / unflavored,Isolate | Rule 1 | Whey protein,Rule 1 Proteins,170.00,5.00,Whey protein,175.00,+5.00,2.9%,,True,,https://cdn.shopify.com/s/files/1/0737/7384/2650/files/Copy_of_Untitled_37.png?v=1763466020,https://proteindistrictlb.com/products/rule-1-whey-isolate
8779656659162,46247033569498,Rule 1 Whey Isolate,Nutrition Facts / 763 to 896g - 28 serving / lightly salted caramel,Isolate | Rule 1 | Whey protein,Rule 1 Proteins,90.00,5.00,Whey protein,95.00,+5.00,5.6%,,True,,https://cdn.shopify.com/s/files/1/0737/7384/2650/files/Copy_of_Untitled_37.png?v=1763466020,https://proteindistrictlb.com/products/rule-1-whey-isolate
8779656659162,46247033602266,Rule 1 Whey Isolate,Nutrition Facts / 763 to 896g - 28 serving / chocolate fudge,Isolate | Rule 1 | Whey protein,Rule 1 Proteins,90.00,5.00,Whey protein,95.00,+5.00,5.6%,,True,,https://cdn.shopify.com/s/files/1/0737/7384/2650/files/Copy_of_Untitled_37.png?v=1763466020,https://proteindistrictlb.com/products/rule-1-whey-isolate
8779656659162,46247033635034,Rule 1 Whey Isolate,Nutrition Facts / 763 to 896g - 28 serving / fruity cereal,Isolate | Rule 1 | Whey protein,Rule 1 Proteins,90.00,5.00,Whey protein,95.00,+5.00,5.6%,,True,,https://cdn.shopify.com/s/files/1/0737/7384/2650/files/Copy_of_Untitled_37.png?v=1763466020,https://proteindistrictlb.com/products/rule-1-whey-isolate
8779656659162,46247033667802,Rule 1 Whey Isolate,Nutrition Facts / 763 to 896g - 28 serving / vanilla cream,Isolate | Rule 1 | Whey protein,Rule 1 Proteins,90.00,5.00,Whey protein,95.00,+5.00,5.6%,,True,,https://cdn.shopify.com/s/files/1/0737/7384/2650/files/Copy_of_Untitled_37.png?v=1763466020,https://proteindistrictlb.com/products/rule-1-whey-isolate
8779656659162,46247033700570,Rule 1 Whey Isolate,Nutrition Facts / 763 to 896g - 28 serving / chocolate peanut butter,Isolate | Rule 1 | Whey protein,Rule 1 Proteins,90.00,5.00,Whey protein,95.00,+5.00,5.6%,,True,,https://cdn.shopify.com/s/files/1/0737/7384/2650/files/Copy_of_Untitled_37.png?v=1763466020,https://proteindistrictlb.com/products/rule-1-whey-isolate
8779656659162,46247033733338,Rule 1 Whey Isolate,Nutrition Facts / 763 to 896g - 28 serving / cookies and cream,Isolate | Rule 1 | Whey protein,Rule 1 Proteins,90.00,5.00,Whey protein,95.00,+5.00,5.6%,,True,,https://cdn.shopify.com/s/files/1/0737/7384/2650/files/Copy_of_Untitled_37.png?v=1763466020,https://proteindistrictlb.com/products/rule-1-whey-isolate
8779656659162,46247033766106,Rule 1 Whey Isolate,Nutrition Facts / 763 to 896g - 28 serving / strawberries and cream,Isolate | Rule 1 | Whey protein,Rule 1 Proteins,90.00,5.00,Whey protein,95.00,+5.00,5.6%,,True,,https://cdn.shopify.com/s/files/1/0737/7384/2650/files/Copy_of_Untitled_37.png?v=1763466020,https://proteindistrictlb.com/products/rule-1-whey-isolate
8779656659162,46247033798874,Rule 1 Whey Isolate,Nutrition Facts / 763 to 896g - 28 serving / strawberry banana,Isolate | Rule 1 | Whey protein,Rule 1 Proteins,90.00,5.00,Whey protein,95.00,+5.00,5.6%,,True,,https://cdn.shopify.com/s/files/1/0737/7384/2650/files/Copy_of_Untitled_37.png?v=1763466020,https://proteindistrictlb.com/products/rule-1-whey-isolate
8779656659162,47124726579418,Rule 1 Whey Isolate,Nutrition Facts / 763 to 896g - 28 serving / pure vanilla,Isolate | Rule 1 | Whey protein,Rule 1 Proteins,90.00,5.00,Whey protein,95.00,+5.00,5.6%,,True,,https://cdn.shopify.com/s/files/1/0737/7384/2650/files/Copy_of_Untitled_37.png?v=1763466020,https://proteindistrictlb.com/products/rule-1-whey-isolate
8779656659162,47124750926042,Rule 1 Whey Isolate,Nutrition Facts / 763 to 896g - 28 serving / cafe mocha,Isolate | Rule 1 | Whey protein,Rule 1 Proteins,90.00,5.00,Whey protein,95.00,+5.00,5.6%,,True,,https://cdn.shopify.com/s/files/1/0737/7384/2650/files/Copy_of_Untitled_37.png?v=1763466020,https://proteindistrictlb.com/products/rule-1-whey-isolate
8779656659162,47128307138778,Rule 1 Whey Isolate,Nutrition Facts / 763 to 896g - 28 serving / vanilla butter cake,Isolate | Rule 1 | Whey protein,Rule 1 Proteins,90.00,5.00,Whey protein,95.00,+5.00,5.6%,,True,,https://cdn.shopify.com/s/files/1/0737/7384/2650/files/Copy_of_Untitled_37.png?v=1763466020,https://proteindistrictlb.com/products/rule-1-whey-isolate
8779656659162,47128307171546,Rule 1 Whey Isolate,Nutrition Facts / 763 to 896g - 28 serving / chocolate mint chip,Isolate | Rule 1 | Whey protein,Rule 1 Proteins,90.00,5.00,Whey protein,95.00,+5.00,5.6%,,True,,https://cdn.shopify.com/s/files/1/0737/7384/2650/files/Copy_of_Untitled_37.png?v=1763466020,https://proteindistrictlb.com/products/rule-1-whey-isolate
8779656659162,47128307204314,Rule 1 Whey Isolate,Nutrition Facts / 763 to 896g - 28 serving / vanilla natural,Isolate | Rule 1 | Whey protein,Rule 1 Proteins,90.00,5.00,Whey protein,95.00,+5.00,5.6%,,True,,https://cdn.shopify.com/s/files/1/0737/7384/2650/files/Copy_of_Untitled_37.png?v=1763466020,https://proteindistrictlb.com/products/rule-1-whey-isolate
8779656659162,47128307237082,Rule 1 Whey Isolate,Nutrition Facts / 763 to 896g - 28 serving / dark chocolate natural,Isolate | Rule 1 | Whey protein,Rule 1 Proteins,90.00,5.00,Whey protein,95.00,+5.00,5.6%,,True,,https://cdn.shopify.com/s/files/1/0737/7384/2650/files/Copy_of_Untitled_37.png?v=1763466020,https://proteindistrictlb.com/products/rule-1-whey-isolate
8779656659162,47128307269850,Rule 1 Whey Isolate,Nutrition Facts / 763 to 896g - 28 serving / unflavored,Isolate | Rule 1 | Whey protein,Rule 1 Proteins,90.00,5.00,Whey protein,95.00,+5.00,5.6%,,True,,https://cdn.shopify.com/s/files/1/0737/7384/2650/files/Copy_of_Untitled_37.png?v=1763466020,https://proteindistrictlb.com/products/rule-1-whey-isolate
8779649417434,46171106607322,Rule 1 Whey Protein,Product / 2kg - 65 serving / chocolate fudge,Rule 1 | Whey protein | Whey protein concentrate,Rule 1 Proteins,115.00,5.00,Whey protein concentrate,120.00,+5.00,4.3%,,True,,https://cdn.shopify.com/s/files/1/0737/7384/2650/files/Copy_of_Untitled_19.png?v=1763377007,https://proteindistrictlb.com/products/rule-1-whey-protein
8779649417434,46171106640090,Rule 1 Whey Protein,Product / 2kg - 65 serving / vanilla ice cream,Rule 1 | Whey protein | Whey protein concentrate,Rule 1 Proteins,115.00,5.00,Whey protein concentrate,120.00,+5.00,4.3%,,True,,https://cdn.shopify.com/s/files/1/0737/7384/2650/files/Copy_of_Untitled_19.png?v=1763377007,https://proteindistrictlb.com/products/rule-1-whey-protein
8779649417434,46171106672858,Rule 1 Whey Protein,Product / 2kg - 65 serving / lightly salted caramel,Rule 1 | Whey protein | Whey protein concentrate,Rule 1 Proteins,115.00,5.00,Whey protein concentrate,120.00,+5.00,4.3%,,True,,https://cdn.shopify.com/s/files/1/0737/7384/2650/files/Copy_of_Untitled_19.png?v=1763377007,https://proteindistrictlb.com/products/rule-1-whey-protein
8779649417434,47124573290714,Rule 1 Whey Protein,Product / 2kg - 65 serving / birthday cake,Rule 1 | Whey protein | Whey protein concentrate,Rule 1 Proteins,115.00,5.00,Whey protein concentrate,120.00,+5.00,4.3%,,True,,https://cdn.shopify.com/s/files/1/0737/7384/2650/files/Copy_of_Untitled_19.png?v=1763377007,https://proteindistrictlb.com/products/rule-1-whey-protein
8779649417434,47124573323482,Rule 1 Whey Protein,Product / 2kg - 65 serving / chocolate peanut butter,Rule 1 | Whey protein | Whey protein concentrate,Rule 1 Proteins,115.00,5.00,Whey protein concentrate,120.00,+5.00,4.3%,,True,,https://cdn.shopify.com/s/files/1/0737/7384/2650/files/Copy_of_Untitled_19.png?v=1763377007,https://proteindistrictlb.com/products/rule-1-whey-protein
8779649417434,47124573356250,Rule 1 Whey Protein,Product / 2kg - 65 serving / cookies & cream,Rule 1 | Whey protein | Whey protein concentrate,Rule 1 Proteins,115.00,5.00,Whey protein concentrate,120.00,+5.00,4.3%,,True,,https://cdn.shopify.com/s/files/1/0737/7384/2650/files/Copy_of_Untitled_19.png?v=1763377007,https://proteindistrictlb.com/products/rule-1-whey-protein
8779649417434,46171106705626,Rule 1 Whey Protein,Product / 910g - 26 serving / chocolate fudge,Rule 1 | Whey protein | Whey protein concentrate,Rule 1 Proteins,60.00,5.00,Whey protein concentrate,65.00,+5.00,8.3%,,True,,https://cdn.shopify.com/s/files/1/0737/7384/2650/files/Copy_of_Untitled_19.png?v=1763377007,https://proteindistrictlb.com/products/rule-1-whey-protein
8779649417434,46171106738394,Rule 1 Whey Protein,Product / 910g - 26 serving / vanilla ice cream,Rule 1 | Whey protein | Whey protein concentrate,Rule 1 Proteins,60.00,5.00,Whey protein concentrate,65.00,+5.00,8.3%,,True,,https://cdn.shopify.com/s/files/1/0737/7384/2650/files/Copy_of_Untitled_19.png?v=1763377007,https://proteindistrictlb.com/products/rule-1-whey-protein
8779649417434,46171106771162,Rule 1 Whey Protein,Product / 910g - 26 serving / lightly salted caramel,Rule 1 | Whey protein | Whey protein concentrate,Rule 1 Proteins,60.00,5.00,Whey protein concentrate,65.00,+5.00,8.3%,,True,,https://cdn.shopify.com/s/files/1/0737/7384/2650/files/Copy_of_Untitled_19.png?v=1763377007,https://proteindistrictlb.com/products/rule-1-whey-protein
8779649417434,47124573389018,Rule 1 Whey Protein,Product / 910g - 26 serving / birthday cake,Rule 1 | Whey protein | Whey protein concentrate,Rule 1 Proteins,60.00,5.00,Whey protein concentrate,65.00,+5.00,8.3%,,True,,https://cdn.shopify.com/s/files/1/0737/7384/2650/files/Copy_of_Untitled_19.png?v=1763377007,https://proteindistrictlb.com/products/rule-1-whey-protein
8779649417434,47124573421786,Rule 1 Whey Protein,Product / 910g - 26 serving / chocolate peanut butter,Rule 1 | Whey protein | Whey protein concentrate,Rule 1 Proteins,60.00,5.00,Whey protein concentrate,65.00,+5.00,8.3%,,True,,https://cdn.shopify.com/s/files/1/0737/7384/2650/files/Copy_of_Untitled_19.png?v=1763377007,https://proteindistrictlb.com/products/rule-1-whey-protein
8779649417434,47124573454554,Rule 1 Whey Protein,Product / 910g - 26 serving / cookies & cream,Rule 1 | Whey protein | Whey protein concentrate,Rule 1 Proteins,60.00,5.00,Whey protein concentrate,65.00,+5.00,8.3%,,True,,https://cdn.shopify.com/s/files/1/0737/7384/2650/files/Copy_of_Untitled_19.png?v=1763377007,https://proteindistrictlb.com/products/rule-1-whey-protein
8779649417434,46247029801178,Rule 1 Whey Protein,Nutrition Facts / 2kg - 65 serving / chocolate fudge,Rule 1 | Whey protein | Whey protein concentrate,Rule 1 Proteins,115.00,5.00,Whey protein concentrate,120.00,+5.00,4.3%,,True,,https://cdn.shopify.com/s/files/1/0737/7384/2650/files/Copy_of_Untitled_19.png?v=1763377007,https://proteindistrictlb.com/products/rule-1-whey-protein
8779649417434,46247029833946,Rule 1 Whey Protein,Nutrition Facts / 2kg - 65 serving / vanilla ice cream,Rule 1 | Whey protein | Whey protein concentrate,Rule 1 Proteins,115.00,5.00,Whey protein concentrate,120.00,+5.00,4.3%,,True,,https://cdn.shopify.com/s/files/1/0737/7384/2650/files/Copy_of_Untitled_19.png?v=1763377007,https://proteindistrictlb.com/products/rule-1-whey-protein
8779649417434,46247029866714,Rule 1 Whey Protein,Nutrition Facts / 2kg - 65 serving / lightly salted caramel,Rule 1 | Whey protein | Whey protein concentrate,Rule 1 Proteins,115.00,5.00,Whey protein concentrate,120.00,+5.00,4.3%,,True,,https://cdn.shopify.com/s/files/1/0737/7384/2650/files/Copy_of_Untitled_19.png?v=1763377007,https://proteindistrictlb.com/products/rule-1-whey-protein
8779649417434,47124573487322,Rule 1 Whey Protein,Nutrition Facts / 2kg - 65 serving / birthday cake,Rule 1 | Whey protein | Whey protein concentrate,Rule 1 Proteins,115.00,5.00,Whey protein concentrate,120.00,+5.00,4.3%,,True,,https://cdn.shopify.com/s/files/1/0737/7384/2650/files/Copy_of_Untitled_19.png?v=1763377007,https://proteindistrictlb.com/products/rule-1-whey-protein
8779649417434,47124573520090,Rule 1 Whey Protein,Nutrition Facts / 2kg - 65 serving / chocolate peanut butter,Rule 1 | Whey protein | Whey protein concentrate,Rule 1 Proteins,115.00,5.00,Whey protein concentrate,120.00,+5.00,4.3%,,True,,https://cdn.shopify.com/s/files/1/0737/7384/2650/files/Copy_of_Untitled_19.png?v=1763377007,https://proteindistrictlb.com/products/rule-1-whey-protein
8779649417434,47124573552858,Rule 1 Whey Protein,Nutrition Facts / 2kg - 65 serving / cookies & cream,Rule 1 | Whey protein | Whey protein concentrate,Rule 1 Proteins,115.00,5.00,Whey protein concentrate,120.00,+5.00,4.3%,,True,,https://cdn.shopify.com/s/files/1/0737/7384/2650/files/Copy_of_Untitled_19.png?v=1763377007,https://proteindistrictlb.com/products/rule-1-whey-protein
8779649417434,46247029899482,Rule 1 Whey Protein,Nutrition Facts / 910g - 26 serving / chocolate fudge,Rule 1 | Whey protein | Whey protein concentrate,Rule 1 Proteins,60.00,5.00,Whey protein concentrate,65.00,+5.00,8.3%,,True,,https://cdn.shopify.com/s/files/1/0737/7384/2650/files/Copy_of_Untitled_19.png?v=1763377007,https://proteindistrictlb.com/products/rule-1-whey-protein
8779649417434,46247029932250,Rule 1 Whey Protein,Nutrition Facts / 910g - 26 serving / vanilla ice cream,Rule 1 | Whey protein | Whey protein concentrate,Rule 1 Proteins,60.00,5.00,Whey protein concentrate,65.00,+5.00,8.3%,,True,,https://cdn.shopify.com/s/files/1/0737/7384/2650/files/Copy_of_Untitled_19.png?v=1763377007,https://proteindistrictlb.com/products/rule-1-whey-protein
8779649417434,46247029965018,Rule 1 Whey Protein,Nutrition Facts / 910g - 26 serving / lightly salted caramel,Rule 1 | Whey protein | Whey protein concentrate,Rule 1 Proteins,60.00,5.00,Whey protein concentrate,65.00,+5.00,8.3%,,True,,https://cdn.shopify.com/s/files/1/0737/7384/2650/files/Copy_of_Untitled_19.png?v=1763377007,https://proteindistrictlb.com/products/rule-1-whey-protein
8779649417434,47124573585626,Rule 1 Whey Protein,Nutrition Facts / 910g - 26 serving / birthday cake,Rule 1 | Whey protein | Whey protein concentrate,Rule 1 Proteins,60.00,5.00,Whey protein concentrate,65.00,+5.00,8.3%,,True,,https://cdn.shopify.com/s/files/1/0737/7384/2650/files/Copy_of_Untitled_19.png?v=1763377007,https://proteindistrictlb.com/products/rule-1-whey-protein
8779649417434,47124573618394,Rule 1 Whey Protein,Nutrition Facts / 910g - 26 serving / chocolate peanut butter,Rule 1 | Whey protein | Whey protein concentrate,Rule 1 Proteins,60.00,5.00,Whey protein concentrate,65.00,+5.00,8.3%,,True,,https://cdn.shopify.com/s/files/1/0737/7384/2650/files/Copy_of_Untitled_19.png?v=1763377007,https://proteindistrictlb.com/products/rule-1-whey-protein
8779649417434,47124573651162,Rule 1 Whey Protein,Nutrition Facts / 910g - 26 serving / cookies & cream,Rule 1 | Whey protein | Whey protein concentrate,Rule 1 Proteins,60.00,5.00,Whey protein concentrate,65.00,+5.00,8.3%,,True,,https://cdn.shopify.com/s/files/1/0737/7384/2650/files/Copy_of_Untitled_19.png?v=1763377007,https://proteindistrictlb.com/products/rule-1-whey-protein
8753186734298,46078835294426,Core Champs L-Carnitine,Mango pineapple / 33 serving / 3000 mg,Fat burners | L-Carnitine,Core Champs,25.00,6.00,Fat burners,31.00,+6.00,24.0%,,True,,https://cdn.shopify.com/s/files/1/0737/7384/2650/files/Core-Champs-L-Carnitine.jpg?v=1739955713,https://proteindistrictlb.com/products/core-champs-l-carnitine
8753186734298,46776807948506,Core Champs L-Carnitine,Mango pineapple / nutrition facts / 3000 mg,Fat burners | L-Carnitine,Core Champs,25.00,6.00,Fat burners,31.00,+6.00,24.0%,,True,,https://cdn.shopify.com/s/files/1/0737/7384/2650/files/Core-Champs-L-Carnitine.jpg?v=1739955713,https://proteindistrictlb.com/products/core-champs-l-carnitine
8753186734298,46078835327194,Core Champs L-Carnitine,mixed berries / 33 serving / 3000 mg,Fat burners | L-Carnitine,Core Champs,25.00,6.00,Fat burners,31.00,+6.00,24.0%,,True,,https://cdn.shopify.com/s/files/1/0737/7384/2650/files/Core-Champs-L-Carnitine.jpg?v=1739955713,https://proteindistrictlb.com/products/core-champs-l-carnitine
8753186734298,46776807981274,Core Champs L-Carnitine,mixed berries / nutrition facts / 3000 mg,Fat burners | L-Carnitine,Core Champs,25.00,6.00,Fat burners,31.00,+6.00,24.0%,,True,,https://cdn.shopify.com/s/files/1/0737/7384/2650/files/Core-Champs-L-Carnitine.jpg?v=1739955713,https://proteindistrictlb.com/products/core-champs-l-carnitine
8774281920730,46150907101402,Inner Armor Anabolic Mass,5.4kg - 45 scoops / chocolate,Mass gainers,Inner Armor,75.00,6.00,Mass gainers,81.00,+6.00,8.0%,,True,,https://cdn.shopify.com/s/files/1/0737/7384/2650/files/Inner-Armor-Anabolic-Mass-3.jpg?v=1739955251,https://proteindistrictlb.com/products/inner-armor-anabolic-mass
8774281920730,46150907560154,Inner Armor Anabolic Mass,5.4kg - 45 scoops / vanilla,Mass gainers,Inner Armor,75.00,6.00,Mass gainers,81.00,+6.00,8.0%,,True,,https://cdn.shopify.com/s/files/1/0737/7384/2650/files/Inner-Armor-Anabolic-Mass-3.jpg?v=1739955251,https://proteindistrictlb.com/products/inner-armor-anabolic-mass
8774281920730,46150907592922,Inner Armor Anabolic Mass,5.4kg - 45 scoops / cookies and cream,Mass gainers,Inner Armor,75.00,6.00,Mass gainers,81.00,+6.00,8.0%,,True,,https://cdn.shopify.com/s/files/1/0737/7384/2650/files/Inner-Armor-Anabolic-Mass-3.jpg?v=1739955251,https://proteindistrictlb.com/products/inner-armor-anabolic-mass
8774281920730,46751534973146,Inner Armor Anabolic Mass,nutrition facts / chocolate,Mass gainers,Inner Armor,75.00,6.00,Mass gainers,81.00,+6.00,8.0%,,True,,https://cdn.shopify.com/s/files/1/0737/7384/2650/files/Inner-Armor-Anabolic-Mass-3.jpg?v=1739955251,https://proteindistrictlb.com/products/inner-armor-anabolic-mass
8774281920730,46751535005914,Inner Armor Anabolic Mass,nutrition facts / vanilla,Mass gainers,Inner Armor,75.00,6.00,Mass gainers,81.00,+6.00,8.0%,,True,,https://cdn.shopify.com/s/files/1/0737/7384/2650/files/Inner-Armor-Anabolic-Mass-3.jpg?v=1739955251,https://proteindistrictlb.com/products/inner-armor-anabolic-mass
8774281920730,46751535038682,Inner Armor Anabolic Mass,nutrition facts / cookies and cream,Mass gainers,Inner Armor,75.00,6.00,Mass gainers,81.00,+6.00,8.0%,,True,,https://cdn.shopify.com/s/files/1/0737/7384/2650/files/Inner-Armor-Anabolic-Mass-3.jpg?v=1739955251,https://proteindistrictlb.com/products/inner-armor-anabolic-mass
8765839638746,46122556457178,Muscletech Celltech Creactor,240g - 120serving / fruit punch,Creatine | Creatine HCL | Flavored Creatine | Unflavored Creatine,MuscleTech,35.00,5.00,Unflavored Creatine,40.00,+5.00,14.3%,,True,,https://cdn.shopify.com/s/files/1/0737/7384/2650/files/Muscletech-Celltech-Creactor-1.jpg?v=1739955115,https://proteindistrictlb.com/products/muscletech-celltech-creactor
8765839638746,46122556489946,Muscletech Celltech Creactor,240g - 120serving / unflavored,Creatine | Creatine HCL | Flavored Creatine | Unflavored Creatine,MuscleTech,35.00,5.00,Unflavored Creatine,40.00,+5.00,14.3%,,True,,https://cdn.shopify.com/s/files/1/0737/7384/2650/files/Muscletech-Celltech-Creactor-1.jpg?v=1739955115,https://proteindistrictlb.com/products/muscletech-celltech-creactor
8765839638746,46756324999386,Muscletech Celltech Creactor,nutrition facts / fruit punch,Creatine | Creatine HCL | Flavored Creatine | Unflavored Creatine,MuscleTech,35.00,5.00,Unflavored Creatine,40.00,+5.00,14.3%,,True,,https://cdn.shopify.com/s/files/1/0737/7384/2650/files/Muscletech-Celltech-Creactor-1.jpg?v=1739955115,https://proteindistrictlb.com/products/muscletech-celltech-creactor
8765839638746,46756325032154,Muscletech Celltech Creactor,nutrition facts / unflavored,Creatine | Creatine HCL | Flavored Creatine | Unflavored Creatine,MuscleTech,35.00,5.00,Unflavored Creatine,40.00,+5.00,14.3%,,True,,https://cdn.shopify.com/s/files/1/0737/7384/2650/files/Muscletech-Celltech-Creactor-1.jpg?v=1739955115,https://proteindistrictlb.com/products/muscletech-celltech-creactor
8767605014746,46129689690330,Insane Labz Psychotic,35 scoops / peach mango,Pre Workout Stim | Pre workouts,Insane Labz,30.00,5.00,Pre Workout Stim,35.00,+5.00,16.7%,,True,,https://cdn.shopify.com/s/files/1/0737/7384/2650/files/Insane-Labz-Psychotic.jpg?v=1739954560,https://proteindistrictlb.com/products/insane-labz-psychotic
8767605014746,46129689723098,Insane Labz Psychotic,35 scoops / fruit punch,Pre Workout Stim | Pre workouts,Insane Labz,30.00,5.00,Pre Workout Stim,35.00,+5.00,16.7%,,True,,https://cdn.shopify.com/s/files/1/0737/7384/2650/files/Insane-Labz-Psychotic.jpg?v=1739954560,https://proteindistrictlb.com/products/insane-labz-psychotic
8767605014746,46129689755866,Insane Labz Psychotic,35 scoops / watermelon,Pre Workout Stim | Pre workouts,Insane Labz,30.00,5.00,Pre Workout Stim,35.00,+5.00,16.7%,,True,,https://cdn.shopify.com/s/files/1/0737/7384/2650/files/Insane-Labz-Psychotic.jpg?v=1739954560,https://proteindistrictlb.com/products/insane-labz-psychotic
8767605014746,46753311097050,Insane Labz Psychotic,nutrition facts / peach mango,Pre Workout Stim | Pre workouts,Insane Labz,30.00,5.00,Pre Workout Stim,35.00,+5.00,16.7%,,True,,https://cdn.shopify.com/s/files/1/0737/7384/2650/files/Insane-Labz-Psychotic.jpg?v=1739954560,https://proteindistrictlb.com/products/insane-labz-psychotic
8767605014746,46753311129818,Insane Labz Psychotic,nutrition facts / fruit punch,Pre Workout Stim | Pre workouts,Insane Labz,30.00,5.00,Pre Workout Stim,35.00,+5.00,16.7%,,True,,https://cdn.shopify.com/s/files/1/0737/7384/2650/files/Insane-Labz-Psychotic.jpg?v=1739954560,https://proteindistrictlb.com/products/insane-labz-psychotic
8767605014746,46753311162586,Insane Labz Psychotic,nutrition facts / watermelon,Pre Workout Stim | Pre workouts,Insane Labz,30.00,5.00,Pre Workout Stim,35.00,+5.00,16.7%,,True,,https://cdn.shopify.com/s/files/1/0737/7384/2650/files/Insane-Labz-Psychotic.jpg?v=1739954560,https://proteindistrictlb.com/products/insane-labz-psychotic
8767609438426,46129702207706,Live Pro Muscle Pro,44 scoops,Pre Workout Stim | Pre workouts,Live Pro,30.00,5.00,Pre Workout Stim,35.00,+5.00,16.7%,,True,,https://cdn.shopify.com/s/files/1/0737/7384/2650/files/LIVE-PRO-MUSCLE-PRO-44-SERVINGS-FRUIT-PUNCH-600x600.webp?v=1737208792,https://proteindistrictlb.com/products/live-pro-muscle-pro
8767609438426,46753308115162,Live Pro Muscle Pro,nutrition facts,Pre Workout Stim | Pre workouts,Live Pro,30.00,5.00,Pre Workout Stim,35.00,+5.00,16.7%,,True,,https://cdn.shopify.com/s/files/1/0737/7384/2650/files/LIVE-PRO-MUSCLE-PRO-44-SERVINGS-FRUIT-PUNCH-600x600.webp?v=1737208792,https://proteindistrictlb.com/products/live-pro-muscle-pro
8770637267162,46137853608154,Biotech Usa Pure Whey,Product / 2.27kg - 81 serving / bourbon vanilla,Whey protein | Whey protein concentrate,BioTechUSA,105.00,5.00,Whey protein concentrate,110.00,+5.00,4.8%,,True,,https://cdn.shopify.com/s/files/1/0737/7384/2650/files/710H2nPhpWL._AC_SX425.jpg?v=1737539358,https://proteindistrictlb.com/products/biotech-usa-pure-whey
8770637267162,46137853640922,Biotech Usa Pure Whey,Product / 2.27kg - 81 serving / chocolate,Whey protein | Whey protein concentrate,BioTechUSA,105.00,5.00,Whey protein concentrate,110.00,+5.00,4.8%,,True,,https://cdn.shopify.com/s/files/1/0737/7384/2650/files/710H2nPhpWL._AC_SX425.jpg?v=1737539358,https://proteindistrictlb.com/products/biotech-usa-pure-whey
8770637267162,46258081726682,Biotech Usa Pure Whey,Nutrition Facts / 2.27kg - 81 serving / bourbon vanilla,Whey protein | Whey protein concentrate,BioTechUSA,105.00,5.00,Whey protein concentrate,110.00,+5.00,4.8%,,True,,https://cdn.shopify.com/s/files/1/0737/7384/2650/files/710H2nPhpWL._AC_SX425.jpg?v=1737539358,https://proteindistrictlb.com/products/biotech-usa-pure-whey
8770637267162,46258081759450,Biotech Usa Pure Whey,Nutrition Facts / 2.27kg - 81 serving / chocolate,Whey protein | Whey protein concentrate,BioTechUSA,105.00,5.00,Whey protein concentrate,110.00,+5.00,4.8%,,True,,https://cdn.shopify.com/s/files/1/0737/7384/2650/files/710H2nPhpWL._AC_SX425.jpg?v=1737539358,https://proteindistrictlb.com/products/biotech-usa-pure-whey
8774319210714,46151085949146,Muscletech Nitrotech Whey Gold,Product / 2kg - 69 servings / double rich chocolate,Whey protein | Whey protein concentrate,MuscleTech,100.00,5.00,Whey protein concentrate,105.00,+5.00,5.0%,,True,,https://cdn.shopify.com/s/files/1/0737/7384/2650/files/Muscletech-Nitrotech-Whey-Gold.jpg?v=1739954005,https://proteindistrictlb.com/products/muscletech-nitrotech-whey-gold
8774319210714,46151085981914,Muscletech Nitrotech Whey Gold,Product / 2kg - 69 servings / strawberry shortcake,Whey protein | Whey protein concentrate,MuscleTech,100.00,5.00,Whey protein concentrate,105.00,+5.00,5.0%,,True,,https://cdn.shopify.com/s/files/1/0737/7384/2650/files/Muscletech-Nitrotech-Whey-Gold.jpg?v=1739954005,https://proteindistrictlb.com/products/muscletech-nitrotech-whey-gold
8774319210714,46151086014682,Muscletech Nitrotech Whey Gold,Product / 2kg - 69 servings / cookies and cream,Whey protein | Whey protein concentrate,MuscleTech,100.00,5.00,Whey protein concentrate,105.00,+5.00,5.0%,,True,,https://cdn.shopify.com/s/files/1/0737/7384/2650/files/Muscletech-Nitrotech-Whey-Gold.jpg?v=1739954005,https://proteindistrictlb.com/products/muscletech-nitrotech-whey-gold
8774319210714,46151086047450,Muscletech Nitrotech Whey Gold,Product / 2kg - 69 servings / french vanilla creme,Whey protein | Whey protein concentrate,MuscleTech,100.00,5.00,Whey protein concentrate,105.00,+5.00,5.0%,,True,,https://cdn.shopify.com/s/files/1/0737/7384/2650/files/Muscletech-Nitrotech-Whey-Gold.jpg?v=1739954005,https://proteindistrictlb.com/products/muscletech-nitrotech-whey-gold
8774319210714,46151086080218,Muscletech Nitrotech Whey Gold,Product / 2kg - 69 servings / churros,Whey protein | Whey protein concentrate,MuscleTech,100.00,5.00,Whey protein concentrate,105.00,+5.00,5.0%,,True,,https://cdn.shopify.com/s/files/1/0737/7384/2650/files/Muscletech-Nitrotech-Whey-Gold.jpg?v=1739954005,https://proteindistrictlb.com/products/muscletech-nitrotech-whey-gold
8774319210714,46151086112986,Muscletech Nitrotech Whey Gold,Product / 2kg - 69 servings / dulce de leche,Whey protein | Whey protein concentrate,MuscleTech,100.00,5.00,Whey protein concentrate,105.00,+5.00,5.0%,,True,,https://cdn.shopify.com/s/files/1/0737/7384/2650/files/Muscletech-Nitrotech-Whey-Gold.jpg?v=1739954005,https://proteindistrictlb.com/products/muscletech-nitrotech-whey-gold
8774319210714,46257923293402,Muscletech Nitrotech Whey Gold,Nutrition Facts / 2kg - 69 servings / double rich chocolate,Whey protein | Whey protein concentrate,MuscleTech,100.00,5.00,Whey protein concentrate,105.00,+5.00,5.0%,,True,,https://cdn.shopify.com/s/files/1/0737/7384/2650/files/Muscletech-Nitrotech-Whey-Gold.jpg?v=1739954005,https://proteindistrictlb.com/products/muscletech-nitrotech-whey-gold
8774319210714,46257923326170,Muscletech Nitrotech Whey Gold,Nutrition Facts / 2kg - 69 servings / strawberry shortcake,Whey protein | Whey protein concentrate,MuscleTech,100.00,5.00,Whey protein concentrate,105.00,+5.00,5.0%,,True,,https://cdn.shopify.com/s/files/1/0737/7384/2650/files/Muscletech-Nitrotech-Whey-Gold.jpg?v=1739954005,https://proteindistrictlb.com/products/muscletech-nitrotech-whey-gold
8774319210714,46257923358938,Muscletech Nitrotech Whey Gold,Nutrition Facts / 2kg - 69 servings / cookies and cream,Whey protein | Whey protein concentrate,MuscleTech,100.00,5.00,Whey protein concentrate,105.00,+5.00,5.0%,,True,,https://cdn.shopify.com/s/files/1/0737/7384/2650/files/Muscletech-Nitrotech-Whey-Gold.jpg?v=1739954005,https://proteindistrictlb.com/products/muscletech-nitrotech-whey-gold
8774319210714,46257923391706,Muscletech Nitrotech Whey Gold,Nutrition Facts / 2kg - 69 servings / french vanilla creme,Whey protein | Whey protein concentrate,MuscleTech,100.00,5.00,Whey protein concentrate,105.00,+5.00,5.0%,,True,,https://cdn.shopify.com/s/files/1/0737/7384/2650/files/Muscletech-Nitrotech-Whey-Gold.jpg?v=1739954005,https://proteindistrictlb.com/products/muscletech-nitrotech-whey-gold
8774319210714,46257923424474,Muscletech Nitrotech Whey Gold,Nutrition Facts / 2kg - 69 servings / churros,Whey protein | Whey protein concentrate,MuscleTech,100.00,5.00,Whey protein concentrate,105.00,+5.00,5.0%,,True,,https://cdn.shopify.com/s/files/1/0737/7384/2650/files/Muscletech-Nitrotech-Whey-Gold.jpg?v=1739954005,https://proteindistrictlb.com/products/muscletech-nitrotech-whey-gold
8774319210714,46257923457242,Muscletech Nitrotech Whey Gold,Nutrition Facts / 2kg - 69 servings / dulce de leche,Whey protein | Whey protein concentrate,MuscleTech,100.00,5.00,Whey protein concentrate,105.00,+5.00,5.0%,,True,,https://cdn.shopify.com/s/files/1/0737/7384/2650/files/Muscletech-Nitrotech-Whey-Gold.jpg?v=1739954005,https://proteindistrictlb.com/products/muscletech-nitrotech-whey-gold
8775543095514,46154754752730,Born Winner Mega Pro Protein Bar,1 box - 12 pieces / waffle with chocolate,Snacks,Born Winner,48.00,2.00,Snacks,50.00,+2.00,4.2%,,True,,https://cdn.shopify.com/s/files/1/0737/7384/2650/files/12-x-born-winner-mega-pro-proteinov-bar-_-gofreta-s-shokolad_1443-768x768.png?v=1738070930,https://proteindistrictlb.com/products/born-winner-mega-pro-protein-bar
8775543095514,46154754785498,Born Winner Mega Pro Protein Bar,1 box - 12 pieces / chocolate chip cookie,Snacks,Born Winner,48.00,2.00,Snacks,50.00,+2.00,4.2%,,True,,https://cdn.shopify.com/s/files/1/0737/7384/2650/files/12-x-born-winner-mega-pro-proteinov-bar-_-gofreta-s-shokolad_1443-768x768.png?v=1738070930,https://proteindistrictlb.com/products/born-winner-mega-pro-protein-bar
8775543095514,46154754818266,Born Winner Mega Pro Protein Bar,1 piece / waffle with chocolate,Snacks,Born Winner,4.00,2.00,Snacks,5.00,+1.00,25.0%,yes,True,,https://cdn.shopify.com/s/files/1/0737/7384/2650/files/12-x-born-winner-mega-pro-proteinov-bar-_-gofreta-s-shokolad_1443-768x768.png?v=1738070930,https://proteindistrictlb.com/products/born-winner-mega-pro-protein-bar
8775543095514,46154754851034,Born Winner Mega Pro Protein Bar,1 piece / chocolate chip cookie,Snacks,Born Winner,4.00,2.00,Snacks,5.00,+1.00,25.0%,yes,True,,https://cdn.shopify.com/s/files/1/0737/7384/2650/files/12-x-born-winner-mega-pro-proteinov-bar-_-gofreta-s-shokolad_1443-768x768.png?v=1738070930,https://proteindistrictlb.com/products/born-winner-mega-pro-protein-bar
8775543095514,46751320211674,Born Winner Mega Pro Protein Bar,nutrition facts / waffle with chocolate,Snacks,Born Winner,48.00,2.00,Snacks,50.00,+2.00,4.2%,,True,,https://cdn.shopify.com/s/files/1/0737/7384/2650/files/12-x-born-winner-mega-pro-proteinov-bar-_-gofreta-s-shokolad_1443-768x768.png?v=1738070930,https://proteindistrictlb.com/products/born-winner-mega-pro-protein-bar
8775543095514,46751320244442,Born Winner Mega Pro Protein Bar,nutrition facts / chocolate chip cookie,Snacks,Born Winner,48.00,2.00,Snacks,50.00,+2.00,4.2%,,True,,https://cdn.shopify.com/s/files/1/0737/7384/2650/files/12-x-born-winner-mega-pro-proteinov-bar-_-gofreta-s-shokolad_1443-768x768.png?v=1738070930,https://proteindistrictlb.com/products/born-winner-mega-pro-protein-bar
8775544635610,46154759766234,Born Winner Deluxe Protein Bar,1 box - 12 pieces / cookie dough,Snacks,Born Winner,48.00,2.00,Snacks,50.00,+2.00,4.2%,,True,,https://cdn.shopify.com/s/files/1/0737/7384/2650/files/BW_Deluxe_CookieDough-1024x1024.png?v=1739953305,https://proteindistrictlb.com/products/born-winner-deluxe-protein-bar
8775544635610,46154759799002,Born Winner Deluxe Protein Bar,1 box - 12 pieces / chocolate brownie,Snacks,Born Winner,48.00,2.00,Snacks,50.00,+2.00,4.2%,,True,,https://cdn.shopify.com/s/files/1/0737/7384/2650/files/BW_Deluxe_CookieDough-1024x1024.png?v=1739953305,https://proteindistrictlb.com/products/born-winner-deluxe-protein-bar
8775544635610,46154759831770,Born Winner Deluxe Protein Bar,1 box - 12 pieces / cookies and cream,Snacks,Born Winner,48.00,2.00,Snacks,50.00,+2.00,4.2%,,True,,https://cdn.shopify.com/s/files/1/0737/7384/2650/files/BW_Deluxe_CookieDough-1024x1024.png?v=1739953305,https://proteindistrictlb.com/products/born-winner-deluxe-protein-bar
8775544635610,46154759864538,Born Winner Deluxe Protein Bar,1 piece / cookie dough,Snacks,Born Winner,4.00,2.00,Snacks,5.00,+1.00,25.0%,yes,True,,https://cdn.shopify.com/s/files/1/0737/7384/2650/files/BW_Deluxe_CookieDough-1024x1024.png?v=1739953305,https://proteindistrictlb.com/products/born-winner-deluxe-protein-bar
8775544635610,46154759897306,Born Winner Deluxe Protein Bar,1 piece / chocolate brownie,Snacks,Born Winner,4.00,2.00,Snacks,5.00,+1.00,25.0%,yes,True,,https://cdn.shopify.com/s/files/1/0737/7384/2650/files/BW_Deluxe_CookieDough-1024x1024.png?v=1739953305,https://proteindistrictlb.com/products/born-winner-deluxe-protein-bar
8775544635610,46154759930074,Born Winner Deluxe Protein Bar,1 piece / cookies and cream,Snacks,Born Winner,4.00,2.00,Snacks,5.00,+1.00,25.0%,yes,True,,https://cdn.shopify.com/s/files/1/0737/7384/2650/files/BW_Deluxe_CookieDough-1024x1024.png?v=1739953305,https://proteindistrictlb.com/products/born-winner-deluxe-protein-bar
8775544635610,46751302910170,Born Winner Deluxe Protein Bar,nutrition facts / cookie dough,Snacks,Born Winner,48.00,2.00,Snacks,50.00,+2.00,4.2%,,True,,https://cdn.shopify.com/s/files/1/0737/7384/2650/files/BW_Deluxe_CookieDough-1024x1024.png?v=1739953305,https://proteindistrictlb.com/products/born-winner-deluxe-protein-bar
8775544635610,46751302942938,Born Winner Deluxe Protein Bar,nutrition facts / chocolate brownie,Snacks,Born Winner,48.00,2.00,Snacks,50.00,+2.00,4.2%,,True,,https://cdn.shopify.com/s/files/1/0737/7384/2650/files/BW_Deluxe_CookieDough-1024x1024.png?v=1739953305,https://proteindistrictlb.com/products/born-winner-deluxe-protein-bar
8775544635610,46751302975706,Born Winner Deluxe Protein Bar,nutrition facts / cookies and cream,Snacks,Born Winner,48.00,2.00,Snacks,50.00,+2.00,4.2%,,True,,https://cdn.shopify.com/s/files/1/0737/7384/2650/files/BW_Deluxe_CookieDough-1024x1024.png?v=1739953305,https://proteindistrictlb.com/products/born-winner-deluxe-protein-bar
8775548600538,46154783195354,Born Winner Keto Protein Bar,1 box - 12 pieces / stracciatella,Snacks,Born Winner,48.00,2.00,Snacks,50.00,+2.00,4.2%,,True,,https://cdn.shopify.com/s/files/1/0737/7384/2650/files/12-x-born-winner-keto-bar-_-strachatela_1454.png?v=1738073410,https://proteindistrictlb.com/products/born-winner-keto-protein-bar
8775548600538,46154783228122,Born Winner Keto Protein Bar,1 box - 12 pieces / cookies and chocolate,Snacks,Born Winner,48.00,2.00,Snacks,50.00,+2.00,4.2%,,True,,https://cdn.shopify.com/s/files/1/0737/7384/2650/files/12-x-born-winner-keto-bar-_-strachatela_1454.png?v=1738073410,https://proteindistrictlb.com/products/born-winner-keto-protein-bar
8775548600538,46154783260890,Born Winner Keto Protein Bar,1 box - 12 pieces / italian cream zabaglione,Snacks,Born Winner,48.00,2.00,Snacks,50.00,+2.00,4.2%,,True,,https://cdn.shopify.com/s/files/1/0737/7384/2650/files/12-x-born-winner-keto-bar-_-strachatela_1454.png?v=1738073410,https://proteindistrictlb.com/products/born-winner-keto-protein-bar
8775548600538,46154783293658,Born Winner Keto Protein Bar,1 piece / stracciatella,Snacks,Born Winner,4.00,2.00,Snacks,5.00,+1.00,25.0%,yes,True,,https://cdn.shopify.com/s/files/1/0737/7384/2650/files/12-x-born-winner-keto-bar-_-strachatela_1454.png?v=1738073410,https://proteindistrictlb.com/products/born-winner-keto-protein-bar
8775548600538,46154783326426,Born Winner Keto Protein Bar,1 piece / cookies and chocolate,Snacks,Born Winner,4.00,2.00,Snacks,5.00,+1.00,25.0%,yes,True,,https://cdn.shopify.com/s/files/1/0737/7384/2650/files/12-x-born-winner-keto-bar-_-strachatela_1454.png?v=1738073410,https://proteindistrictlb.com/products/born-winner-keto-protein-bar
8775548600538,46154783359194,Born Winner Keto Protein Bar,1 piece / italian cream zabaglione,Snacks,Born Winner,4.00,2.00,Snacks,5.00,+1.00,25.0%,yes,True,,https://cdn.shopify.com/s/files/1/0737/7384/2650/files/12-x-born-winner-keto-bar-_-strachatela_1454.png?v=1738073410,https://proteindistrictlb.com/products/born-winner-keto-protein-bar
8775548600538,46751289606362,Born Winner Keto Protein Bar,nutrition facts / stracciatella,Snacks,Born Winner,48.00,2.00,Snacks,50.00,+2.00,4.2%,,True,,https://cdn.shopify.com/s/files/1/0737/7384/2650/files/12-x-born-winner-keto-bar-_-strachatela_1454.png?v=1738073410,https://proteindistrictlb.com/products/born-winner-keto-protein-bar
8775548600538,46751289639130,Born Winner Keto Protein Bar,nutrition facts / cookies and chocolate,Snacks,Born Winner,48.00,2.00,Snacks,50.00,+2.00,4.2%,,True,,https://cdn.shopify.com/s/files/1/0737/7384/2650/files/12-x-born-winner-keto-bar-_-strachatela_1454.png?v=1738073410,https://proteindistrictlb.com/products/born-winner-keto-protein-bar
8775548600538,46751289671898,Born Winner Keto Protein Bar,nutrition facts / italian cream zabaglione,Snacks,Born Winner,48.00,2.00,Snacks,50.00,+2.00,4.2%,,True,,https://cdn.shopify.com/s/files/1/0737/7384/2650/files/12-x-born-winner-keto-bar-_-strachatela_1454.png?v=1738073410,https://proteindistrictlb.com/products/born-winner-keto-protein-bar
8775559217370,46154829168858,Born Winner Active Protein Cookie,1 box - 12 pieces / double chocolate,Snacks,Born Winner,48.00,2.00,Snacks,50.00,+2.00,4.2%,,True,,https://cdn.shopify.com/s/files/1/0737/7384/2650/files/12-x-born-winner-active-proteinovo-kuki-dvoen-shokolad-75g_1519-768x768.png?v=1738075946,https://proteindistrictlb.com/products/born-winner-active-protein-cookie
8775559217370,46154829201626,Born Winner Active Protein Cookie,1 piece / double chocolate,Snacks,Born Winner,4.00,2.00,Snacks,5.00,+1.00,25.0%,yes,True,,https://cdn.shopify.com/s/files/1/0737/7384/2650/files/12-x-born-winner-active-proteinovo-kuki-dvoen-shokolad-75g_1519-768x768.png?v=1738075946,https://proteindistrictlb.com/products/born-winner-active-protein-cookie
8775989854426,46156960268506,Born Winner Boost Protein Cookies,1 box - 12 pieces / chocolate chip,Snacks,Born Winner,36.00,2.00,Snacks,38.00,+2.00,5.6%,,True,,https://cdn.shopify.com/s/files/1/0737/7384/2650/files/12-x-born-winner-boost-proteinovo-kuki-s-parchencza-shokolad-75g_1518-768x768_e0094a4a-0464-42ef-aa45-a5fe1afe09c2.png?v=1738146644,https://proteindistrictlb.com/products/born-winner-boost-protein-cookies
8775989854426,46156960301274,Born Winner Boost Protein Cookies,1 box - 12 pieces / double chocolate and blueberry,Snacks,Born Winner,36.00,2.00,Snacks,38.00,+2.00,5.6%,,True,,https://cdn.shopify.com/s/files/1/0737/7384/2650/files/12-x-born-winner-boost-proteinovo-kuki-s-parchencza-shokolad-75g_1518-768x768_e0094a4a-0464-42ef-aa45-a5fe1afe09c2.png?v=1738146644,https://proteindistrictlb.com/products/born-winner-boost-protein-cookies
8775989854426,46156960334042,Born Winner Boost Protein Cookies,1 piece / chocolate chip,Snacks,Born Winner,4.00,2.00,Snacks,5.00,+1.00,25.0%,yes,True,,https://cdn.shopify.com/s/files/1/0737/7384/2650/files/12-x-born-winner-boost-proteinovo-kuki-s-parchencza-shokolad-75g_1518-768x768_e0094a4a-0464-42ef-aa45-a5fe1afe09c2.png?v=1738146644,https://proteindistrictlb.com/products/born-winner-boost-protein-cookies
8775989854426,46156960366810,Born Winner Boost Protein Cookies,1 piece / double chocolate and blueberry,Snacks,Born Winner,4.00,2.00,Snacks,5.00,+1.00,25.0%,yes,True,,https://cdn.shopify.com/s/files/1/0737/7384/2650/files/12-x-born-winner-boost-proteinovo-kuki-s-parchencza-shokolad-75g_1518-768x768_e0094a4a-0464-42ef-aa45-a5fe1afe09c2.png?v=1738146644,https://proteindistrictlb.com/products/born-winner-boost-protein-cookies
8775989854426,46751280201946,Born Winner Boost Protein Cookies,nutrition facts / chocolate chip,Snacks,Born Winner,36.00,2.00,Snacks,38.00,+2.00,5.6%,,True,,https://cdn.shopify.com/s/files/1/0737/7384/2650/files/12-x-born-winner-boost-proteinovo-kuki-s-parchencza-shokolad-75g_1518-768x768_e0094a4a-0464-42ef-aa45-a5fe1afe09c2.png?v=1738146644,https://proteindistrictlb.com/products/born-winner-boost-protein-cookies
8775989854426,46751280234714,Born Winner Boost Protein Cookies,nutrition facts / double chocolate and blueberry,Snacks,Born Winner,36.00,2.00,Snacks,38.00,+2.00,5.6%,,True,,https://cdn.shopify.com/s/files/1/0737/7384/2650/files/12-x-born-winner-boost-proteinovo-kuki-s-parchencza-shokolad-75g_1518-768x768_e0094a4a-0464-42ef-aa45-a5fe1afe09c2.png?v=1738146644,https://proteindistrictlb.com/products/born-winner-boost-protein-cookies
8775990509786,46156961710298,Born Winner Slim Protein Cookie,1 box - 12 pieces / cookies and cream,Snacks,Born Winner,48.00,2.00,Snacks,50.00,+2.00,4.2%,,True,,https://cdn.shopify.com/s/files/1/0737/7384/2650/files/12-x-born-winner-slim-proteinovo-kuki-biskvitki-s-krem-60g_1473-768x768.png?v=1738146957,https://proteindistrictlb.com/products/born-winner-slim-protein-cookie
8775990509786,46156961743066,Born Winner Slim Protein Cookie,1 box - 12 pieces / double chocolate,Snacks,Born Winner,48.00,2.00,Snacks,50.00,+2.00,4.2%,,True,,https://cdn.shopify.com/s/files/1/0737/7384/2650/files/12-x-born-winner-slim-proteinovo-kuki-biskvitki-s-krem-60g_1473-768x768.png?v=1738146957,https://proteindistrictlb.com/products/born-winner-slim-protein-cookie
8775990509786,46156961775834,Born Winner Slim Protein Cookie,1 piece / cookies and cream,Snacks,Born Winner,4.00,2.00,Snacks,5.00,+1.00,25.0%,yes,True,,https://cdn.shopify.com/s/files/1/0737/7384/2650/files/12-x-born-winner-slim-proteinovo-kuki-biskvitki-s-krem-60g_1473-768x768.png?v=1738146957,https://proteindistrictlb.com/products/born-winner-slim-protein-cookie
8775990509786,46156961808602,Born Winner Slim Protein Cookie,1 piece / double chocolate,Snacks,Born Winner,4.00,2.00,Snacks,5.00,+1.00,25.0%,yes,True,,https://cdn.shopify.com/s/files/1/0737/7384/2650/files/12-x-born-winner-slim-proteinovo-kuki-biskvitki-s-krem-60g_1473-768x768.png?v=1738146957,https://proteindistrictlb.com/products/born-winner-slim-protein-cookie
8775990509786,46751270895834,Born Winner Slim Protein Cookie,nutrition facts / cookies and cream,Snacks,Born Winner,48.00,2.00,Snacks,50.00,+2.00,4.2%,,True,,https://cdn.shopify.com/s/files/1/0737/7384/2650/files/12-x-born-winner-slim-proteinovo-kuki-biskvitki-s-krem-60g_1473-768x768.png?v=1738146957,https://proteindistrictlb.com/products/born-winner-slim-protein-cookie
8775990509786,46751270928602,Born Winner Slim Protein Cookie,nutrition facts / double chocolate,Snacks,Born Winner,48.00,2.00,Snacks,50.00,+2.00,4.2%,,True,,https://cdn.shopify.com/s/files/1/0737/7384/2650/files/12-x-born-winner-slim-proteinovo-kuki-biskvitki-s-krem-60g_1473-768x768.png?v=1738146957,https://proteindistrictlb.com/products/born-winner-slim-protein-cookie
8775990968538,46156963152090,Born Winner Deluxe Protein Cookie,1 box - 12 pieces / chocolate chip,Snacks,Born Winner,42.00,2.00,Snacks,44.00,+2.00,4.8%,,True,,https://cdn.shopify.com/s/files/1/0737/7384/2650/files/12-x-born-winner-deluxe-proteinovo-kuki-shokoladovi-parchencza-s-palbezh_1516-768x768.png?v=1738147407,https://proteindistrictlb.com/products/born-winner-deluxe-protein-cookie
8775990968538,46156963184858,Born Winner Deluxe Protein Cookie,1 box - 12 pieces / cookies and cream,Snacks,Born Winner,42.00,2.00,Snacks,44.00,+2.00,4.8%,,True,,https://cdn.shopify.com/s/files/1/0737/7384/2650/files/12-x-born-winner-deluxe-proteinovo-kuki-shokoladovi-parchencza-s-palbezh_1516-768x768.png?v=1738147407,https://proteindistrictlb.com/products/born-winner-deluxe-protein-cookie
8775990968538,46156963217626,Born Winner Deluxe Protein Cookie,1 pieces / chocolate chip,Snacks,Born Winner,3.50,2.00,Snacks,4.50,+1.00,28.6%,yes,True,,https://cdn.shopify.com/s/files/1/0737/7384/2650/files/12-x-born-winner-deluxe-proteinovo-kuki-shokoladovi-parchencza-s-palbezh_1516-768x768.png?v=1738147407,https://proteindistrictlb.com/products/born-winner-deluxe-protein-cookie
8775990968538,46156963250394,Born Winner Deluxe Protein Cookie,1 pieces / cookies and cream,Snacks,Born Winner,3.50,2.00,Snacks,4.50,+1.00,28.6%,yes,True,,https://cdn.shopify.com/s/files/1/0737/7384/2650/files/12-x-born-winner-deluxe-proteinovo-kuki-shokoladovi-parchencza-s-palbezh_1516-768x768.png?v=1738147407,https://proteindistrictlb.com/products/born-winner-deluxe-protein-cookie
8775990968538,46751268274394,Born Winner Deluxe Protein Cookie,nutrition facts / chocolate chip,Snacks,Born Winner,42.00,2.00,Snacks,44.00,+2.00,4.8%,,True,,https://cdn.shopify.com/s/files/1/0737/7384/2650/files/12-x-born-winner-deluxe-proteinovo-kuki-shokoladovi-parchencza-s-palbezh_1516-768x768.png?v=1738147407,https://proteindistrictlb.com/products/born-winner-deluxe-protein-cookie
8775990968538,46751268307162,Born Winner Deluxe Protein Cookie,nutrition facts / cookies and cream,Snacks,Born Winner,42.00,2.00,Snacks,44.00,+2.00,4.8%,,True,,https://cdn.shopify.com/s/files/1/0737/7384/2650/files/12-x-born-winner-deluxe-proteinovo-kuki-shokoladovi-parchencza-s-palbezh_1516-768x768.png?v=1738147407,https://proteindistrictlb.com/products/born-winner-deluxe-protein-cookie
8775991558362,46156965052634,Born Winner KETO Cookie Wafer,1 piece / cookies and cream,Snacks,Born Winner,4.00,2.00,Snacks,5.00,+1.00,25.0%,yes,True,,https://cdn.shopify.com/s/files/1/0737/7384/2650/files/BW_ProteinCookie_KETO_CookiesCream-1024x1024.png?v=1739952886,https://proteindistrictlb.com/products/born-winner-keto-cookie-wafer
8775991558362,46156965085402,Born Winner KETO Cookie Wafer,1 box - 12 pieces / cookies and cream,Snacks,Born Winner,48.00,2.00,Snacks,50.00,+2.00,4.2%,,True,,https://cdn.shopify.com/s/files/1/0737/7384/2650/files/BW_ProteinCookie_KETO_CookiesCream-1024x1024.png?v=1739952886,https://proteindistrictlb.com/products/born-winner-keto-cookie-wafer
8775991558362,46751266701530,Born Winner KETO Cookie Wafer,nutrition facts / cookies and cream,Snacks,Born Winner,4.00,2.00,Snacks,5.00,+1.00,25.0%,yes,True,,https://cdn.shopify.com/s/files/1/0737/7384/2650/files/BW_ProteinCookie_KETO_CookiesCream-1024x1024.png?v=1739952886,https://proteindistrictlb.com/products/born-winner-keto-cookie-wafer
8775994736858,46156970721498,Lite Bite Crisp Protein Bar,1 box - 12 pieces / crisp caramel,Snacks,Lite Bite,36.00,2.00,Snacks,38.00,+2.00,5.6%,,True,,https://cdn.shopify.com/s/files/1/0737/7384/2650/files/Lite-Bite-Crisp-Protein-Bar.jpg?v=1739952831,https://proteindistrictlb.com/products/lite-bite-crisp-protein-bar
8775994736858,46156970754266,Lite Bite Crisp Protein Bar,1 piece / crisp caramel,Snacks,Lite Bite,3.00,2.00,Snacks,4.00,+1.00,33.3%,yes,True,,https://cdn.shopify.com/s/files/1/0737/7384/2650/files/Lite-Bite-Crisp-Protein-Bar.jpg?v=1739952831,https://proteindistrictlb.com/products/lite-bite-crisp-protein-bar
8775995621594,46156972884186,Lite Bite Whey Protein Bar,1 box- 12 pieces / chocolate bownie,Snacks,Lite Bite,36.00,2.00,Snacks,38.00,+2.00,5.6%,,True,,https://cdn.shopify.com/s/files/1/0737/7384/2650/files/Lite-Bite-Whey-Protein-Bar-2.jpg?v=1739952686,https://proteindistrictlb.com/products/lite-bite-whey-protein-bar
8775995621594,46156972916954,Lite Bite Whey Protein Bar,1 box- 12 pieces / cappuccino,Snacks,Lite Bite,36.00,2.00,Snacks,38.00,+2.00,5.6%,,True,,https://cdn.shopify.com/s/files/1/0737/7384/2650/files/Lite-Bite-Whey-Protein-Bar-2.jpg?v=1739952686,https://proteindistrictlb.com/products/lite-bite-whey-protein-bar
8775995621594,46156972949722,Lite Bite Whey Protein Bar,1 box- 12 pieces / hazelnut fudge,Snacks,Lite Bite,36.00,2.00,Snacks,38.00,+2.00,5.6%,,True,,https://cdn.shopify.com/s/files/1/0737/7384/2650/files/Lite-Bite-Whey-Protein-Bar-2.jpg?v=1739952686,https://proteindistrictlb.com/products/lite-bite-whey-protein-bar
8775995621594,46156972982490,Lite Bite Whey Protein Bar,1 box- 12 pieces / peanut butter,Snacks,Lite Bite,36.00,2.00,Snacks,38.00,+2.00,5.6%,,True,,https://cdn.shopify.com/s/files/1/0737/7384/2650/files/Lite-Bite-Whey-Protein-Bar-2.jpg?v=1739952686,https://proteindistrictlb.com/products/lite-bite-whey-protein-bar
8775995621594,46156973015258,Lite Bite Whey Protein Bar,1 box- 12 pieces / red velvet,Snacks,Lite Bite,36.00,2.00,Snacks,38.00,+2.00,5.6%,,True,,https://cdn.shopify.com/s/files/1/0737/7384/2650/files/Lite-Bite-Whey-Protein-Bar-2.jpg?v=1739952686,https://proteindistrictlb.com/products/lite-bite-whey-protein-bar
8775995621594,46156973048026,Lite Bite Whey Protein Bar,1 box- 12 pieces / coconut,Snacks,Lite Bite,36.00,2.00,Snacks,38.00,+2.00,5.6%,,True,,https://cdn.shopify.com/s/files/1/0737/7384/2650/files/Lite-Bite-Whey-Protein-Bar-2.jpg?v=1739952686,https://proteindistrictlb.com/products/lite-bite-whey-protein-bar
8775995621594,46156973080794,Lite Bite Whey Protein Bar,1 piece / chocolate bownie,Snacks,Lite Bite,3.00,2.00,Snacks,4.00,+1.00,33.3%,yes,True,,https://cdn.shopify.com/s/files/1/0737/7384/2650/files/Lite-Bite-Whey-Protein-Bar-2.jpg?v=1739952686,https://proteindistrictlb.com/products/lite-bite-whey-protein-bar
8775995621594,46156973113562,Lite Bite Whey Protein Bar,1 piece / cappuccino,Snacks,Lite Bite,3.00,2.00,Snacks,4.00,+1.00,33.3%,yes,True,,https://cdn.shopify.com/s/files/1/0737/7384/2650/files/Lite-Bite-Whey-Protein-Bar-2.jpg?v=1739952686,https://proteindistrictlb.com/products/lite-bite-whey-protein-bar
8775995621594,46156973146330,Lite Bite Whey Protein Bar,1 piece / hazelnut fudge,Snacks,Lite Bite,3.00,2.00,Snacks,4.00,+1.00,33.3%,yes,True,,https://cdn.shopify.com/s/files/1/0737/7384/2650/files/Lite-Bite-Whey-Protein-Bar-2.jpg?v=1739952686,https://proteindistrictlb.com/products/lite-bite-whey-protein-bar
8775995621594,46156973179098,Lite Bite Whey Protein Bar,1 piece / peanut butter,Snacks,Lite Bite,3.00,2.00,Snacks,4.00,+1.00,33.3%,yes,True,,https://cdn.shopify.com/s/files/1/0737/7384/2650/files/Lite-Bite-Whey-Protein-Bar-2.jpg?v=1739952686,https://proteindistrictlb.com/products/lite-bite-whey-protein-bar
8775995621594,46156973211866,Lite Bite Whey Protein Bar,1 piece / red velvet,Snacks,Lite Bite,3.00,2.00,Snacks,4.00,+1.00,33.3%,yes,True,,https://cdn.shopify.com/s/files/1/0737/7384/2650/files/Lite-Bite-Whey-Protein-Bar-2.jpg?v=1739952686,https://proteindistrictlb.com/products/lite-bite-whey-protein-bar
8775995621594,46156973244634,Lite Bite Whey Protein Bar,1 piece / coconut,Snacks,Lite Bite,3.00,2.00,Snacks,4.00,+1.00,33.3%,yes,True,,https://cdn.shopify.com/s/files/1/0737/7384/2650/files/Lite-Bite-Whey-Protein-Bar-2.jpg?v=1739952686,https://proteindistrictlb.com/products/lite-bite-whey-protein-bar
8775998898394,46156986319066,Nature Truth Collagen,Product / 30 scoops / 6.7g,Beauty Care | Collagen | Vitamins,Nature Truth,35.00,6.00,Beauty Care,41.00,+6.00,17.1%,,True,,https://cdn.shopify.com/s/files/1/0737/7384/2650/files/Nature-Truth-Collagen.jpg?v=1739952349,https://proteindistrictlb.com/products/nature-truth-collagen
8775998898394,46247028654298,Nature Truth Collagen,Nutrition Facts / 30 scoops / 6.7g,Beauty Care | Collagen | Vitamins,Nature Truth,35.00,6.00,Beauty Care,41.00,+6.00,17.1%,,True,,https://cdn.shopify.com/s/files/1/0737/7384/2650/files/Nature-Truth-Collagen.jpg?v=1739952349,https://proteindistrictlb.com/products/nature-truth-collagen
8776005746906,46157006504154,Earth Creation Collagen,Product / 27 scoops / unflavored,Beauty Care | Collagen | Vitamins,Earth Creation,65.00,6.00,Beauty Care,71.00,+6.00,9.2%,,True,,https://cdn.shopify.com/s/files/1/0737/7384/2650/files/Earth-Creation-Collagen.jpg?v=1739952244,https://proteindistrictlb.com/products/earth-creation-collagen
8776005746906,46247029145818,Earth Creation Collagen,Nutrition Facts / 27 scoops / unflavored,Beauty Care | Collagen | Vitamins,Earth Creation,65.00,6.00,Beauty Care,71.00,+6.00,9.2%,,True,,https://cdn.shopify.com/s/files/1/0737/7384/2650/files/Earth-Creation-Collagen.jpg?v=1739952244,https://proteindistrictlb.com/products/earth-creation-collagen
8776015872218,46157143474394,Biotech Usa Vegan Protein,Product / 500g - 25 serving / chocolate cinnamon,Vegan | Whey protein,BioTechUSA,40.00,5.00,Whey protein,45.00,+5.00,12.5%,,True,,https://cdn.shopify.com/s/files/1/0737/7384/2650/files/Biotech-Usa-Vegan-Protein.jpg?v=1739951785,https://proteindistrictlb.com/products/biotech-usa-vegan-protein
8776015872218,46157143507162,Biotech Usa Vegan Protein,Product / 500g - 25 serving / forest fruits,Vegan | Whey protein,BioTechUSA,40.00,5.00,Whey protein,45.00,+5.00,12.5%,,True,,https://cdn.shopify.com/s/files/1/0737/7384/2650/files/Biotech-Usa-Vegan-Protein.jpg?v=1739951785,https://proteindistrictlb.com/products/biotech-usa-vegan-protein
8776015872218,46157143539930,Biotech Usa Vegan Protein,Product / 500g - 25 serving / vanilla cookie,Vegan | Whey protein,BioTechUSA,40.00,5.00,Whey protein,45.00,+5.00,12.5%,,True,,https://cdn.shopify.com/s/files/1/0737/7384/2650/files/Biotech-Usa-Vegan-Protein.jpg?v=1739951785,https://proteindistrictlb.com/products/biotech-usa-vegan-protein
8776015872218,46247029211354,Biotech Usa Vegan Protein,Nutrition Facts / 500g - 25 serving / chocolate cinnamon,Vegan | Whey protein,BioTechUSA,40.00,5.00,Whey protein,45.00,+5.00,12.5%,,True,,https://cdn.shopify.com/s/files/1/0737/7384/2650/files/Biotech-Usa-Vegan-Protein.jpg?v=1739951785,https://proteindistrictlb.com/products/biotech-usa-vegan-protein
8776015872218,46247029244122,Biotech Usa Vegan Protein,Nutrition Facts / 500g - 25 serving / forest fruits,Vegan | Whey protein,BioTechUSA,40.00,5.00,Whey protein,45.00,+5.00,12.5%,,True,,https://cdn.shopify.com/s/files/1/0737/7384/2650/files/Biotech-Usa-Vegan-Protein.jpg?v=1739951785,https://proteindistrictlb.com/products/biotech-usa-vegan-protein
8776015872218,46247029276890,Biotech Usa Vegan Protein,Nutrition Facts / 500g - 25 serving / vanilla cookie,Vegan | Whey protein,BioTechUSA,40.00,5.00,Whey protein,45.00,+5.00,12.5%,,True,,https://cdn.shopify.com/s/files/1/0737/7384/2650/files/Biotech-Usa-Vegan-Protein.jpg?v=1739951785,https://proteindistrictlb.com/products/biotech-usa-vegan-protein
8776016724186,46157148422362,Weider Gold Whey,Product / 500g - 16 serving / chocolate milk,Whey protein | Whey protein concentrate,Weider,35.00,5.00,Whey protein concentrate,40.00,+5.00,14.3%,,True,,https://cdn.shopify.com/s/files/1/0737/7384/2650/files/Weider-Gold-Whey-1.jpg?v=1739951669,https://proteindistrictlb.com/products/weider-gold-whey
8776016724186,46157148455130,Weider Gold Whey,Product / 500g - 16 serving / vanilla,Whey protein | Whey protein concentrate,Weider,35.00,5.00,Whey protein concentrate,40.00,+5.00,14.3%,,True,,https://cdn.shopify.com/s/files/1/0737/7384/2650/files/Weider-Gold-Whey-1.jpg?v=1739951669,https://proteindistrictlb.com/products/weider-gold-whey
8776016724186,46247029571802,Weider Gold Whey,Nutrition Facts / 500g - 16 serving / chocolate milk,Whey protein | Whey protein concentrate,Weider,35.00,5.00,Whey protein concentrate,40.00,+5.00,14.3%,,True,,https://cdn.shopify.com/s/files/1/0737/7384/2650/files/Weider-Gold-Whey-1.jpg?v=1739951669,https://proteindistrictlb.com/products/weider-gold-whey
8776016724186,46247029604570,Weider Gold Whey,Nutrition Facts / 500g - 16 serving / vanilla,Whey protein | Whey protein concentrate,Weider,35.00,5.00,Whey protein concentrate,40.00,+5.00,14.3%,,True,,https://cdn.shopify.com/s/files/1/0737/7384/2650/files/Weider-Gold-Whey-1.jpg?v=1739951669,https://proteindistrictlb.com/products/weider-gold-whey
8779650433242,46171115487450,Rule 1 Casein,Product / 910g - 26 serving / chocolate fudge,Casein | Rule 1 | Whey protein,Rule 1 Proteins,55.00,5.00,Whey protein,60.00,+5.00,9.1%,,True,,https://cdn.shopify.com/s/files/1/0737/7384/2650/files/Copy_of_Untitled_39.png?v=1763383588,https://proteindistrictlb.com/products/rule-1-casein
8779650433242,46171115520218,Rule 1 Casein,Product / 910g - 26 serving / cookies and cream,Casein | Rule 1 | Whey protein,Rule 1 Proteins,55.00,5.00,Whey protein,60.00,+5.00,9.1%,,True,,https://cdn.shopify.com/s/files/1/0737/7384/2650/files/Copy_of_Untitled_39.png?v=1763383588,https://proteindistrictlb.com/products/rule-1-casein
8779650433242,46171115552986,Rule 1 Casein,Product / 910g - 26 serving / vanilla cream,Casein | Rule 1 | Whey protein,Rule 1 Proteins,55.00,5.00,Whey protein,60.00,+5.00,9.1%,,True,,https://cdn.shopify.com/s/files/1/0737/7384/2650/files/Copy_of_Untitled_39.png?v=1763383588,https://proteindistrictlb.com/products/rule-1-casein
8779650433242,46171115585754,Rule 1 Casein,Product / 910g - 26 serving / strawberries and cream,Casein | Rule 1 | Whey protein,Rule 1 Proteins,55.00,5.00,Whey protein,60.00,+5.00,9.1%,,True,,https://cdn.shopify.com/s/files/1/0737/7384/2650/files/Copy_of_Untitled_39.png?v=1763383588,https://proteindistrictlb.com/products/rule-1-casein
8779650433242,47124967817434,Rule 1 Casein,Product / 910g - 26 serving / chocolate peanut butter,Casein | Rule 1 | Whey protein,Rule 1 Proteins,55.00,5.00,Whey protein,60.00,+5.00,9.1%,,True,,https://cdn.shopify.com/s/files/1/0737/7384/2650/files/Copy_of_Untitled_39.png?v=1763383588,https://proteindistrictlb.com/products/rule-1-casein
8779650433242,46231301423322,Rule 1 Casein,Product / 1.8kg - 52 serving / chocolate fudge,Casein | Rule 1 | Whey protein,Rule 1 Proteins,85.00,5.00,Whey protein,90.00,+5.00,5.9%,,True,,https://cdn.shopify.com/s/files/1/0737/7384/2650/files/Copy_of_Untitled_39.png?v=1763383588,https://proteindistrictlb.com/products/rule-1-casein
8779650433242,46231301456090,Rule 1 Casein,Product / 1.8kg - 52 serving / cookies and cream,Casein | Rule 1 | Whey protein,Rule 1 Proteins,85.00,5.00,Whey protein,90.00,+5.00,5.9%,,True,,https://cdn.shopify.com/s/files/1/0737/7384/2650/files/Copy_of_Untitled_39.png?v=1763383588,https://proteindistrictlb.com/products/rule-1-casein
8779650433242,46231301488858,Rule 1 Casein,Product / 1.8kg - 52 serving / vanilla cream,Casein | Rule 1 | Whey protein,Rule 1 Proteins,85.00,5.00,Whey protein,90.00,+5.00,5.9%,,True,,https://cdn.shopify.com/s/files/1/0737/7384/2650/files/Copy_of_Untitled_39.png?v=1763383588,https://proteindistrictlb.com/products/rule-1-casein
8779650433242,46231301521626,Rule 1 Casein,Product / 1.8kg - 52 serving / strawberries and cream,Casein | Rule 1 | Whey protein,Rule 1 Proteins,85.00,5.00,Whey protein,90.00,+5.00,5.9%,,True,,https://cdn.shopify.com/s/files/1/0737/7384/2650/files/Copy_of_Untitled_39.png?v=1763383588,https://proteindistrictlb.com/products/rule-1-casein
8779650433242,47124967850202,Rule 1 Casein,Product / 1.8kg - 52 serving / chocolate peanut butter,Casein | Rule 1 | Whey protein,Rule 1 Proteins,85.00,5.00,Whey protein,90.00,+5.00,5.9%,,True,,https://cdn.shopify.com/s/files/1/0737/7384/2650/files/Copy_of_Untitled_39.png?v=1763383588,https://proteindistrictlb.com/products/rule-1-casein
8779650433242,46247031308506,Rule 1 Casein,Nutrition Facts / 910g - 26 serving / chocolate fudge,Casein | Rule 1 | Whey protein,Rule 1 Proteins,55.00,5.00,Whey protein,60.00,+5.00,9.1%,,True,,https://cdn.shopify.com/s/files/1/0737/7384/2650/files/Copy_of_Untitled_39.png?v=1763383588,https://proteindistrictlb.com/products/rule-1-casein
8779650433242,46247031341274,Rule 1 Casein,Nutrition Facts / 910g - 26 serving / cookies and cream,Casein | Rule 1 | Whey protein,Rule 1 Proteins,55.00,5.00,Whey protein,60.00,+5.00,9.1%,,True,,https://cdn.shopify.com/s/files/1/0737/7384/2650/files/Copy_of_Untitled_39.png?v=1763383588,https://proteindistrictlb.com/products/rule-1-casein
8779650433242,46247031374042,Rule 1 Casein,Nutrition Facts / 910g - 26 serving / vanilla cream,Casein | Rule 1 | Whey protein,Rule 1 Proteins,55.00,5.00,Whey protein,60.00,+5.00,9.1%,,True,,https://cdn.shopify.com/s/files/1/0737/7384/2650/files/Copy_of_Untitled_39.png?v=1763383588,https://proteindistrictlb.com/products/rule-1-casein
8779650433242,46247031406810,Rule 1 Casein,Nutrition Facts / 910g - 26 serving / strawberries and cream,Casein | Rule 1 | Whey protein,Rule 1 Proteins,55.00,5.00,Whey protein,60.00,+5.00,9.1%,,True,,https://cdn.shopify.com/s/files/1/0737/7384/2650/files/Copy_of_Untitled_39.png?v=1763383588,https://proteindistrictlb.com/products/rule-1-casein
8779650433242,47124967882970,Rule 1 Casein,Nutrition Facts / 910g - 26 serving / chocolate peanut butter,Casein | Rule 1 | Whey protein,Rule 1 Proteins,55.00,5.00,Whey protein,60.00,+5.00,9.1%,,True,,https://cdn.shopify.com/s/files/1/0737/7384/2650/files/Copy_of_Untitled_39.png?v=1763383588,https://proteindistrictlb.com/products/rule-1-casein
8779650433242,46247031439578,Rule 1 Casein,Nutrition Facts / 1.8kg - 52 serving / chocolate fudge,Casein | Rule 1 | Whey protein,Rule 1 Proteins,85.00,5.00,Whey protein,90.00,+5.00,5.9%,,True,,https://cdn.shopify.com/s/files/1/0737/7384/2650/files/Copy_of_Untitled_39.png?v=1763383588,https://proteindistrictlb.com/products/rule-1-casein
8779650433242,46247031472346,Rule 1 Casein,Nutrition Facts / 1.8kg - 52 serving / cookies and cream,Casein | Rule 1 | Whey protein,Rule 1 Proteins,85.00,5.00,Whey protein,90.00,+5.00,5.9%,,True,,https://cdn.shopify.com/s/files/1/0737/7384/2650/files/Copy_of_Untitled_39.png?v=1763383588,https://proteindistrictlb.com/products/rule-1-casein
8779650433242,46247031505114,Rule 1 Casein,Nutrition Facts / 1.8kg - 52 serving / vanilla cream,Casein | Rule 1 | Whey protein,Rule 1 Proteins,85.00,5.00,Whey protein,90.00,+5.00,5.9%,,True,,https://cdn.shopify.com/s/files/1/0737/7384/2650/files/Copy_of_Untitled_39.png?v=1763383588,https://proteindistrictlb.com/products/rule-1-casein
8779650433242,46247031537882,Rule 1 Casein,Nutrition Facts / 1.8kg - 52 serving / strawberries and cream,Casein | Rule 1 | Whey protein,Rule 1 Proteins,85.00,5.00,Whey protein,90.00,+5.00,5.9%,,True,,https://cdn.shopify.com/s/files/1/0737/7384/2650/files/Copy_of_Untitled_39.png?v=1763383588,https://proteindistrictlb.com/products/rule-1-casein
8779650433242,47124967915738,Rule 1 Casein,Nutrition Facts / 1.8kg - 52 serving / chocolate peanut butter,Casein | Rule 1 | Whey protein,Rule 1 Proteins,85.00,5.00,Whey protein,90.00,+5.00,5.9%,,True,,https://cdn.shopify.com/s/files/1/0737/7384/2650/files/Copy_of_Untitled_39.png?v=1763383588,https://proteindistrictlb.com/products/rule-1-casein
8779651907802,46171119845594,Rule 1 Unflavored Creatine,Product / 676g - 130 serving / unflavored,Creatine | Rule 1 | Unflavored Creatine,Rule 1 Proteins,60.00,5.00,Unflavored Creatine,65.00,+5.00,8.3%,,True,,https://cdn.shopify.com/s/files/1/0737/7384/2650/files/Copy_of_Untitled_-_2025-11-20T152627.522.png?v=1763645196,https://proteindistrictlb.com/products/rule-1-unflavored-creatine
8779651907802,48319563792602,Rule 1 Unflavored Creatine,Product / 400g - 75 serving / unflavored,Creatine | Rule 1 | Unflavored Creatine,Rule 1 Proteins,40.00,5.00,Unflavored Creatine,45.00,+5.00,12.5%,,True,,https://cdn.shopify.com/s/files/1/0737/7384/2650/files/Copy_of_Untitled_-_2025-11-20T152627.522.png?v=1763645196,https://proteindistrictlb.com/products/rule-1-unflavored-creatine
8779651907802,48319563825370,Rule 1 Unflavored Creatine,Product / 300g - 60 serving / unflavored,Creatine | Rule 1 | Unflavored Creatine,Rule 1 Proteins,35.00,5.00,Unflavored Creatine,40.00,+5.00,14.3%,,True,,https://cdn.shopify.com/s/files/1/0737/7384/2650/files/Copy_of_Untitled_-_2025-11-20T152627.522.png?v=1763645196,https://proteindistrictlb.com/products/rule-1-unflavored-creatine
8779651907802,48319563858138,Rule 1 Unflavored Creatine,Product / 150g - 30 serving / unflavored,Creatine | Rule 1 | Unflavored Creatine,Rule 1 Proteins,25.00,5.00,Unflavored Creatine,30.00,+5.00,20.0%,,True,,https://cdn.shopify.com/s/files/1/0737/7384/2650/files/Copy_of_Untitled_-_2025-11-20T152627.522.png?v=1763645196,https://proteindistrictlb.com/products/rule-1-unflavored-creatine
8779651907802,46247032848602,Rule 1 Unflavored Creatine,Nutrition Facts / 676g - 130 serving / unflavored,Creatine | Rule 1 | Unflavored Creatine,Rule 1 Proteins,60.00,5.00,Unflavored Creatine,65.00,+5.00,8.3%,,True,,https://cdn.shopify.com/s/files/1/0737/7384/2650/files/Copy_of_Untitled_-_2025-11-20T152627.522.png?v=1763645196,https://proteindistrictlb.com/products/rule-1-unflavored-creatine
8779651907802,48319563890906,Rule 1 Unflavored Creatine,Nutrition Facts / 400g - 75 serving / unflavored,Creatine | Rule 1 | Unflavored Creatine,Rule 1 Proteins,40.00,5.00,Unflavored Creatine,45.00,+5.00,12.5%,,True,,https://cdn.shopify.com/s/files/1/0737/7384/2650/files/Copy_of_Untitled_-_2025-11-20T152627.522.png?v=1763645196,https://proteindistrictlb.com/products/rule-1-unflavored-creatine
8779651907802,48319563923674,Rule 1 Unflavored Creatine,Nutrition Facts / 300g - 60 serving / unflavored,Creatine | Rule 1 | Unflavored Creatine,Rule 1 Proteins,35.00,5.00,Unflavored Creatine,40.00,+5.00,14.3%,,True,,https://cdn.shopify.com/s/files/1/0737/7384/2650/files/Copy_of_Untitled_-_2025-11-20T152627.522.png?v=1763645196,https://proteindistrictlb.com/products/rule-1-unflavored-creatine
8779651907802,48319563956442,Rule 1 Unflavored Creatine,Nutrition Facts / 150g - 30 serving / unflavored,Creatine | Rule 1 | Unflavored Creatine,Rule 1 Proteins,25.00,5.00,Unflavored Creatine,30.00,+5.00,20.0%,,True,,https://cdn.shopify.com/s/files/1/0737/7384/2650/files/Copy_of_Untitled_-_2025-11-20T152627.522.png?v=1763645196,https://proteindistrictlb.com/products/rule-1-unflavored-creatine
8779652727002,46171121287386,Rule 1 Flavored Creatine,210g - 30 serving / blue raspberry / Product,Creatine | Flavored Creatine | Rule 1,Rule 1 Proteins,20.00,5.00,Flavored Creatine,25.00,+5.00,25.0%,,True,,https://cdn.shopify.com/s/files/1/0737/7384/2650/files/Copy_of_Untitled_-_2025-11-20T145526.953.png?v=1763643333,https://proteindistrictlb.com/products/rule-1-flavored-creatine
8779652727002,46247032881370,Rule 1 Flavored Creatine,210g - 30 serving / blue raspberry / Nutrition Facts,Creatine | Flavored Creatine | Rule 1,Rule 1 Proteins,20.00,5.00,Flavored Creatine,25.00,+5.00,25.0%,,True,,https://cdn.shopify.com/s/files/1/0737/7384/2650/files/Copy_of_Untitled_-_2025-11-20T145526.953.png?v=1763643333,https://proteindistrictlb.com/products/rule-1-flavored-creatine
8779652727002,46171121320154,Rule 1 Flavored Creatine,210g - 30 serving / fruit punch / Product,Creatine | Flavored Creatine | Rule 1,Rule 1 Proteins,20.00,5.00,Flavored Creatine,25.00,+5.00,25.0%,,True,,https://cdn.shopify.com/s/files/1/0737/7384/2650/files/Copy_of_Untitled_-_2025-11-20T145526.953.png?v=1763643333,https://proteindistrictlb.com/products/rule-1-flavored-creatine
8779652727002,46247032914138,Rule 1 Flavored Creatine,210g - 30 serving / fruit punch / Nutrition Facts,Creatine | Flavored Creatine | Rule 1,Rule 1 Proteins,20.00,5.00,Flavored Creatine,25.00,+5.00,25.0%,,True,,https://cdn.shopify.com/s/files/1/0737/7384/2650/files/Copy_of_Untitled_-_2025-11-20T145526.953.png?v=1763643333,https://proteindistrictlb.com/products/rule-1-flavored-creatine
8779652727002,46171121352922,Rule 1 Flavored Creatine,210g - 30 serving / peach mango / Product,Creatine | Flavored Creatine | Rule 1,Rule 1 Proteins,20.00,5.00,Flavored Creatine,25.00,+5.00,25.0%,,True,,https://cdn.shopify.com/s/files/1/0737/7384/2650/files/Copy_of_Untitled_-_2025-11-20T145526.953.png?v=1763643333,https://proteindistrictlb.com/products/rule-1-flavored-creatine
8779652727002,46247032946906,Rule 1 Flavored Creatine,210g - 30 serving / peach mango / Nutrition Facts,Creatine | Flavored Creatine | Rule 1,Rule 1 Proteins,20.00,5.00,Flavored Creatine,25.00,+5.00,25.0%,,True,,https://cdn.shopify.com/s/files/1/0737/7384/2650/files/Copy_of_Untitled_-_2025-11-20T145526.953.png?v=1763643333,https://proteindistrictlb.com/products/rule-1-flavored-creatine
8779653054682,46171122467034,Rule 1 Bcaa,Product / 255g - 30 serving / orange,Amino acids | Bcaa | Rule 1,Rule 1 Proteins,25.00,4.00,Amino acids,29.00,+4.00,16.0%,,True,,https://cdn.shopify.com/s/files/1/0737/7384/2650/files/Copy_of_Untitled_-_2025-11-20T140922.131.png?v=1763640570,https://proteindistrictlb.com/products/rule-1-bcaa
8779653054682,46171122499802,Rule 1 Bcaa,Product / 255g - 30 serving / grape,Amino acids | Bcaa | Rule 1,Rule 1 Proteins,25.00,4.00,Amino acids,29.00,+4.00,16.0%,,True,,https://cdn.shopify.com/s/files/1/0737/7384/2650/files/Copy_of_Untitled_-_2025-11-20T140922.131.png?v=1763640570,https://proteindistrictlb.com/products/rule-1-bcaa
8779653054682,46171122532570,Rule 1 Bcaa,Product / 255g - 30 serving / fruit punch,Amino acids | Bcaa | Rule 1,Rule 1 Proteins,25.00,4.00,Amino acids,29.00,+4.00,16.0%,,True,,https://cdn.shopify.com/s/files/1/0737/7384/2650/files/Copy_of_Untitled_-_2025-11-20T140922.131.png?v=1763640570,https://proteindistrictlb.com/products/rule-1-bcaa
8779653054682,46171122565338,Rule 1 Bcaa,Product / 255g - 30 serving / watermelon,Amino acids | Bcaa | Rule 1,Rule 1 Proteins,25.00,4.00,Amino acids,29.00,+4.00,16.0%,,True,,https://cdn.shopify.com/s/files/1/0737/7384/2650/files/Copy_of_Untitled_-_2025-11-20T140922.131.png?v=1763640570,https://proteindistrictlb.com/products/rule-1-bcaa
8779653054682,46247033045210,Rule 1 Bcaa,Nutrition Facts / 255g - 30 serving / orange,Amino acids | Bcaa | Rule 1,Rule 1 Proteins,25.00,4.00,Amino acids,29.00,+4.00,16.0%,,True,,https://cdn.shopify.com/s/files/1/0737/7384/2650/files/Copy_of_Untitled_-_2025-11-20T140922.131.png?v=1763640570,https://proteindistrictlb.com/products/rule-1-bcaa
8779653054682,46247033077978,Rule 1 Bcaa,Nutrition Facts / 255g - 30 serving / grape,Amino acids | Bcaa | Rule 1,Rule 1 Proteins,25.00,4.00,Amino acids,29.00,+4.00,16.0%,,True,,https://cdn.shopify.com/s/files/1/0737/7384/2650/files/Copy_of_Untitled_-_2025-11-20T140922.131.png?v=1763640570,https://proteindistrictlb.com/products/rule-1-bcaa
8779653054682,46247033110746,Rule 1 Bcaa,Nutrition Facts / 255g - 30 serving / fruit punch,Amino acids | Bcaa | Rule 1,Rule 1 Proteins,25.00,4.00,Amino acids,29.00,+4.00,16.0%,,True,,https://cdn.shopify.com/s/files/1/0737/7384/2650/files/Copy_of_Untitled_-_2025-11-20T140922.131.png?v=1763640570,https://proteindistrictlb.com/products/rule-1-bcaa
8779653054682,46247033143514,Rule 1 Bcaa,Nutrition Facts / 255g - 30 serving / watermelon,Amino acids | Bcaa | Rule 1,Rule 1 Proteins,25.00,4.00,Amino acids,29.00,+4.00,16.0%,,True,,https://cdn.shopify.com/s/files/1/0737/7384/2650/files/Copy_of_Untitled_-_2025-11-20T140922.131.png?v=1763640570,https://proteindistrictlb.com/products/rule-1-bcaa
8779654758618,46171180499162,Rule 1 Amino Energized,Product / 270g - 30 serving / peach mango,Amino Acid Complex Powder | Amino acids | Rule 1,Rule 1 Proteins,30.00,4.00,Amino Acid Complex Powder,34.00,+4.00,13.3%,,True,,https://cdn.shopify.com/s/files/1/0737/7384/2650/files/Copy_of_Untitled_-_2025-11-20T132124.227.png?v=1763637700,https://proteindistrictlb.com/products/rule-1-amino-energized
8779654758618,46171180531930,Rule 1 Amino Energized,Product / 270g - 30 serving / blue raspberry,Amino Acid Complex Powder | Amino acids | Rule 1,Rule 1 Proteins,30.00,4.00,Amino Acid Complex Powder,34.00,+4.00,13.3%,,True,,https://cdn.shopify.com/s/files/1/0737/7384/2650/files/Copy_of_Untitled_-_2025-11-20T132124.227.png?v=1763637700,https://proteindistrictlb.com/products/rule-1-amino-energized
8779654758618,46546856345818,Rule 1 Amino Energized,Product / 270g - 30 serving / fruit punch,Amino Acid Complex Powder | Amino acids | Rule 1,Rule 1 Proteins,30.00,4.00,Amino Acid Complex Powder,34.00,+4.00,13.3%,,True,,https://cdn.shopify.com/s/files/1/0737/7384/2650/files/Copy_of_Untitled_-_2025-11-20T132124.227.png?v=1763637700,https://proteindistrictlb.com/products/rule-1-amino-energized
8779654758618,46546856378586,Rule 1 Amino Energized,Product / 270g - 30 serving / grape,Amino Acid Complex Powder | Amino acids | Rule 1,Rule 1 Proteins,30.00,4.00,Amino Acid Complex Powder,34.00,+4.00,13.3%,,True,,https://cdn.shopify.com/s/files/1/0737/7384/2650/files/Copy_of_Untitled_-_2025-11-20T132124.227.png?v=1763637700,https://proteindistrictlb.com/products/rule-1-amino-energized
8779654758618,46247033176282,Rule 1 Amino Energized,Nutrition Facts / 270g - 30 serving / peach mango,Amino Acid Complex Powder | Amino acids | Rule 1,Rule 1 Proteins,30.00,4.00,Amino Acid Complex Powder,34.00,+4.00,13.3%,,True,,https://cdn.shopify.com/s/files/1/0737/7384/2650/files/Copy_of_Untitled_-_2025-11-20T132124.227.png?v=1763637700,https://proteindistrictlb.com/products/rule-1-amino-energized
8779654758618,46247033209050,Rule 1 Amino Energized,Nutrition Facts / 270g - 30 serving / blue raspberry,Amino Acid Complex Powder | Amino acids | Rule 1,Rule 1 Proteins,30.00,4.00,Amino Acid Complex Powder,34.00,+4.00,13.3%,,True,,https://cdn.shopify.com/s/files/1/0737/7384/2650/files/Copy_of_Untitled_-_2025-11-20T132124.227.png?v=1763637700,https://proteindistrictlb.com/products/rule-1-amino-energized
8779654758618,46546856411354,Rule 1 Amino Energized,Nutrition Facts / 270g - 30 serving / fruit punch,Amino Acid Complex Powder | Amino acids | Rule 1,Rule 1 Proteins,30.00,4.00,Amino Acid Complex Powder,34.00,+4.00,13.3%,,True,,https://cdn.shopify.com/s/files/1/0737/7384/2650/files/Copy_of_Untitled_-_2025-11-20T132124.227.png?v=1763637700,https://proteindistrictlb.com/products/rule-1-amino-energized
8779654758618,46546856444122,Rule 1 Amino Energized,Nutrition Facts / 270g - 30 serving / grape,Amino Acid Complex Powder | Amino acids | Rule 1,Rule 1 Proteins,30.00,4.00,Amino Acid Complex Powder,34.00,+4.00,13.3%,,True,,https://cdn.shopify.com/s/files/1/0737/7384/2650/files/Copy_of_Untitled_-_2025-11-20T132124.227.png?v=1763637700,https://proteindistrictlb.com/products/rule-1-amino-energized
8779663769818,46171426783450,Rule 1 Collagen Peptides,Product / 250g - 20 serving / peach mango,Beauty Care | Collagen | Rule 1 | Vitamins,Rule 1 Proteins,40.00,6.00,Beauty Care,46.00,+6.00,15.0%,,True,,https://cdn.shopify.com/s/files/1/0737/7384/2650/files/Rule-1-Collagen-Peptides-2.jpg?v=1739950875,https://proteindistrictlb.com/products/rule-1-collagen-peptides
8779663769818,46171426816218,Rule 1 Collagen Peptides,Product / 250g - 20 serving / chocolate fudge,Beauty Care | Collagen | Rule 1 | Vitamins,Rule 1 Proteins,40.00,6.00,Beauty Care,46.00,+6.00,15.0%,,True,,https://cdn.shopify.com/s/files/1/0737/7384/2650/files/Rule-1-Collagen-Peptides-2.jpg?v=1739950875,https://proteindistrictlb.com/products/rule-1-collagen-peptides
8779663769818,46171426848986,Rule 1 Collagen Peptides,Product / 250g - 20 serving / vanilla cream,Beauty Care | Collagen | Rule 1 | Vitamins,Rule 1 Proteins,40.00,6.00,Beauty Care,46.00,+6.00,15.0%,,True,,https://cdn.shopify.com/s/files/1/0737/7384/2650/files/Rule-1-Collagen-Peptides-2.jpg?v=1739950875,https://proteindistrictlb.com/products/rule-1-collagen-peptides
8779663769818,46247033897178,Rule 1 Collagen Peptides,Nutrition Facts / 250g - 20 serving / peach mango,Beauty Care | Collagen | Rule 1 | Vitamins,Rule 1 Proteins,40.00,6.00,Beauty Care,46.00,+6.00,15.0%,,True,,https://cdn.shopify.com/s/files/1/0737/7384/2650/files/Rule-1-Collagen-Peptides-2.jpg?v=1739950875,https://proteindistrictlb.com/products/rule-1-collagen-peptides
8779663769818,46247033929946,Rule 1 Collagen Peptides,Nutrition Facts / 250g - 20 serving / chocolate fudge,Beauty Care | Collagen | Rule 1 | Vitamins,Rule 1 Proteins,40.00,6.00,Beauty Care,46.00,+6.00,15.0%,,True,,https://cdn.shopify.com/s/files/1/0737/7384/2650/files/Rule-1-Collagen-Peptides-2.jpg?v=1739950875,https://proteindistrictlb.com/products/rule-1-collagen-peptides
8779663769818,46247033962714,Rule 1 Collagen Peptides,Nutrition Facts / 250g - 20 serving / vanilla cream,Beauty Care | Collagen | Rule 1 | Vitamins,Rule 1 Proteins,40.00,6.00,Beauty Care,46.00,+6.00,15.0%,,True,,https://cdn.shopify.com/s/files/1/0737/7384/2650/files/Rule-1-Collagen-Peptides-2.jpg?v=1739950875,https://proteindistrictlb.com/products/rule-1-collagen-peptides
8780054954202,46173238853850,Bsn No-Explode,Product / 30 scoops / fruit punch,Pre Workout Stim | Pre workouts,BSN,40.00,5.00,Pre Workout Stim,45.00,+5.00,12.5%,,True,,https://cdn.shopify.com/s/files/1/0737/7384/2650/files/Bsn-No-Explode-1.jpg?v=1739950716,https://proteindistrictlb.com/products/bsn-no-explode
8780054954202,46173238886618,Bsn No-Explode,Product / 30 scoops / blue razz,Pre Workout Stim | Pre workouts,BSN,40.00,5.00,Pre Workout Stim,45.00,+5.00,12.5%,,True,,https://cdn.shopify.com/s/files/1/0737/7384/2650/files/Bsn-No-Explode-1.jpg?v=1739950716,https://proteindistrictlb.com/products/bsn-no-explode
8780054954202,46173238919386,Bsn No-Explode,Product / 30 scoops / watermelon,Pre Workout Stim | Pre workouts,BSN,40.00,5.00,Pre Workout Stim,45.00,+5.00,12.5%,,True,,https://cdn.shopify.com/s/files/1/0737/7384/2650/files/Bsn-No-Explode-1.jpg?v=1739950716,https://proteindistrictlb.com/products/bsn-no-explode
8780054954202,46173238952154,Bsn No-Explode,Product / 30 scoops / grape,Pre Workout Stim | Pre workouts,BSN,40.00,5.00,Pre Workout Stim,45.00,+5.00,12.5%,,True,,https://cdn.shopify.com/s/files/1/0737/7384/2650/files/Bsn-No-Explode-1.jpg?v=1739950716,https://proteindistrictlb.com/products/bsn-no-explode
8780054954202,46247034192090,Bsn No-Explode,Nutrition Facts / 30 scoops / fruit punch,Pre Workout Stim | Pre workouts,BSN,40.00,5.00,Pre Workout Stim,45.00,+5.00,12.5%,,True,,https://cdn.shopify.com/s/files/1/0737/7384/2650/files/Bsn-No-Explode-1.jpg?v=1739950716,https://proteindistrictlb.com/products/bsn-no-explode
8780054954202,46247034224858,Bsn No-Explode,Nutrition Facts / 30 scoops / blue razz,Pre Workout Stim | Pre workouts,BSN,40.00,5.00,Pre Workout Stim,45.00,+5.00,12.5%,,True,,https://cdn.shopify.com/s/files/1/0737/7384/2650/files/Bsn-No-Explode-1.jpg?v=1739950716,https://proteindistrictlb.com/products/bsn-no-explode
8780054954202,46247034257626,Bsn No-Explode,Nutrition Facts / 30 scoops / watermelon,Pre Workout Stim | Pre workouts,BSN,40.00,5.00,Pre Workout Stim,45.00,+5.00,12.5%,,True,,https://cdn.shopify.com/s/files/1/0737/7384/2650/files/Bsn-No-Explode-1.jpg?v=1739950716,https://proteindistrictlb.com/products/bsn-no-explode
8780054954202,46247034290394,Bsn No-Explode,Nutrition Facts / 30 scoops / grape,Pre Workout Stim | Pre workouts,BSN,40.00,5.00,Pre Workout Stim,45.00,+5.00,12.5%,,True,,https://cdn.shopify.com/s/files/1/0737/7384/2650/files/Bsn-No-Explode-1.jpg?v=1739950716,https://proteindistrictlb.com/products/bsn-no-explode
8780117344474,46173376938202,Optimum Nutrition Pro Gainer,Product / 2.3 kg - 14 serving / double chocolate,Mass gainers,Optimum Nutrition,80.00,6.00,Mass gainers,86.00,+6.00,7.5%,,True,,https://cdn.shopify.com/s/files/1/0737/7384/2650/files/website-photo-editsOptimum-Nutrition-Pro-Gainer---1.jpg?v=1739950473,https://proteindistrictlb.com/products/optimum-nutrition-pro-gainer
8780117344474,46173376970970,Optimum Nutrition Pro Gainer,Product / 2.3 kg - 14 serving / vanilla custard,Mass gainers,Optimum Nutrition,80.00,6.00,Mass gainers,86.00,+6.00,7.5%,,True,,https://cdn.shopify.com/s/files/1/0737/7384/2650/files/website-photo-editsOptimum-Nutrition-Pro-Gainer---1.jpg?v=1739950473,https://proteindistrictlb.com/products/optimum-nutrition-pro-gainer
8780117344474,46247001030874,Optimum Nutrition Pro Gainer,Nutrition Facts / 2.3 kg - 14 serving / double chocolate,Mass gainers,Optimum Nutrition,80.00,6.00,Mass gainers,86.00,+6.00,7.5%,,True,,https://cdn.shopify.com/s/files/1/0737/7384/2650/files/website-photo-editsOptimum-Nutrition-Pro-Gainer---1.jpg?v=1739950473,https://proteindistrictlb.com/products/optimum-nutrition-pro-gainer
8780117344474,46247001063642,Optimum Nutrition Pro Gainer,Nutrition Facts / 2.3 kg - 14 serving / vanilla custard,Mass gainers,Optimum Nutrition,80.00,6.00,Mass gainers,86.00,+6.00,7.5%,,True,,https://cdn.shopify.com/s/files/1/0737/7384/2650/files/website-photo-editsOptimum-Nutrition-Pro-Gainer---1.jpg?v=1739950473,https://proteindistrictlb.com/products/optimum-nutrition-pro-gainer
8780039553242,46173219750106,Rule 1 Men's  Multi Vitamins,Product / 90 tablets - 30 servings,Multi Vitamin | Rule 1 | Vitamins,Rule 1 Proteins,35.00,5.00,Multi Vitamin,40.00,+5.00,14.3%,,True,,https://cdn.shopify.com/s/files/1/0737/7384/2650/files/Rule-1-Men_s--Multi-Vitamins.jpg?v=1739787363,https://proteindistrictlb.com/products/rule-1-mens-multi-vitamins
8780039553242,46247033995482,Rule 1 Men's  Multi Vitamins,Nutrition Facts / 90 tablets - 30 servings,Multi Vitamin | Rule 1 | Vitamins,Rule 1 Proteins,35.00,5.00,Multi Vitamin,40.00,+5.00,14.3%,,True,,https://cdn.shopify.com/s/files/1/0737/7384/2650/files/Rule-1-Men_s--Multi-Vitamins.jpg?v=1739787363,https://proteindistrictlb.com/products/rule-1-mens-multi-vitamins
8780048728282,46173231841498,All Max L-Citruline Malate,Product / 300g - 150 scoop,L-citrulline | Pre workouts,AllMax Nutrition,35.00,5.00,Pre workouts,40.00,+5.00,14.3%,,True,,https://cdn.shopify.com/s/files/1/0737/7384/2650/files/All-Max-L-Citruline-Malate.jpg?v=1739787287,https://proteindistrictlb.com/products/all-max-l-citruline-malate
8780048728282,46247034159322,All Max L-Citruline Malate,Nutrition Facts / 300g - 150 scoop,L-citrulline | Pre workouts,AllMax Nutrition,35.00,5.00,Pre workouts,40.00,+5.00,14.3%,,True,,https://cdn.shopify.com/s/files/1/0737/7384/2650/files/All-Max-L-Citruline-Malate.jpg?v=1739787287,https://proteindistrictlb.com/products/all-max-l-citruline-malate
8780060852442,46173246062810,21 Century Biotin,360 tablets / 10000 mcg / Product,Beauty Care | Biotin | Vitamins,21st Century,45.00,6.00,Beauty Care,51.00,+6.00,13.3%,,True,,https://cdn.shopify.com/s/files/1/0737/7384/2650/files/21-Century-Biotin.jpg?v=1739787126,https://proteindistrictlb.com/products/21-century-biotin
8780060852442,46746213155034,21 Century Biotin,Nutrition Facts / 10000 mcg / Product,Beauty Care | Biotin | Vitamins,21st Century,45.00,6.00,Beauty Care,51.00,+6.00,13.3%,,True,,https://cdn.shopify.com/s/files/1/0737/7384/2650/files/21-Century-Biotin.jpg?v=1739787126,https://proteindistrictlb.com/products/21-century-biotin
8780077695194,46173280305370,Swanson Biotin,Product / 30 capsules / 5000 mcg,Beauty Care | Biotin | Vitamins,Swanson,20.00,6.00,Beauty Care,25.00,+5.00,25.0%,yes,True,,https://cdn.shopify.com/s/files/1/0737/7384/2650/files/Swanson-Biotin.jpg?v=1739787018,https://proteindistrictlb.com/products/swanson-biotin
8780077695194,46247038091482,Swanson Biotin,Nutrition Facts / 30 capsules / 5000 mcg,Beauty Care | Biotin | Vitamins,Swanson,20.00,6.00,Beauty Care,25.00,+5.00,25.0%,yes,True,,https://cdn.shopify.com/s/files/1/0737/7384/2650/files/Swanson-Biotin.jpg?v=1739787018,https://proteindistrictlb.com/products/swanson-biotin
8780081823962,46173288038618,Swanson Milk Thistle,100 capsules / 500 mg / Product,Liver Support | Vitamins,Swanson,35.00,5.00,Liver Support,40.00,+5.00,14.3%,,True,,https://cdn.shopify.com/s/files/1/0737/7384/2650/files/milk.webp?v=1739786958,https://proteindistrictlb.com/products/swanson-milk-thistle
8780081823962,46746212794586,Swanson Milk Thistle,nutrition facts / 500 mg / Product,Liver Support | Vitamins,Swanson,35.00,5.00,Liver Support,40.00,+5.00,14.3%,,True,,https://cdn.shopify.com/s/files/1/0737/7384/2650/files/milk.webp?v=1739786958,https://proteindistrictlb.com/products/swanson-milk-thistle
8754149818586,46081709572314,Gat Testrol Gold,30 servings,Complex Testo Booster | Testo booster,Gat Testrol,30.00,6.00,Complex Testo Booster,36.00,+6.00,20.0%,,True,,https://cdn.shopify.com/s/files/1/0737/7384/2650/files/Gat-Testrol-Gold.jpg?v=1739786913,https://proteindistrictlb.com/products/gat-testrol-gold
8754149818586,46776815026394,Gat Testrol Gold,nutrition facts,Complex Testo Booster | Testo booster,Gat Testrol,30.00,6.00,Complex Testo Booster,36.00,+6.00,20.0%,,True,,https://cdn.shopify.com/s/files/1/0737/7384/2650/files/Gat-Testrol-Gold.jpg?v=1739786913,https://proteindistrictlb.com/products/gat-testrol-gold
8780083855578,46173290463450,Source Naturals Psyllium Husk,Product / 340g - 68 serving / 5g,Fibers | Vitamins,Source Naturals,75.00,5.00,Vitamins,80.00,+5.00,6.7%,,True,,https://cdn.shopify.com/s/files/1/0737/7384/2650/files/GP1263-sq.png?v=1739786755,https://proteindistrictlb.com/products/source-naturals-psyllium-husk
8780083855578,46246996869338,Source Naturals Psyllium Husk,Nutrition Facts / 340g - 68 serving / 5g,Fibers | Vitamins,Source Naturals,75.00,5.00,Vitamins,80.00,+5.00,6.7%,,True,,https://cdn.shopify.com/s/files/1/0737/7384/2650/files/GP1263-sq.png?v=1739786755,https://proteindistrictlb.com/products/source-naturals-psyllium-husk
8780086116570,46173297934554,Swanson Zinc Picolinate,Product / 60 capsules / 22 mg,Vitamins | Zinc,Swanson,35.00,5.00,Vitamins,40.00,+5.00,14.3%,,True,,https://cdn.shopify.com/s/files/1/0737/7384/2650/files/Swanson-Zinc-Picolinate.jpg?v=1739785717,https://proteindistrictlb.com/products/swanson-zinc-picolinate
8780086116570,46246998212826,Swanson Zinc Picolinate,Nutrition Facts / 60 capsules / 22 mg,Vitamins | Zinc,Swanson,35.00,5.00,Vitamins,40.00,+5.00,14.3%,,True,,https://cdn.shopify.com/s/files/1/0737/7384/2650/files/Swanson-Zinc-Picolinate.jpg?v=1739785717,https://proteindistrictlb.com/products/swanson-zinc-picolinate
8780086804698,46173335716058,Solarey Choline + inositol,Product / 100 veggie caps / 250 mg,Inositol | Vitamins,Solarey Choline,40.00,5.00,Inositol,45.00,+5.00,12.5%,,True,,https://cdn.shopify.com/s/files/1/0737/7384/2650/files/Solarey-Choline-_-inositol.jpg?v=1739785503,https://proteindistrictlb.com/products/solarey-choline-inositol
8780086804698,46246998343898,Solarey Choline + inositol,Nutrition Facts / 100 veggie caps / 250 mg,Inositol | Vitamins,Solarey Choline,40.00,5.00,Inositol,45.00,+5.00,12.5%,,True,,https://cdn.shopify.com/s/files/1/0737/7384/2650/files/Solarey-Choline-_-inositol.jpg?v=1739785503,https://proteindistrictlb.com/products/solarey-choline-inositol
8780106072282,46173337714906,21 Century Apple Cider Vinegar,Product / 250 tablets / 300 mg,Apple Cider Vinegar | Fat burners,21st Century,38.00,6.00,Fat burners,44.00,+6.00,15.8%,,True,,https://cdn.shopify.com/s/files/1/0737/7384/2650/files/21-Century-Apple-Cider-Vinegar.jpg?v=1739785408,https://proteindistrictlb.com/products/21-century-apple-cider-vinegar
8780106072282,46246999752922,21 Century Apple Cider Vinegar,Nutrition Facts / 250 tablets / 300 mg,Apple Cider Vinegar | Fat burners,21st Century,38.00,6.00,Fat burners,44.00,+6.00,15.8%,,True,,https://cdn.shopify.com/s/files/1/0737/7384/2650/files/21-Century-Apple-Cider-Vinegar.jpg?v=1739785408,https://proteindistrictlb.com/products/21-century-apple-cider-vinegar
8780106760410,46173339451610,Now Magnesium Glycinate,Product / 180 tablets / 100 mg,Magnesium | Vitamins,NOW Foods,60.00,5.00,Magnesium,65.00,+5.00,8.3%,,True,,https://cdn.shopify.com/s/files/1/0737/7384/2650/files/Now-Magnesium-Glycinate.jpg?v=1739785299,https://proteindistrictlb.com/products/now-magnesium-glycinate
8780106760410,46247000015066,Now Magnesium Glycinate,Nutrition Facts / 180 tablets / 100 mg,Magnesium | Vitamins,NOW Foods,60.00,5.00,Magnesium,65.00,+5.00,8.3%,,True,,https://cdn.shopify.com/s/files/1/0737/7384/2650/files/Now-Magnesium-Glycinate.jpg?v=1739785299,https://proteindistrictlb.com/products/now-magnesium-glycinate
8780107972826,46173341122778,Now Magnesium Citrate,Product / 120 vegg capsule / 133mg,Magnesium | Vitamins,NOW Foods,45.00,5.00,Magnesium,50.00,+5.00,11.1%,,True,,https://cdn.shopify.com/s/files/1/0737/7384/2650/files/Now-Magnesium-Citrate.jpg?v=1739785244,https://proteindistrictlb.com/products/now-magnesium-citrate
8780107972826,46247000211674,Now Magnesium Citrate,Nutrition Facts / 120 vegg capsule / 133mg,Magnesium | Vitamins,NOW Foods,45.00,5.00,Magnesium,50.00,+5.00,11.1%,,True,,https://cdn.shopify.com/s/files/1/0737/7384/2650/files/Now-Magnesium-Citrate.jpg?v=1739785244,https://proteindistrictlb.com/products/now-magnesium-citrate
8780113871066,46173368549594,Nutricost Astragalus Root,Product / 240 capsules / 550 mg,Vitamins | astragalus,Nutricost,45.00,5.00,Vitamins,50.00,+5.00,11.1%,,True,,https://cdn.shopify.com/s/files/1/0737/7384/2650/files/5_744ec895-fdd8-4dae-9bc3-f8c571218d29.jpg?v=1742491577,https://proteindistrictlb.com/products/nutricost-astragalus-root
8780113871066,46247000375514,Nutricost Astragalus Root,Nutrition Facts / 240 capsules / 550 mg,Vitamins | astragalus,Nutricost,45.00,5.00,Vitamins,50.00,+5.00,11.1%,,True,,https://cdn.shopify.com/s/files/1/0737/7384/2650/files/5_744ec895-fdd8-4dae-9bc3-f8c571218d29.jpg?v=1742491577,https://proteindistrictlb.com/products/nutricost-astragalus-root
8780114788570,46173369729242,Nutricost Ginko Biloba,Product / 240 capsules / 120 mg,Vitamins,Nutricost,45.00,5.00,Vitamins,50.00,+5.00,11.1%,,True,,https://cdn.shopify.com/s/files/1/0737/7384/2650/files/Nutricost-Ginko-Biloba.jpg?v=1739784885,https://proteindistrictlb.com/products/nutricost-ginko-biloba
8780114788570,46247000637658,Nutricost Ginko Biloba,Nutrition Facts / 240 capsules / 120 mg,Vitamins,Nutricost,45.00,5.00,Vitamins,50.00,+5.00,11.1%,,True,,https://cdn.shopify.com/s/files/1/0737/7384/2650/files/Nutricost-Ginko-Biloba.jpg?v=1739784885,https://proteindistrictlb.com/products/nutricost-ginko-biloba
8780119474394,46173380706522,Core Champs Amino 6000,Product / 300 tablets,Amino acid pills | Amino acids,Core Champs,30.00,4.00,Amino acid pills,34.00,+4.00,13.3%,,True,,https://cdn.shopify.com/s/files/1/0737/7384/2650/files/CORECHAMPSAmino6000-side1_720x_5ba31f22-fe88-494b-80fb-2feb65f2378c.webp?v=1739784742,https://proteindistrictlb.com/products/core-champs-amino-6000
8780119474394,46247002374362,Core Champs Amino 6000,Nutrition Facts / 300 tablets,Amino acid pills | Amino acids,Core Champs,30.00,4.00,Amino acid pills,34.00,+4.00,13.3%,,True,,https://cdn.shopify.com/s/files/1/0737/7384/2650/files/CORECHAMPSAmino6000-side1_720x_5ba31f22-fe88-494b-80fb-2feb65f2378c.webp?v=1739784742,https://proteindistrictlb.com/products/core-champs-amino-6000
8752217391322,46076821864666,Metabolic Synadrex,60 serving,Fat burners | Thermogenic Fat Burner,Metabolic Nutrition,55.00,6.00,Thermogenic Fat Burner,61.00,+6.00,10.9%,,True,,https://cdn.shopify.com/s/files/1/0737/7384/2650/files/64-Metabolic-Synadrex.jpg?v=1737632542,https://proteindistrictlb.com/products/metabolic-synadrex
8752217391322,46776803655898,Metabolic Synadrex,nutrition facts,Fat burners | Thermogenic Fat Burner,Metabolic Nutrition,55.00,6.00,Thermogenic Fat Burner,61.00,+6.00,10.9%,,True,,https://cdn.shopify.com/s/files/1/0737/7384/2650/files/64-Metabolic-Synadrex.jpg?v=1737632542,https://proteindistrictlb.com/products/metabolic-synadrex
8753167499482,46078810194138,Nutrex LIPO 6 Ultra Concentrate,60 servings,Fat burners | Thermogenic Fat Burner,Nutrex Research,25.00,6.00,Thermogenic Fat Burner,31.00,+6.00,24.0%,,True,,https://cdn.shopify.com/s/files/1/0737/7384/2650/files/105-Nutrex-LIPO-6-Ultra-Concentrate.jpg?v=1737647898,https://proteindistrictlb.com/products/nutrex-lipo-6-ultra-concentrate
8753167499482,46776805392602,Nutrex LIPO 6 Ultra Concentrate,nutrition facts,Fat burners | Thermogenic Fat Burner,Nutrex Research,25.00,6.00,Thermogenic Fat Burner,31.00,+6.00,24.0%,,True,,https://cdn.shopify.com/s/files/1/0737/7384/2650/files/105-Nutrex-LIPO-6-Ultra-Concentrate.jpg?v=1737647898,https://proteindistrictlb.com/products/nutrex-lipo-6-ultra-concentrate
8753126703322,46078755438810,Nutrex Lipo 6 Hardcore,60 servings,Fat burners | Thermogenic Fat Burner,Nutrex Research,25.00,6.00,Thermogenic Fat Burner,31.00,+6.00,24.0%,,True,,https://cdn.shopify.com/s/files/1/0737/7384/2650/files/107-Nutrex-Lipo-6-Hardcore.jpg?v=1737648485,https://proteindistrictlb.com/products/nutrex-lipo-6-hardcore
8753126703322,46776804540634,Nutrex Lipo 6 Hardcore,nutrition facts,Fat burners | Thermogenic Fat Burner,Nutrex Research,25.00,6.00,Thermogenic Fat Burner,31.00,+6.00,24.0%,,True,,https://cdn.shopify.com/s/files/1/0737/7384/2650/files/107-Nutrex-Lipo-6-Hardcore.jpg?v=1737648485,https://proteindistrictlb.com/products/nutrex-lipo-6-hardcore
8753209049306,46078873239770,Universal Animal Cuts,42 packs,Fat burners | Thermogenic Fat Burner,Universal Nutrition,60.00,6.00,Thermogenic Fat Burner,66.00,+6.00,10.0%,,True,,https://cdn.shopify.com/s/files/1/0737/7384/2650/files/32-Universal-Animal-Cuts.jpg?v=1737546131,https://proteindistrictlb.com/products/universal-animal-cuts
8753209049306,46776809750746,Universal Animal Cuts,nutrition facts,Fat burners | Thermogenic Fat Burner,Universal Nutrition,60.00,6.00,Thermogenic Fat Burner,66.00,+6.00,10.0%,,True,,https://cdn.shopify.com/s/files/1/0737/7384/2650/files/32-Universal-Animal-Cuts.jpg?v=1737546131,https://proteindistrictlb.com/products/universal-animal-cuts
8753172480218,46078815731930,Nutrex Lipo 6 Hers Ultra,60 capsules,Fat burners | Thermogenic Fat Burner,Nutrex Research,25.00,6.00,Thermogenic Fat Burner,31.00,+6.00,24.0%,,True,,https://cdn.shopify.com/s/files/1/0737/7384/2650/files/106-Nutrex-Lipo-6-Hers-Ultra.jpg?v=1737648000,https://proteindistrictlb.com/products/nutrex-lipo-6-hers-ultra
8753172480218,46776807489754,Nutrex Lipo 6 Hers Ultra,nutrition facts,Fat burners | Thermogenic Fat Burner,Nutrex Research,25.00,6.00,Thermogenic Fat Burner,31.00,+6.00,24.0%,,True,,https://cdn.shopify.com/s/files/1/0737/7384/2650/files/106-Nutrex-Lipo-6-Hers-Ultra.jpg?v=1737648000,https://proteindistrictlb.com/products/nutrex-lipo-6-hers-ultra
8753228251354,46078897389786,Bpi Cla+l-Carnitine,50 servings / watermelon,Cla | Fat burners | L-Carnitine,Bpi Best,30.00,6.00,Fat burners,36.00,+6.00,20.0%,,True,,https://cdn.shopify.com/s/files/1/0737/7384/2650/files/191-Bpi-Cla_l-Carnitine--3.jpg?v=1738059890,https://proteindistrictlb.com/products/bpi-cla-l-carnitine
8753228251354,46078897422554,Bpi Cla+l-Carnitine,50 servings / fruit punch,Cla | Fat burners | L-Carnitine,Bpi Best,30.00,6.00,Fat burners,36.00,+6.00,20.0%,,True,,https://cdn.shopify.com/s/files/1/0737/7384/2650/files/191-Bpi-Cla_l-Carnitine--3.jpg?v=1738059890,https://proteindistrictlb.com/products/bpi-cla-l-carnitine
8753228251354,46078897455322,Bpi Cla+l-Carnitine,50 servings / snow cone,Cla | Fat burners | L-Carnitine,Bpi Best,30.00,6.00,Fat burners,36.00,+6.00,20.0%,,True,,https://cdn.shopify.com/s/files/1/0737/7384/2650/files/191-Bpi-Cla_l-Carnitine--3.jpg?v=1738059890,https://proteindistrictlb.com/products/bpi-cla-l-carnitine
8753228251354,46078897488090,Bpi Cla+l-Carnitine,50 servings / rainbow ice,Cla | Fat burners | L-Carnitine,Bpi Best,30.00,6.00,Fat burners,36.00,+6.00,20.0%,,True,,https://cdn.shopify.com/s/files/1/0737/7384/2650/files/191-Bpi-Cla_l-Carnitine--3.jpg?v=1738059890,https://proteindistrictlb.com/products/bpi-cla-l-carnitine
8753228251354,46776810930394,Bpi Cla+l-Carnitine,nutrition facts / watermelon,Cla | Fat burners | L-Carnitine,Bpi Best,30.00,6.00,Fat burners,36.00,+6.00,20.0%,,True,,https://cdn.shopify.com/s/files/1/0737/7384/2650/files/191-Bpi-Cla_l-Carnitine--3.jpg?v=1738059890,https://proteindistrictlb.com/products/bpi-cla-l-carnitine
8753228251354,46776810963162,Bpi Cla+l-Carnitine,nutrition facts / fruit punch,Cla | Fat burners | L-Carnitine,Bpi Best,30.00,6.00,Fat burners,36.00,+6.00,20.0%,,True,,https://cdn.shopify.com/s/files/1/0737/7384/2650/files/191-Bpi-Cla_l-Carnitine--3.jpg?v=1738059890,https://proteindistrictlb.com/products/bpi-cla-l-carnitine
8753228251354,46776810995930,Bpi Cla+l-Carnitine,nutrition facts / snow cone,Cla | Fat burners | L-Carnitine,Bpi Best,30.00,6.00,Fat burners,36.00,+6.00,20.0%,,True,,https://cdn.shopify.com/s/files/1/0737/7384/2650/files/191-Bpi-Cla_l-Carnitine--3.jpg?v=1738059890,https://proteindistrictlb.com/products/bpi-cla-l-carnitine
8753228251354,46776811028698,Bpi Cla+l-Carnitine,nutrition facts / rainbow ice,Cla | Fat burners | L-Carnitine,Bpi Best,30.00,6.00,Fat burners,36.00,+6.00,20.0%,,True,,https://cdn.shopify.com/s/files/1/0737/7384/2650/files/191-Bpi-Cla_l-Carnitine--3.jpg?v=1738059890,https://proteindistrictlb.com/products/bpi-cla-l-carnitine
8753216323802,46078881202394,Biotech Usa Fat x,30 servings,Fat burners,BioTechUSA,25.00,6.00,Fat burners,31.00,+6.00,24.0%,,True,,https://cdn.shopify.com/s/files/1/0737/7384/2650/files/20-Biotech-Usa-Fat-x.jpg?v=1737543806,https://proteindistrictlb.com/products/biotech-usa-fat-x
8753216323802,46776810143962,Biotech Usa Fat x,nutrition facts,Fat burners,BioTechUSA,25.00,6.00,Fat burners,31.00,+6.00,24.0%,,True,,https://cdn.shopify.com/s/files/1/0737/7384/2650/files/20-Biotech-Usa-Fat-x.jpg?v=1737543806,https://proteindistrictlb.com/products/biotech-usa-fat-x
8754146836698,46081704788186,Galvanize Tmax,25 servings,Complex Testo Booster | Testo booster,Galvanize,30.00,6.00,Complex Testo Booster,36.00,+6.00,20.0%,,True,,https://cdn.shopify.com/s/files/1/0737/7384/2650/files/159--Galvanize-Tmax.jpg?v=1738017862,https://proteindistrictlb.com/products/galvanize-tmax
8754146836698,46776812634330,Galvanize Tmax,nutrition facts,Complex Testo Booster | Testo booster,Galvanize,30.00,6.00,Complex Testo Booster,36.00,+6.00,20.0%,,True,,https://cdn.shopify.com/s/files/1/0737/7384/2650/files/159--Galvanize-Tmax.jpg?v=1738017862,https://proteindistrictlb.com/products/galvanize-tmax
8754121408730,46081653145818,nutrex anabol hardcore,60 servings,Testo booster,nutrex anabol,30.00,6.00,Testo booster,36.00,+6.00,20.0%,,True,,https://cdn.shopify.com/s/files/1/0737/7384/2650/files/182-nutrex-anabol-hardcore.jpg?v=1738058642,https://proteindistrictlb.com/products/nutrex-anabol-hardcore
8754121408730,46776812372186,nutrex anabol hardcore,nutrition facts,Testo booster,nutrex anabol,30.00,6.00,Testo booster,36.00,+6.00,20.0%,,True,,https://cdn.shopify.com/s/files/1/0737/7384/2650/files/182-nutrex-anabol-hardcore.jpg?v=1738058642,https://proteindistrictlb.com/products/nutrex-anabol-hardcore
8754112331994,46081631944922,Universal M-Stak,21 servings,Complex Testo Booster | Testo booster,Universal Nutrition,60.00,6.00,Complex Testo Booster,66.00,+6.00,10.0%,,True,,https://cdn.shopify.com/s/files/1/0737/7384/2650/files/37-Universal-M-Stak.jpg?v=1737546820,https://proteindistrictlb.com/products/universal-m-stak
8754112331994,46776811323610,Universal M-Stak,nutrition facts,Complex Testo Booster | Testo booster,Universal Nutrition,60.00,6.00,Complex Testo Booster,66.00,+6.00,10.0%,,True,,https://cdn.shopify.com/s/files/1/0737/7384/2650/files/37-Universal-M-Stak.jpg?v=1737546820,https://proteindistrictlb.com/products/universal-m-stak
8754158010586,46081720647898,Evl Alphamode,30 servings,Complex Testo Booster | Testo booster,EVLUTION Nutrition,30.00,6.00,Complex Testo Booster,36.00,+6.00,20.0%,,True,,https://cdn.shopify.com/s/files/1/0737/7384/2650/files/152-Evl-Alphamode.jpg?v=1738016702,https://proteindistrictlb.com/products/evl-alphamode
8754158010586,46776817221850,Evl Alphamode,nutrition facts,Complex Testo Booster | Testo booster,EVLUTION Nutrition,30.00,6.00,Complex Testo Booster,36.00,+6.00,20.0%,,True,,https://cdn.shopify.com/s/files/1/0737/7384/2650/files/152-Evl-Alphamode.jpg?v=1738016702,https://proteindistrictlb.com/products/evl-alphamode
8754154307802,46081713897690,Zoomad Wild Beast,30 servings,Complex Testo Booster | Testo booster,Zoomad Labs,50.00,6.00,Complex Testo Booster,56.00,+6.00,12.0%,,True,,https://cdn.shopify.com/s/files/1/0737/7384/2650/files/46-Zoomad-Wild-Beast.jpg?v=1737547803,https://proteindistrictlb.com/products/zoomad-wild-beast
8754154307802,46776816926938,Zoomad Wild Beast,nutrition facts,Complex Testo Booster | Testo booster,Zoomad Labs,50.00,6.00,Complex Testo Booster,56.00,+6.00,12.0%,,True,,https://cdn.shopify.com/s/files/1/0737/7384/2650/files/46-Zoomad-Wild-Beast.jpg?v=1737547803,https://proteindistrictlb.com/products/zoomad-wild-beast
8754238193882,46081836712154,Biotech Black Test,30 servings,Complex Testo Booster | Testo booster,BioTechUSA,40.00,6.00,Complex Testo Booster,46.00,+6.00,15.0%,,True,,https://cdn.shopify.com/s/files/1/0737/7384/2650/files/13-Biotech-Black-Test.jpg?v=1737542417,https://proteindistrictlb.com/products/biotech-black-test
8754238193882,46776818532570,Biotech Black Test,nutrition facts,Complex Testo Booster | Testo booster,BioTechUSA,40.00,6.00,Complex Testo Booster,46.00,+6.00,15.0%,,True,,https://cdn.shopify.com/s/files/1/0737/7384/2650/files/13-Biotech-Black-Test.jpg?v=1737542417,https://proteindistrictlb.com/products/biotech-black-test
8754251628762,46081875607770,Gat Zmag-T,30 servings,Vitamins | Zmb,Gat Testrol,30.00,5.00,Vitamins,35.00,+5.00,16.7%,,True,,https://cdn.shopify.com/s/files/1/0737/7384/2650/files/164--Gat-Zmag-T.jpg?v=1738018384,https://proteindistrictlb.com/products/gat-zmag-t
8754251628762,46776819712218,Gat Zmag-T,nutrition facts,Vitamins | Zmb,Gat Testrol,30.00,5.00,Vitamins,35.00,+5.00,16.7%,,True,,https://cdn.shopify.com/s/files/1/0737/7384/2650/files/164--Gat-Zmag-T.jpg?v=1738018384,https://proteindistrictlb.com/products/gat-zmag-t
8754258673882,46081892810970,Nutrend Carbo Drinx,22 servings / watermelon,Carbs | Carbs complex powder,Nutrend Carbo,20.00,3.00,Carbs complex powder,23.00,+3.00,15.0%,,True,,https://cdn.shopify.com/s/files/1/0737/7384/2650/files/192-Nutrend-Carbo-Drinkx--2.jpg?v=1738060424,https://proteindistrictlb.com/products/nutrend-carbo-drinkx
8754258673882,46081892843738,Nutrend Carbo Drinx,22 servings / Lemon,Carbs | Carbs complex powder,Nutrend Carbo,20.00,3.00,Carbs complex powder,23.00,+3.00,15.0%,,True,,https://cdn.shopify.com/s/files/1/0737/7384/2650/files/192-Nutrend-Carbo-Drinkx--2.jpg?v=1738060424,https://proteindistrictlb.com/products/nutrend-carbo-drinkx
8754258673882,46776831082714,Nutrend Carbo Drinx,nutrition facts / watermelon,Carbs | Carbs complex powder,Nutrend Carbo,20.00,3.00,Carbs complex powder,23.00,+3.00,15.0%,,True,,https://cdn.shopify.com/s/files/1/0737/7384/2650/files/192-Nutrend-Carbo-Drinkx--2.jpg?v=1738060424,https://proteindistrictlb.com/products/nutrend-carbo-drinkx
8754258673882,46776831115482,Nutrend Carbo Drinx,nutrition facts / Lemon,Carbs | Carbs complex powder,Nutrend Carbo,20.00,3.00,Carbs complex powder,23.00,+3.00,15.0%,,True,,https://cdn.shopify.com/s/files/1/0737/7384/2650/files/192-Nutrend-Carbo-Drinkx--2.jpg?v=1738060424,https://proteindistrictlb.com/products/nutrend-carbo-drinkx
8754251759834,46081885602010,Usn Z-MAG,60 servings,Vitamins | Zmb,Usn Anabolic,35.00,5.00,Vitamins,40.00,+5.00,14.3%,,True,,https://cdn.shopify.com/s/files/1/0737/7384/2650/files/38-Usn-Z-MAG.jpg?v=1737546883,https://proteindistrictlb.com/products/usn-z-mag
8754251759834,46776821022938,Usn Z-MAG,nutrition facts,Vitamins | Zmb,Usn Anabolic,35.00,5.00,Vitamins,40.00,+5.00,14.3%,,True,,https://cdn.shopify.com/s/files/1/0737/7384/2650/files/38-Usn-Z-MAG.jpg?v=1737546883,https://proteindistrictlb.com/products/usn-z-mag
8754268209370,46081926824154,Muscletech Celltech,2.72 kg - 54 serving,Carbs | Carbs complex powder | Creatine,MuscleTech,55.00,5.00,Creatine,60.00,+5.00,9.1%,,True,,https://cdn.shopify.com/s/files/1/0737/7384/2650/files/66-Muscletech-Celltech.jpg?v=1737632663,https://proteindistrictlb.com/products/muscletech-celltech
8754268209370,46081926856922,Muscletech Celltech,1.36kg - 27 serving,Carbs | Carbs complex powder | Creatine,MuscleTech,40.00,5.00,Creatine,45.00,+5.00,12.5%,,True,,https://cdn.shopify.com/s/files/1/0737/7384/2650/files/66-Muscletech-Celltech.jpg?v=1737632663,https://proteindistrictlb.com/products/muscletech-celltech
8754268209370,47144076968154,Muscletech Celltech,nutrition facts 27 servings,Carbs | Carbs complex powder | Creatine,MuscleTech,40.00,5.00,Creatine,45.00,+5.00,12.5%,,True,,https://cdn.shopify.com/s/files/1/0737/7384/2650/files/66-Muscletech-Celltech.jpg?v=1737632663,https://proteindistrictlb.com/products/muscletech-celltech
8754268209370,47144077000922,Muscletech Celltech,nutrition facts 54 servings,Carbs | Carbs complex powder | Creatine,MuscleTech,55.00,5.00,Creatine,60.00,+5.00,9.1%,,True,,https://cdn.shopify.com/s/files/1/0737/7384/2650/files/66-Muscletech-Celltech.jpg?v=1737632663,https://proteindistrictlb.com/products/muscletech-celltech
8754261721306,46081906245850,Applied Nutrition Cream Of Rice,Products / 2kg -67 servings / toffe biscuit,Carbs | Cream Of Rice,Applied Nutrition,35.00,3.00,Cream Of Rice,38.00,+3.00,8.6%,,True,,https://cdn.shopify.com/s/files/1/0737/7384/2650/files/111-Applied-Nutrition-Cream-Of-Rice--8.jpg?v=1737992403,https://proteindistrictlb.com/products/applied-nutrition-cream-of-rice
8754261721306,46081906278618,Applied Nutrition Cream Of Rice,Products / 2kg -67 servings / rasberry ripple,Carbs | Cream Of Rice,Applied Nutrition,35.00,3.00,Cream Of Rice,38.00,+3.00,8.6%,,True,,https://cdn.shopify.com/s/files/1/0737/7384/2650/files/111-Applied-Nutrition-Cream-Of-Rice--8.jpg?v=1737992403,https://proteindistrictlb.com/products/applied-nutrition-cream-of-rice
8754261721306,46113814970586,Applied Nutrition Cream Of Rice,Products / 2kg -67 servings / apple crumble,Carbs | Cream Of Rice,Applied Nutrition,35.00,3.00,Cream Of Rice,38.00,+3.00,8.6%,,True,,https://cdn.shopify.com/s/files/1/0737/7384/2650/files/111-Applied-Nutrition-Cream-Of-Rice--8.jpg?v=1737992403,https://proteindistrictlb.com/products/applied-nutrition-cream-of-rice
8754261721306,46113815003354,Applied Nutrition Cream Of Rice,Products / 2kg -67 servings / golden syrup,Carbs | Cream Of Rice,Applied Nutrition,35.00,3.00,Cream Of Rice,38.00,+3.00,8.6%,,True,,https://cdn.shopify.com/s/files/1/0737/7384/2650/files/111-Applied-Nutrition-Cream-Of-Rice--8.jpg?v=1737992403,https://proteindistrictlb.com/products/applied-nutrition-cream-of-rice
8754261721306,46113815036122,Applied Nutrition Cream Of Rice,Products / 1kg - 33 servings / toffe biscuit,Carbs | Cream Of Rice,Applied Nutrition,25.00,3.00,Cream Of Rice,28.00,+3.00,12.0%,,True,,https://cdn.shopify.com/s/files/1/0737/7384/2650/files/111-Applied-Nutrition-Cream-Of-Rice--8.jpg?v=1737992403,https://proteindistrictlb.com/products/applied-nutrition-cream-of-rice
8754261721306,46113815068890,Applied Nutrition Cream Of Rice,Products / 1kg - 33 servings / rasberry ripple,Carbs | Cream Of Rice,Applied Nutrition,25.00,3.00,Cream Of Rice,28.00,+3.00,12.0%,,True,,https://cdn.shopify.com/s/files/1/0737/7384/2650/files/111-Applied-Nutrition-Cream-Of-Rice--8.jpg?v=1737992403,https://proteindistrictlb.com/products/applied-nutrition-cream-of-rice
8754261721306,46113815101658,Applied Nutrition Cream Of Rice,Products / 1kg - 33 servings / apple crumble,Carbs | Cream Of Rice,Applied Nutrition,25.00,3.00,Cream Of Rice,28.00,+3.00,12.0%,,True,,https://cdn.shopify.com/s/files/1/0737/7384/2650/files/111-Applied-Nutrition-Cream-Of-Rice--8.jpg?v=1737992403,https://proteindistrictlb.com/products/applied-nutrition-cream-of-rice
8754261721306,46113815134426,Applied Nutrition Cream Of Rice,Products / 1kg - 33 servings / golden syrup,Carbs | Cream Of Rice,Applied Nutrition,25.00,3.00,Cream Of Rice,28.00,+3.00,12.0%,,True,,https://cdn.shopify.com/s/files/1/0737/7384/2650/files/111-Applied-Nutrition-Cream-Of-Rice--8.jpg?v=1737992403,https://proteindistrictlb.com/products/applied-nutrition-cream-of-rice
8754261721306,46238487183578,Applied Nutrition Cream Of Rice,Nutrition Facts / 2kg -67 servings / toffe biscuit,Carbs | Cream Of Rice,Applied Nutrition,35.00,3.00,Cream Of Rice,38.00,+3.00,8.6%,,True,,https://cdn.shopify.com/s/files/1/0737/7384/2650/files/111-Applied-Nutrition-Cream-Of-Rice--8.jpg?v=1737992403,https://proteindistrictlb.com/products/applied-nutrition-cream-of-rice
8754261721306,46238487216346,Applied Nutrition Cream Of Rice,Nutrition Facts / 2kg -67 servings / rasberry ripple,Carbs | Cream Of Rice,Applied Nutrition,35.00,3.00,Cream Of Rice,38.00,+3.00,8.6%,,True,,https://cdn.shopify.com/s/files/1/0737/7384/2650/files/111-Applied-Nutrition-Cream-Of-Rice--8.jpg?v=1737992403,https://proteindistrictlb.com/products/applied-nutrition-cream-of-rice
8754261721306,46238487249114,Applied Nutrition Cream Of Rice,Nutrition Facts / 2kg -67 servings / apple crumble,Carbs | Cream Of Rice,Applied Nutrition,35.00,3.00,Cream Of Rice,38.00,+3.00,8.6%,,True,,https://cdn.shopify.com/s/files/1/0737/7384/2650/files/111-Applied-Nutrition-Cream-Of-Rice--8.jpg?v=1737992403,https://proteindistrictlb.com/products/applied-nutrition-cream-of-rice
8754261721306,46238487281882,Applied Nutrition Cream Of Rice,Nutrition Facts / 2kg -67 servings / golden syrup,Carbs | Cream Of Rice,Applied Nutrition,35.00,3.00,Cream Of Rice,38.00,+3.00,8.6%,,True,,https://cdn.shopify.com/s/files/1/0737/7384/2650/files/111-Applied-Nutrition-Cream-Of-Rice--8.jpg?v=1737992403,https://proteindistrictlb.com/products/applied-nutrition-cream-of-rice
8754261721306,46238487314650,Applied Nutrition Cream Of Rice,Nutrition Facts / 1kg - 33 servings / toffe biscuit,Carbs | Cream Of Rice,Applied Nutrition,25.00,3.00,Cream Of Rice,28.00,+3.00,12.0%,,True,,https://cdn.shopify.com/s/files/1/0737/7384/2650/files/111-Applied-Nutrition-Cream-Of-Rice--8.jpg?v=1737992403,https://proteindistrictlb.com/products/applied-nutrition-cream-of-rice
8754261721306,46238487347418,Applied Nutrition Cream Of Rice,Nutrition Facts / 1kg - 33 servings / rasberry ripple,Carbs | Cream Of Rice,Applied Nutrition,25.00,3.00,Cream Of Rice,28.00,+3.00,12.0%,,True,,https://cdn.shopify.com/s/files/1/0737/7384/2650/files/111-Applied-Nutrition-Cream-Of-Rice--8.jpg?v=1737992403,https://proteindistrictlb.com/products/applied-nutrition-cream-of-rice
8754261721306,46238487380186,Applied Nutrition Cream Of Rice,Nutrition Facts / 1kg - 33 servings / apple crumble,Carbs | Cream Of Rice,Applied Nutrition,25.00,3.00,Cream Of Rice,28.00,+3.00,12.0%,,True,,https://cdn.shopify.com/s/files/1/0737/7384/2650/files/111-Applied-Nutrition-Cream-Of-Rice--8.jpg?v=1737992403,https://proteindistrictlb.com/products/applied-nutrition-cream-of-rice
8754261721306,46238487412954,Applied Nutrition Cream Of Rice,Nutrition Facts / 1kg - 33 servings / golden syrup,Carbs | Cream Of Rice,Applied Nutrition,25.00,3.00,Cream Of Rice,28.00,+3.00,12.0%,,True,,https://cdn.shopify.com/s/files/1/0737/7384/2650/files/111-Applied-Nutrition-Cream-Of-Rice--8.jpg?v=1737992403,https://proteindistrictlb.com/products/applied-nutrition-cream-of-rice
8754269421786,46081929773274,Biotech After,20 serving / green apple,Carbs | Carbs complex powder,BioTechUSA,30.00,3.00,Carbs complex powder,33.00,+3.00,10.0%,,True,,https://cdn.shopify.com/s/files/1/0737/7384/2650/files/12-Biotech-After.jpg?v=1737542248,https://proteindistrictlb.com/products/biotech-after
8754269421786,46776834195674,Biotech After,nutrition facts / green apple,Carbs | Carbs complex powder,BioTechUSA,30.00,3.00,Carbs complex powder,33.00,+3.00,10.0%,,True,,https://cdn.shopify.com/s/files/1/0737/7384/2650/files/12-Biotech-After.jpg?v=1737542248,https://proteindistrictlb.com/products/biotech-after
8754268569818,46081925677274,Universal Carbo Plus,55 servings / Unflavored,Carbs | Carbs complex powder,Universal Nutrition,25.00,3.00,Carbs complex powder,28.00,+3.00,12.0%,,True,,https://cdn.shopify.com/s/files/1/0737/7384/2650/files/35-Universal-Carbo-Plus.jpg?v=1737546587,https://proteindistrictlb.com/products/universal-carbo-plus
8754268569818,46776833736922,Universal Carbo Plus,nutrition facts / Unflavored,Carbs | Carbs complex powder,Universal Nutrition,25.00,3.00,Carbs complex powder,28.00,+3.00,12.0%,,True,,https://cdn.shopify.com/s/files/1/0737/7384/2650/files/35-Universal-Carbo-Plus.jpg?v=1737546587,https://proteindistrictlb.com/products/universal-carbo-plus
8754273157338,46081963851994,Kevin Levrone Gold Creatine,300 g-60 servings / Unflavored,Creatine | Unflavored Creatine,Kevin Levrone,20.00,5.00,Unflavored Creatine,25.00,+5.00,25.0%,,True,,https://cdn.shopify.com/s/files/1/0737/7384/2650/files/196-Raw-Nutrition-Electrolyets.jpg?v=1738062043,https://proteindistrictlb.com/products/kevin-levrone-gold-creatine
8754273157338,46776838521050,Kevin Levrone Gold Creatine,nutrition facts / Unflavored,Creatine | Unflavored Creatine,Kevin Levrone,20.00,5.00,Unflavored Creatine,25.00,+5.00,25.0%,,True,,https://cdn.shopify.com/s/files/1/0737/7384/2650/files/196-Raw-Nutrition-Electrolyets.jpg?v=1738062043,https://proteindistrictlb.com/products/kevin-levrone-gold-creatine
8754272075994,46081953988826,All Stars Creatine,500gr - 100 servings / fruit punch,Creatine | Flavored Creatine,AllMax Nutrition,25.00,5.00,Flavored Creatine,30.00,+5.00,20.0%,,True,,https://cdn.shopify.com/s/files/1/0737/7384/2650/files/8-All-Stars-Creatine.jpg?v=1737541008,https://proteindistrictlb.com/products/all-stars-creatine
8754272075994,46776836751578,All Stars Creatine,nutrition facts / fruit punch,Creatine | Flavored Creatine,AllMax Nutrition,25.00,5.00,Flavored Creatine,30.00,+5.00,20.0%,,True,,https://cdn.shopify.com/s/files/1/0737/7384/2650/files/8-All-Stars-Creatine.jpg?v=1737541008,https://proteindistrictlb.com/products/all-stars-creatine
8754270339290,46081936720090,Protein Ocn Cream Of Rice,1kg - 20 servings / Coconut,Carbs | Cream Of Rice,Protein Ocn,20.00,3.00,Cream Of Rice,23.00,+3.00,15.0%,,True,,https://cdn.shopify.com/s/files/1/0737/7384/2650/files/96-Protein-Ocn-Cream-Of-Rice-2.jpg?v=1738053778,https://proteindistrictlb.com/products/protein-ocn-cream-of-rice
8754270339290,46081936752858,Protein Ocn Cream Of Rice,1kg - 20 servings / muhalabiye,Carbs | Cream Of Rice,Protein Ocn,20.00,3.00,Cream Of Rice,23.00,+3.00,15.0%,,True,,https://cdn.shopify.com/s/files/1/0737/7384/2650/files/96-Protein-Ocn-Cream-Of-Rice-2.jpg?v=1738053778,https://proteindistrictlb.com/products/protein-ocn-cream-of-rice
8754270339290,46776834687194,Protein Ocn Cream Of Rice,nutrition facts / Coconut,Carbs | Cream Of Rice,Protein Ocn,20.00,3.00,Cream Of Rice,23.00,+3.00,15.0%,,True,,https://cdn.shopify.com/s/files/1/0737/7384/2650/files/96-Protein-Ocn-Cream-Of-Rice-2.jpg?v=1738053778,https://proteindistrictlb.com/products/protein-ocn-cream-of-rice
8754270339290,46776834719962,Protein Ocn Cream Of Rice,nutrition facts / muhalabiye,Carbs | Cream Of Rice,Protein Ocn,20.00,3.00,Cream Of Rice,23.00,+3.00,15.0%,,True,,https://cdn.shopify.com/s/files/1/0737/7384/2650/files/96-Protein-Ocn-Cream-Of-Rice-2.jpg?v=1738053778,https://proteindistrictlb.com/products/protein-ocn-cream-of-rice
8754276237530,46081988526298,Kevin Levrone Anabolic Creatine,300gr - 60 serving / Unflavored,Creatine | Unflavored Creatine,Kevin Levrone,20.00,5.00,Unflavored Creatine,25.00,+5.00,25.0%,,True,,https://cdn.shopify.com/s/files/1/0737/7384/2650/files/208-Kevin-Levrone-Anabolic-Creatine.jpg?v=1738069488,https://proteindistrictlb.com/products/kevin-levrone-anabolic-creatine
8754276237530,46776841502938,Kevin Levrone Anabolic Creatine,nutrition facts / Unflavored,Creatine | Unflavored Creatine,Kevin Levrone,20.00,5.00,Unflavored Creatine,25.00,+5.00,25.0%,,True,,https://cdn.shopify.com/s/files/1/0737/7384/2650/files/208-Kevin-Levrone-Anabolic-Creatine.jpg?v=1738069488,https://proteindistrictlb.com/products/kevin-levrone-anabolic-creatine
8754292588762,46082179170522,Inner Armor Creatine,400g -133 serving / Unflavored,Creatine | Unflavored Creatine,Inner Armor,25.00,5.00,Unflavored Creatine,30.00,+5.00,20.0%,,True,,https://cdn.shopify.com/s/files/1/0737/7384/2650/files/189-Inner-Armor-Creatine.jpg?v=1738059540,https://proteindistrictlb.com/products/inner-armor-creatine
8754292588762,46776845074650,Inner Armor Creatine,nutrition facts / Unflavored,Creatine | Unflavored Creatine,Inner Armor,25.00,5.00,Unflavored Creatine,30.00,+5.00,20.0%,,True,,https://cdn.shopify.com/s/files/1/0737/7384/2650/files/189-Inner-Armor-Creatine.jpg?v=1738059540,https://proteindistrictlb.com/products/inner-armor-creatine
8754287771866,46082119106778,My Protein Impact Creatine,500g / Unflavored,Creatine | Unflavored Creatine,Myprotein,35.00,5.00,Unflavored Creatine,40.00,+5.00,14.3%,,True,,https://cdn.shopify.com/s/files/1/0737/7384/2650/files/58-My-Protein-Impact-Creatine.jpg?v=1737625527,https://proteindistrictlb.com/products/my-protein-impact-creatine
8754287771866,46082119139546,My Protein Impact Creatine,250g / Unflavored,Creatine | Unflavored Creatine,Myprotein,25.00,5.00,Unflavored Creatine,30.00,+5.00,20.0%,,True,,https://cdn.shopify.com/s/files/1/0737/7384/2650/files/58-My-Protein-Impact-Creatine.jpg?v=1737625527,https://proteindistrictlb.com/products/my-protein-impact-creatine
8754287771866,46776843632858,My Protein Impact Creatine,nutrition facts / Unflavored,Creatine | Unflavored Creatine,Myprotein,35.00,5.00,Unflavored Creatine,40.00,+5.00,14.3%,,True,,https://cdn.shopify.com/s/files/1/0737/7384/2650/files/58-My-Protein-Impact-Creatine.jpg?v=1737625527,https://proteindistrictlb.com/products/my-protein-impact-creatine
8754284101850,46082074149082,Nutrex Creatine,300gr - 60 servings / Unflavored,Creatine | Unflavored Creatine,Nutrex Research,25.00,5.00,Unflavored Creatine,30.00,+5.00,20.0%,,True,,https://cdn.shopify.com/s/files/1/0737/7384/2650/files/186--Nutrex-Creatine.jpg?v=1738059142,https://proteindistrictlb.com/products/nutrex-creatine
8754284101850,46776842092762,Nutrex Creatine,nutrition facts / Unflavored,Creatine | Unflavored Creatine,Nutrex Research,25.00,5.00,Unflavored Creatine,30.00,+5.00,20.0%,,True,,https://cdn.shopify.com/s/files/1/0737/7384/2650/files/186--Nutrex-Creatine.jpg?v=1738059142,https://proteindistrictlb.com/products/nutrex-creatine
8754309660890,46082390327514,Zoomad Labs Creatine,300g - 100 serving / wild berries,Creatine | Flavored Creatine,Zoomad Labs,25.00,5.00,Flavored Creatine,30.00,+5.00,20.0%,,True,,https://cdn.shopify.com/s/files/1/0737/7384/2650/files/47-Zoomad-Labs-Creatine.jpg?v=1737547982,https://proteindistrictlb.com/products/zoomad-labs-creatine
8754309660890,46771334250714,Zoomad Labs Creatine,nutrition facts / wild berries,Creatine | Flavored Creatine,Zoomad Labs,25.00,5.00,Flavored Creatine,30.00,+5.00,20.0%,,True,,https://cdn.shopify.com/s/files/1/0737/7384/2650/files/47-Zoomad-Labs-Creatine.jpg?v=1737547982,https://proteindistrictlb.com/products/zoomad-labs-creatine
8754318901466,46082444493018,Applied Nutrition Creatine,250g - 50 servings / Unflavored,Creatine | Unflavored Creatine,Applied Nutrition,25.00,5.00,Unflavored Creatine,30.00,+5.00,20.0%,,True,,https://cdn.shopify.com/s/files/1/0737/7384/2650/files/11-Applied-Nutrition-Creatine.jpg?v=1737542039,https://proteindistrictlb.com/products/applied-nutrition-creatine
8754318901466,46771287326938,Applied Nutrition Creatine,nutrition facts / Unflavored,Creatine | Unflavored Creatine,Applied Nutrition,25.00,5.00,Unflavored Creatine,30.00,+5.00,20.0%,,True,,https://cdn.shopify.com/s/files/1/0737/7384/2650/files/11-Applied-Nutrition-Creatine.jpg?v=1737542039,https://proteindistrictlb.com/products/applied-nutrition-creatine
8754759205082,46084801495258,Swanson Triple Magnesium Complex,30 capules / 400 mg,Magnesium | Vitamins,Swanson,25.00,5.00,Magnesium,30.00,+5.00,20.0%,,True,,https://cdn.shopify.com/s/files/1/0737/7384/2650/files/swanson-triple-magnesium-complex-30-kaps.webp?v=1740748807,https://proteindistrictlb.com/products/swanson-triple-magnesium-complex
8754759205082,46771284246746,Swanson Triple Magnesium Complex,nutriton facts / 400 mg,Magnesium | Vitamins,Swanson,25.00,5.00,Magnesium,30.00,+5.00,20.0%,,True,,https://cdn.shopify.com/s/files/1/0737/7384/2650/files/swanson-triple-magnesium-complex-30-kaps.webp?v=1740748807,https://proteindistrictlb.com/products/swanson-triple-magnesium-complex
8754751799514,46084783210714,Swanson Ashwaghanda,100 capsules / 400 mg,Ashwagandha | Testo booster,Swanson,40.00,6.00,Testo booster,46.00,+6.00,15.0%,,True,,https://cdn.shopify.com/s/files/1/0737/7384/2650/files/54-Swanson-Ashwaghanda.jpg?v=1737623636,https://proteindistrictlb.com/products/swanson-ashwaghanda
8754751799514,46771284639962,Swanson Ashwaghanda,nutrition facts / 400 mg,Ashwagandha | Testo booster,Swanson,40.00,6.00,Testo booster,46.00,+6.00,15.0%,,True,,https://cdn.shopify.com/s/files/1/0737/7384/2650/files/54-Swanson-Ashwaghanda.jpg?v=1737623636,https://proteindistrictlb.com/products/swanson-ashwaghanda
8754327814362,46082511110362,Muscletech Nitrotech,1.8kg- 40 servings / Strawberry,Whey protein | Whey protein concentrate,MuscleTech,90.00,5.00,Whey protein concentrate,95.00,+5.00,5.6%,,True,,https://cdn.shopify.com/s/files/1/0737/7384/2650/files/205--Muscletech-Nitrotech--2.jpg?v=1738068483,https://proteindistrictlb.com/products/muscletech-nitrotech
8754327814362,46082511143130,Muscletech Nitrotech,1.8kg- 40 servings / milk chocolate,Whey protein | Whey protein concentrate,MuscleTech,90.00,5.00,Whey protein concentrate,95.00,+5.00,5.6%,,True,,https://cdn.shopify.com/s/files/1/0737/7384/2650/files/205--Muscletech-Nitrotech--2.jpg?v=1738068483,https://proteindistrictlb.com/products/muscletech-nitrotech
8754327814362,46082511175898,Muscletech Nitrotech,1.8kg- 40 servings / cookies and cream,Whey protein | Whey protein concentrate,MuscleTech,90.00,5.00,Whey protein concentrate,95.00,+5.00,5.6%,,True,,https://cdn.shopify.com/s/files/1/0737/7384/2650/files/205--Muscletech-Nitrotech--2.jpg?v=1738068483,https://proteindistrictlb.com/products/muscletech-nitrotech
8754327814362,46082511208666,Muscletech Nitrotech,1.8kg- 40 servings / vanilla cream,Whey protein | Whey protein concentrate,MuscleTech,90.00,5.00,Whey protein concentrate,95.00,+5.00,5.6%,,True,,https://cdn.shopify.com/s/files/1/0737/7384/2650/files/205--Muscletech-Nitrotech--2.jpg?v=1738068483,https://proteindistrictlb.com/products/muscletech-nitrotech
8754761466074,46084812669146,Swanson Maca,60 capsules / 500 mg,Maca | Testo booster,Swanson,25.00,6.00,Testo booster,31.00,+6.00,24.0%,,True,,https://cdn.shopify.com/s/files/1/0737/7384/2650/files/24-Swanson-Maca.jpg?v=1737545052,https://proteindistrictlb.com/products/swanson-maca
8754761466074,46771281756378,Swanson Maca,nutrition facts / 500 mg,Maca | Testo booster,Swanson,25.00,6.00,Testo booster,31.00,+6.00,24.0%,,True,,https://cdn.shopify.com/s/files/1/0737/7384/2650/files/24-Swanson-Maca.jpg?v=1737545052,https://proteindistrictlb.com/products/swanson-maca
8754760712410,46084808802522,Swanson Boron,60 capsules / 6 mg,Vitamins | boron,Swanson,30.00,5.00,Vitamins,35.00,+5.00,16.7%,,True,,https://cdn.shopify.com/s/files/1/0737/7384/2650/files/21-Swanson-Boron.jpg?v=1737544506,https://proteindistrictlb.com/products/boron
8754760712410,46771283722458,Swanson Boron,nutrition facts / 6 mg,Vitamins | boron,Swanson,30.00,5.00,Vitamins,35.00,+5.00,16.7%,,True,,https://cdn.shopify.com/s/files/1/0737/7384/2650/files/21-Swanson-Boron.jpg?v=1737544506,https://proteindistrictlb.com/products/boron
8754762580186,46084817387738,Swanson Lions Mane Mushroom,60 capsules / 500 mg,Lions mane | Vitamins,Swanson,35.00,5.00,Lions mane,40.00,+5.00,14.3%,,True,,https://cdn.shopify.com/s/files/1/0737/7384/2650/files/23-Swanson-Lions-Mane-Mushroom.jpg?v=1737544851,https://proteindistrictlb.com/products/swanson-lions-mane-mushroom
8754762580186,46771273990362,Swanson Lions Mane Mushroom,nutrition facts / 500 mg,Lions mane | Vitamins,Swanson,35.00,5.00,Lions mane,40.00,+5.00,14.3%,,True,,https://cdn.shopify.com/s/files/1/0737/7384/2650/files/23-Swanson-Lions-Mane-Mushroom.jpg?v=1737544851,https://proteindistrictlb.com/products/swanson-lions-mane-mushroom
8754762481882,46084817420506,Swanson Chromium Picolinate,200 capsules / 200 mg,Chromium | Fat burners,Swanson,35.00,6.00,Fat burners,41.00,+6.00,17.1%,,True,,https://cdn.shopify.com/s/files/1/0737/7384/2650/files/61CeHZj9JQL.jpg?v=1741429687,https://proteindistrictlb.com/products/swanson-chromium-picolinate
8754762481882,46771274154202,Swanson Chromium Picolinate,nutrition facts / 200 mg,Chromium | Fat burners,Swanson,35.00,6.00,Fat burners,41.00,+6.00,17.1%,,True,,https://cdn.shopify.com/s/files/1/0737/7384/2650/files/61CeHZj9JQL.jpg?v=1741429687,https://proteindistrictlb.com/products/swanson-chromium-picolinate
8754762219738,46084816765146,Swanson Apple Cider Vinegar,120 tablets / 200 mg,Apple Cider Vinegar | Fat burners,Swanson,25.00,6.00,Fat burners,31.00,+6.00,24.0%,,True,,https://cdn.shopify.com/s/files/1/0737/7384/2650/files/90-Swanson-Apple-Cider-Vinegar.jpg?v=1737637441,https://proteindistrictlb.com/products/swanson-apple-cider-vinegar
8754762219738,46771274645722,Swanson Apple Cider Vinegar,nutrition facts / 200 mg,Apple Cider Vinegar | Fat burners,Swanson,25.00,6.00,Fat burners,31.00,+6.00,24.0%,,True,,https://cdn.shopify.com/s/files/1/0737/7384/2650/files/90-Swanson-Apple-Cider-Vinegar.jpg?v=1737637441,https://proteindistrictlb.com/products/swanson-apple-cider-vinegar
8754764808410,46084827381978,Vitamatic Melatonin,365 tablets / 5 Mg,Melatonin | Vitamins,Vitamatic,45.00,5.00,Melatonin,50.00,+5.00,11.1%,,True,,https://cdn.shopify.com/s/files/1/0737/7384/2650/files/43-Vitamatic-Melatonin.jpg?v=1737547567,https://proteindistrictlb.com/products/vitamatic-melatonin
8754763792602,46084822499546,Swanson Shilajit Extract,60 veggie capsules / 400 mg,Shilajit | Testo booster,Swanson,36.00,6.00,Testo booster,42.00,+6.00,16.7%,,True,,https://cdn.shopify.com/s/files/1/0737/7384/2650/files/27-Swanson-Shilajit-Extract.jpg?v=1737545394,https://proteindistrictlb.com/products/swanson-shilajit-extract
8754763792602,46771273826522,Swanson Shilajit Extract,nutrition facts / 400 mg,Shilajit | Testo booster,Swanson,36.00,6.00,Testo booster,42.00,+6.00,16.7%,,True,,https://cdn.shopify.com/s/files/1/0737/7384/2650/files/27-Swanson-Shilajit-Extract.jpg?v=1737545394,https://proteindistrictlb.com/products/swanson-shilajit-extract
8755052576986,46086010208474,Swanson Melatonin,60 capsules / 3 mg,Melatonin | Vitamins,Swanson,25.00,5.00,Melatonin,30.00,+5.00,20.0%,,True,,https://cdn.shopify.com/s/files/1/0737/7384/2650/files/Swanson-Extra-Strength-Melatonin-100-Drug-Free-5-mg-60-Caps_2373c322-efbd-4df8-840c-5fd67c0a42e9.15714ae2c3bca6ae84e3bfec9a427bee.webp?v=1740750977,https://proteindistrictlb.com/products/swanson-melatonin
8755052576986,46771230638298,Swanson Melatonin,nutrition facts / 3 mg,Melatonin | Vitamins,Swanson,25.00,5.00,Melatonin,30.00,+5.00,20.0%,,True,,https://cdn.shopify.com/s/files/1/0737/7384/2650/files/Swanson-Extra-Strength-Melatonin-100-Drug-Free-5-mg-60-Caps_2373c322-efbd-4df8-840c-5fd67c0a42e9.15714ae2c3bca6ae84e3bfec9a427bee.webp?v=1740750977,https://proteindistrictlb.com/products/swanson-melatonin
8755050905818,46085991858394,Swanson Tongkat Ali,120 capsules / 400 mg,Testo booster | ⁠⁠Tongkat ali,Swanson,45.00,6.00,Testo booster,51.00,+6.00,13.3%,,True,,https://cdn.shopify.com/s/files/1/0737/7384/2650/files/29-Swanson-Tongat-Ali.jpg?v=1737545611,https://proteindistrictlb.com/products/swanson-tongat-ali
8755050905818,46771228082394,Swanson Tongkat Ali,nutrition facts / 400 mg,Testo booster | ⁠⁠Tongkat ali,Swanson,45.00,6.00,Testo booster,51.00,+6.00,13.3%,,True,,https://cdn.shopify.com/s/files/1/0737/7384/2650/files/29-Swanson-Tongat-Ali.jpg?v=1737545611,https://proteindistrictlb.com/products/swanson-tongat-ali
8754771230938,46084840620250,Swanson Turmeric,100 capsules / 720 Mg,Joint Support | Vitamins,Swanson,35.00,5.00,Joint Support,40.00,+5.00,14.3%,,True,,https://cdn.shopify.com/s/files/1/0737/7384/2650/files/31-Swanson-Turmeric.jpg?v=1737546063,https://proteindistrictlb.com/products/swanson-turmeric
8754771230938,46771225460954,Swanson Turmeric,nutrition facts / 720 Mg,Joint Support | Vitamins,Swanson,35.00,5.00,Joint Support,40.00,+5.00,14.3%,,True,,https://cdn.shopify.com/s/files/1/0737/7384/2650/files/31-Swanson-Turmeric.jpg?v=1737546063,https://proteindistrictlb.com/products/swanson-turmeric
8755056705754,46086039208154,Swanson Magnesium Glycinate,90 capsules / 133 mg,Magnesium | Vitamins,Swanson,40.00,5.00,Magnesium,45.00,+5.00,12.5%,,True,,https://cdn.shopify.com/s/files/1/0737/7384/2650/files/25-Swanson-Magnesium-Glycinate.jpg?v=1737545184,https://proteindistrictlb.com/products/swanson-magnesium-glycinate
8755056705754,46771237257434,Swanson Magnesium Glycinate,nutrition facts / 133 mg,Magnesium | Vitamins,Swanson,40.00,5.00,Magnesium,45.00,+5.00,12.5%,,True,,https://cdn.shopify.com/s/files/1/0737/7384/2650/files/25-Swanson-Magnesium-Glycinate.jpg?v=1737545184,https://proteindistrictlb.com/products/swanson-magnesium-glycinate
8755054837978,46086026559706,Swanson Saw Palmetto,100 capsules / 540 Mg,Saw Palmetto | Testo booster,Swanson,35.00,6.00,Testo booster,41.00,+6.00,17.1%,,True,,https://cdn.shopify.com/s/files/1/0737/7384/2650/files/28-Swanson-Saw-Palmetto.jpg?v=1737545497,https://proteindistrictlb.com/products/swanson-saw-palmetto
8755054837978,46771232768218,Swanson Saw Palmetto,nutrition facts / 540 Mg,Saw Palmetto | Testo booster,Swanson,35.00,6.00,Testo booster,41.00,+6.00,17.1%,,True,,https://cdn.shopify.com/s/files/1/0737/7384/2650/files/28-Swanson-Saw-Palmetto.jpg?v=1737545497,https://proteindistrictlb.com/products/swanson-saw-palmetto
8755079413978,46086213107930,Evl Horny Goat Weed,60 capsules / 500 mg,Horny goat weed | Testo booster,EVLUTION Nutrition,30.00,6.00,Horny goat weed,36.00,+6.00,20.0%,,True,,https://cdn.shopify.com/s/files/1/0737/7384/2650/files/160--Evl-Horny-Goat-Weed.jpg?v=1738017924,https://proteindistrictlb.com/products/evl-horny-goat-weed
8755079413978,46771241058522,Evl Horny Goat Weed,nutrition facts / 500 mg,Horny goat weed | Testo booster,EVLUTION Nutrition,30.00,6.00,Horny goat weed,36.00,+6.00,20.0%,,True,,https://cdn.shopify.com/s/files/1/0737/7384/2650/files/160--Evl-Horny-Goat-Weed.jpg?v=1738017924,https://proteindistrictlb.com/products/evl-horny-goat-weed
8755078430938,46086211043546,Evl D3+K2,60 capsules,Vitamin D | Vitamins,EVLUTION Nutrition,35.00,5.00,Vitamin D,40.00,+5.00,14.3%,,True,,https://cdn.shopify.com/s/files/1/0737/7384/2650/files/154--Evl-D3_K2.jpg?v=1738017030,https://proteindistrictlb.com/products/evl-d3-k2
8755078430938,46771240960218,Evl D3+K2,nutrition facts,Vitamin D | Vitamins,EVLUTION Nutrition,35.00,5.00,Vitamin D,40.00,+5.00,14.3%,,True,,https://cdn.shopify.com/s/files/1/0737/7384/2650/files/154--Evl-D3_K2.jpg?v=1738017030,https://proteindistrictlb.com/products/evl-d3-k2
8755057262810,46086042845402,Evl Shilajit,60 capsules / 400 mg,Shilajit | Testo booster,EVLUTION Nutrition,35.00,6.00,Testo booster,41.00,+6.00,17.1%,,True,,https://cdn.shopify.com/s/files/1/0737/7384/2650/files/evlsh.webp?v=1738016921,https://proteindistrictlb.com/products/evl-shilajit
8755057262810,46771237552346,Evl Shilajit,nutrition facts / 400 mg,Shilajit | Testo booster,EVLUTION Nutrition,35.00,6.00,Testo booster,41.00,+6.00,17.1%,,True,,https://cdn.shopify.com/s/files/1/0737/7384/2650/files/evlsh.webp?v=1738016921,https://proteindistrictlb.com/products/evl-shilajit
8755081347290,46086222938330,Biotech Usa Maca,60 capsules / 750 mg,Maca | Testo booster,BioTechUSA,25.00,6.00,Testo booster,31.00,+6.00,24.0%,,True,,https://cdn.shopify.com/s/files/1/0737/7384/2650/files/127-Biotech-Usa-Maca.jpg?v=1737996847,https://proteindistrictlb.com/products/biotech-usa-maca
8755080888538,46086216548570,Biotech Usa Multi-Mineral,100 tablets,Minerals | Vitamins,BioTechUSA,20.00,5.00,Minerals,25.00,+5.00,25.0%,,True,,https://cdn.shopify.com/s/files/1/0737/7384/2650/files/MultiMineralComplex_100tbl_250ml_grande_a3ed97d8-a623-47b2-a4bd-ffcc24aa59e9.webp?v=1737997136,https://proteindistrictlb.com/products/biotech-usa-multi-mineral
8755080888538,46771243057370,Biotech Usa Multi-Mineral,nutrition facts,Minerals | Vitamins,BioTechUSA,20.00,5.00,Minerals,25.00,+5.00,25.0%,,True,,https://cdn.shopify.com/s/files/1/0737/7384/2650/files/MultiMineralComplex_100tbl_250ml_grande_a3ed97d8-a623-47b2-a4bd-ffcc24aa59e9.webp?v=1737997136,https://proteindistrictlb.com/products/biotech-usa-multi-mineral
8755083673818,46086247284954,Biotech Usa Zinc Duo,60 tablets / 25mg,Vitamins | Zinc,BioTechUSA,25.00,5.00,Vitamins,30.00,+5.00,20.0%,,True,,https://cdn.shopify.com/s/files/1/0737/7384/2650/files/zind.webp?v=1737997359,https://proteindistrictlb.com/products/biotech-usa-zinc-duo
8755083083994,46086242271450,Biotech Usa Fenugreek,60 capsules / 750 mg,Fenugreek | Testo booster,BioTechUSA,20.00,6.00,Testo booster,25.00,+5.00,25.0%,yes,True,,https://cdn.shopify.com/s/files/1/0737/7384/2650/files/122-Biotech-Usa-Fenugreek.jpg?v=1737996239,https://proteindistrictlb.com/products/biotech-usa-fenugreek
8755084427482,46086250365146,Nature Truth Ashwaghanda,90 capsules / 460 mg,Ashwagandha | Testo booster,Nature Truth,30.00,6.00,Testo booster,36.00,+6.00,20.0%,,True,,https://cdn.shopify.com/s/files/1/0737/7384/2650/files/55-Nature-Truth-Ashwaghanda.jpg?v=1737624383,https://proteindistrictlb.com/products/nature-truth-ashwaghanda
8755084427482,46771253477594,Nature Truth Ashwaghanda,nutrition facts / 460 mg,Ashwagandha | Testo booster,Nature Truth,30.00,6.00,Testo booster,36.00,+6.00,20.0%,,True,,https://cdn.shopify.com/s/files/1/0737/7384/2650/files/55-Nature-Truth-Ashwaghanda.jpg?v=1737624383,https://proteindistrictlb.com/products/nature-truth-ashwaghanda
8755084198106,46086248923354,Biotech Usa Milk Thistle,60 capsules / 210 mg,Liver Support | Vitamins,BioTechUSA,25.00,5.00,Liver Support,30.00,+5.00,20.0%,,True,,https://cdn.shopify.com/s/files/1/0737/7384/2650/files/milkthistle.webp?v=1735735533,https://proteindistrictlb.com/products/biotech-usa-milk-thistle
8755084198106,46771247579354,Biotech Usa Milk Thistle,nutrition facts / 210 mg,Liver Support | Vitamins,BioTechUSA,25.00,5.00,Liver Support,30.00,+5.00,20.0%,,True,,https://cdn.shopify.com/s/files/1/0737/7384/2650/files/milkthistle.webp?v=1735735533,https://proteindistrictlb.com/products/biotech-usa-milk-thistle
8755086328026,46086257639642,All max All Flex,60 capsules,Joint Support | Vitamins,AllMax Nutrition,35.00,5.00,Joint Support,40.00,+5.00,14.3%,,True,,https://cdn.shopify.com/s/files/1/0737/7384/2650/files/4-All-max-All-Flex.jpg?v=1737540272,https://proteindistrictlb.com/products/all-max-all-flex
8755086328026,46771261112538,All max All Flex,nutrition facts,Joint Support | Vitamins,AllMax Nutrition,35.00,5.00,Joint Support,40.00,+5.00,14.3%,,True,,https://cdn.shopify.com/s/files/1/0737/7384/2650/files/4-All-max-All-Flex.jpg?v=1737540272,https://proteindistrictlb.com/products/all-max-all-flex
8755458113754,46087466713306,Muscletech Fish Oil,100 soft gel / 1000 mg,Fish Oil | Vitamins,MuscleTech,25.00,5.00,Fish Oil,30.00,+5.00,20.0%,,True,,https://cdn.shopify.com/s/files/1/0737/7384/2650/files/209-Muscletech-Fish-Oil.jpg?v=1738069558,https://proteindistrictlb.com/products/muscletech-fish-oil
8755458113754,46771262488794,Muscletech Fish Oil,nutrition facts / 1000 mg,Fish Oil | Vitamins,MuscleTech,25.00,5.00,Fish Oil,30.00,+5.00,20.0%,,True,,https://cdn.shopify.com/s/files/1/0737/7384/2650/files/209-Muscletech-Fish-Oil.jpg?v=1738069558,https://proteindistrictlb.com/products/muscletech-fish-oil
8755455230170,46087459930330,Nature Truth B-complex,90 tablets,Vitamin B | Vitamins,Nature Truth,30.00,5.00,Vitamin B,35.00,+5.00,16.7%,,True,,https://cdn.shopify.com/s/files/1/0737/7384/2650/files/Copy_of_Untitled_Design_1.png?v=1754143893,https://proteindistrictlb.com/products/nature-truth-b-complex
8755455230170,46746229014746,Nature Truth B-complex,nutrition facts,Vitamin B | Vitamins,Nature Truth,30.00,5.00,Vitamin B,35.00,+5.00,16.7%,,True,,https://cdn.shopify.com/s/files/1/0737/7384/2650/files/Copy_of_Untitled_Design_1.png?v=1754143893,https://proteindistrictlb.com/products/nature-truth-b-complex
8755511361754,46087629340890,Evolite Maca,100 capsules / 500 mg,Maca | Testo booster,Evolite,30.00,6.00,Testo booster,36.00,+6.00,20.0%,,True,,https://cdn.shopify.com/s/files/1/0737/7384/2650/files/157--Evolite-Maca.jpg?v=1738017507,https://proteindistrictlb.com/products/evolite-maca
8755511361754,46771263078618,Evolite Maca,nutrition facts / 500 mg,Maca | Testo booster,Evolite,30.00,6.00,Testo booster,36.00,+6.00,20.0%,,True,,https://cdn.shopify.com/s/files/1/0737/7384/2650/files/157--Evolite-Maca.jpg?v=1738017507,https://proteindistrictlb.com/products/evolite-maca
8755612319962,46087891910874,Raw Turkesterone,60 tablets / 500 mg,Testo booster | Turkesterone,Raw Nutrition,50.00,6.00,Testo booster,56.00,+6.00,12.0%,,True,,https://cdn.shopify.com/s/files/1/0737/7384/2650/files/83-Raw-Turkesterone_98e32829-bb2c-4ff0-bb5c-2c53c6aa58ab.jpg?v=1737636727,https://proteindistrictlb.com/products/raw-turkesterone
8755612319962,46771271631066,Raw Turkesterone,nutrition facts / 500 mg,Testo booster | Turkesterone,Raw Nutrition,50.00,6.00,Testo booster,56.00,+6.00,12.0%,,True,,https://cdn.shopify.com/s/files/1/0737/7384/2650/files/83-Raw-Turkesterone_98e32829-bb2c-4ff0-bb5c-2c53c6aa58ab.jpg?v=1737636727,https://proteindistrictlb.com/products/raw-turkesterone
8755614056666,46087898136794,Now Ashwaghanda,90 veggie capsules / 450 mg,Ashwagandha | Testo booster,NOW Foods,35.00,6.00,Testo booster,41.00,+6.00,17.1%,,True,,https://cdn.shopify.com/s/files/1/0737/7384/2650/files/NowAshwaghanda.jpg?v=1742490493,https://proteindistrictlb.com/products/now-ashwaghanda
8755614056666,46771272548570,Now Ashwaghanda,nutrition facts / 450 mg,Ashwagandha | Testo booster,NOW Foods,35.00,6.00,Testo booster,41.00,+6.00,17.1%,,True,,https://cdn.shopify.com/s/files/1/0737/7384/2650/files/NowAshwaghanda.jpg?v=1742490493,https://proteindistrictlb.com/products/now-ashwaghanda
8755613106394,46087896203482,Now Zinc Glycinate,120 softgel / 30 mg,Vitamins | Zinc,NOW Foods,40.00,5.00,Vitamins,45.00,+5.00,12.5%,,True,,https://cdn.shopify.com/s/files/1/0737/7384/2650/files/175-Now-Zinc-Glycinate.jpg?v=1738058101,https://proteindistrictlb.com/products/now-zinc-glycinate
8755613106394,46771271925978,Now Zinc Glycinate,nutrition facts / 30 mg,Vitamins | Zinc,NOW Foods,40.00,5.00,Vitamins,45.00,+5.00,12.5%,,True,,https://cdn.shopify.com/s/files/1/0737/7384/2650/files/175-Now-Zinc-Glycinate.jpg?v=1738058101,https://proteindistrictlb.com/products/now-zinc-glycinate
8756259815642,46090471145690,Now Zinc,100 tablets / 50 mg,Vitamins | Zinc,NOW Foods,35.00,5.00,Vitamins,40.00,+5.00,14.3%,,True,,https://cdn.shopify.com/s/files/1/0737/7384/2650/files/176--Now-Zinc.jpg?v=1738058159,https://proteindistrictlb.com/products/now-zinc
8756259815642,46771272876250,Now Zinc,nutrition facts / 50 mg,Vitamins | Zinc,NOW Foods,35.00,5.00,Vitamins,40.00,+5.00,14.3%,,True,,https://cdn.shopify.com/s/files/1/0737/7384/2650/files/176--Now-Zinc.jpg?v=1738058159,https://proteindistrictlb.com/products/now-zinc
8755614875866,46087900397786,Vitamatic Berberine,60 veggie capsules / 500 mg,Berberine | Vitamins,Vitamatic,40.00,6.00,Berberine,46.00,+6.00,15.0%,,True,,https://cdn.shopify.com/s/files/1/0737/7384/2650/files/41-Vitamatic-Berbirine.jpg?v=1737547143,https://proteindistrictlb.com/products/vitamatic-berbirine
8755614875866,46771272777946,Vitamatic Berberine,nutrition facts / 500 mg,Berberine | Vitamins,Vitamatic,40.00,6.00,Berberine,46.00,+6.00,15.0%,,True,,https://cdn.shopify.com/s/files/1/0737/7384/2650/files/41-Vitamatic-Berbirine.jpg?v=1737547143,https://proteindistrictlb.com/products/vitamatic-berbirine
8756261060826,46090475339994,Now Inositol,100 veggie capsules / 500 mg,Inositol | Vitamins,NOW Foods,44.00,5.00,Inositol,49.00,+5.00,11.4%,,True,,https://cdn.shopify.com/s/files/1/0737/7384/2650/files/50-Now-Inositol.jpg?v=1737548304,https://proteindistrictlb.com/products/now-inositol
8756261060826,46771273171162,Now Inositol,nutrition facts / 500 mg,Inositol | Vitamins,NOW Foods,44.00,5.00,Inositol,49.00,+5.00,11.4%,,True,,https://cdn.shopify.com/s/files/1/0737/7384/2650/files/50-Now-Inositol.jpg?v=1737548304,https://proteindistrictlb.com/products/now-inositol
8756264042714,46090501652698,21 Century Selenium,60 capsules / 200 mcg,Selenium | Vitamins,21st Century,25.00,5.00,Selenium,30.00,+5.00,20.0%,,True,,https://cdn.shopify.com/s/files/1/0737/7384/2650/files/2-21-Century-Selenium.jpg?v=1737539732,https://proteindistrictlb.com/products/21-century-selenium
8756264042714,46766568538330,21 Century Selenium,nutrition facts / 200 mcg,Selenium | Vitamins,21st Century,25.00,5.00,Selenium,30.00,+5.00,20.0%,,True,,https://cdn.shopify.com/s/files/1/0737/7384/2650/files/2-21-Century-Selenium.jpg?v=1737539732,https://proteindistrictlb.com/products/21-century-selenium
8756263682266,46090500047066,21 Century Vitamin E,110 softgels / 180 mg,Vitamin E | Vitamins,21st Century,20.00,5.00,Vitamin E,25.00,+5.00,25.0%,,True,,https://cdn.shopify.com/s/files/1/0737/7384/2650/files/3-21-Century-Vitamin-E.jpg?v=1737539903,https://proteindistrictlb.com/products/21-century-vitamin-e
8756263682266,46766611497178,21 Century Vitamin E,nutrition facts / 180 mg,Vitamin E | Vitamins,21st Century,20.00,5.00,Vitamin E,25.00,+5.00,25.0%,,True,,https://cdn.shopify.com/s/files/1/0737/7384/2650/files/3-21-Century-Vitamin-E.jpg?v=1737539903,https://proteindistrictlb.com/products/21-century-vitamin-e
8757962637530,46096540631258,Galvanize ZMB,60 capsules,Vitamins | Zmb,Galvanize,25.00,5.00,Vitamins,30.00,+5.00,20.0%,,True,,https://cdn.shopify.com/s/files/1/0737/7384/2650/files/galvanize-zmb-pro-zinc-magnesium-and-vitamin-b6-formula-947.webp?v=1736171385,https://proteindistrictlb.com/products/galvanize-zmb
8757962637530,46766568243418,Galvanize ZMB,nutrition facts,Vitamins | Zmb,Galvanize,25.00,5.00,Vitamins,30.00,+5.00,20.0%,,True,,https://cdn.shopify.com/s/files/1/0737/7384/2650/files/galvanize-zmb-pro-zinc-magnesium-and-vitamin-b6-formula-947.webp?v=1736171385,https://proteindistrictlb.com/products/galvanize-zmb
8757963227354,46096546300122,Now Probiotic,50 veggie capsules / 25 billion cfu,Digestive Enzymes | Vitamins,NOW Foods,45.00,5.00,Digestive Enzymes,50.00,+5.00,11.1%,,True,,https://cdn.shopify.com/s/files/1/0737/7384/2650/files/178-Now-Probiotic.jpg?v=1738058293,https://proteindistrictlb.com/products/now-probiotic
8757963227354,46766566998234,Now Probiotic,nutrition facts / 25 billion cfu,Digestive Enzymes | Vitamins,NOW Foods,45.00,5.00,Digestive Enzymes,50.00,+5.00,11.1%,,True,,https://cdn.shopify.com/s/files/1/0737/7384/2650/files/178-Now-Probiotic.jpg?v=1738058293,https://proteindistrictlb.com/products/now-probiotic
8757963030746,46096543580378,21 Century B-Complex,100 tablets,Vitamin B | Vitamins,21st Century,40.00,5.00,Vitamin B,45.00,+5.00,12.5%,,True,,https://cdn.shopify.com/s/files/1/0737/7384/2650/files/21-Century-B-Complex.jpg?v=1737539358,https://proteindistrictlb.com/products/21-century-b-complex
8757963030746,46766568046810,21 Century B-Complex,nutrition facts,Vitamin B | Vitamins,21st Century,40.00,5.00,Vitamin B,45.00,+5.00,12.5%,,True,,https://cdn.shopify.com/s/files/1/0737/7384/2650/files/21-Century-B-Complex.jpg?v=1737539358,https://proteindistrictlb.com/products/21-century-b-complex
8757963882714,46096548036826,Now B-12,100 lozenges / 1000 mcg,Vitamin B | Vitamins,NOW Foods,35.00,5.00,Vitamin B,40.00,+5.00,14.3%,,True,,https://cdn.shopify.com/s/files/1/0737/7384/2650/files/49-Now-B-12.jpg?v=1737548229,https://proteindistrictlb.com/products/now-b-12
8757963882714,46766566899930,Now B-12,nutrition facts / 1000 mcg,Vitamin B | Vitamins,NOW Foods,35.00,5.00,Vitamin B,40.00,+5.00,14.3%,,True,,https://cdn.shopify.com/s/files/1/0737/7384/2650/files/49-Now-B-12.jpg?v=1737548229,https://proteindistrictlb.com/products/now-b-12
8758894592218,46101142470874,Biotech Usa Ashwaghanda,60 capsules / 245 mg,Ashwagandha | Testo booster,BioTechUSA,25.00,6.00,Testo booster,31.00,+6.00,24.0%,,True,,https://cdn.shopify.com/s/files/1/0737/7384/2650/files/16-Biotech-Usa-Ashwaghanda.jpg?v=1737543068,https://proteindistrictlb.com/products/biotech-usa-ashwaghanda
8758894592218,46766538981594,Biotech Usa Ashwaghanda,nutrition facts / 245 mg,Ashwagandha | Testo booster,BioTechUSA,25.00,6.00,Testo booster,31.00,+6.00,24.0%,,True,,https://cdn.shopify.com/s/files/1/0737/7384/2650/files/16-Biotech-Usa-Ashwaghanda.jpg?v=1737543068,https://proteindistrictlb.com/products/biotech-usa-ashwaghanda
8758893740250,46101132214490,Biotech Usa Omega 3,90 capsules,Fish Oil | Vitamins,BioTechUSA,25.00,5.00,Fish Oil,30.00,+5.00,20.0%,,True,,https://cdn.shopify.com/s/files/1/0737/7384/2650/files/130-Biotech-Usa-Milk-Thistle.jpg?v=1737997276,https://proteindistrictlb.com/products/biotech-usa-omega-3
8758893740250,46766543929562,Biotech Usa Omega 3,nutrition facts,Fish Oil | Vitamins,BioTechUSA,25.00,5.00,Fish Oil,30.00,+5.00,20.0%,,True,,https://cdn.shopify.com/s/files/1/0737/7384/2650/files/130-Biotech-Usa-Milk-Thistle.jpg?v=1737997276,https://proteindistrictlb.com/products/biotech-usa-omega-3
8758896459994,46101157019866,Biotech Usa Liver Aid,60 tablets,Liver Support | Vitamins,BioTechUSA,30.00,5.00,Liver Support,35.00,+5.00,16.7%,,True,,https://cdn.shopify.com/s/files/1/0737/7384/2650/files/128-Biotech-Usa-Liver-Aid.jpg?v=1737996979,https://proteindistrictlb.com/products/biotech-usa-liver-aid
8758896459994,46766534820058,Biotech Usa Liver Aid,nutrition facts,Liver Support | Vitamins,BioTechUSA,30.00,5.00,Liver Support,35.00,+5.00,16.7%,,True,,https://cdn.shopify.com/s/files/1/0737/7384/2650/files/128-Biotech-Usa-Liver-Aid.jpg?v=1737996979,https://proteindistrictlb.com/products/biotech-usa-liver-aid
8758901768410,46101191327962,Nutricost Tudca,60 capsules / 250 mg,Liver Support,Nutricost,60.00,5.00,Liver Support,65.00,+5.00,8.3%,,True,,https://cdn.shopify.com/s/files/1/0737/7384/2650/files/71-Nutricost-Tudca.jpg?v=1737633250,https://proteindistrictlb.com/products/nutricost-tudca
8758901768410,46766499659994,Nutricost Tudca,nutrition facts / 250 mg,Liver Support,Nutricost,60.00,5.00,Liver Support,65.00,+5.00,8.3%,,True,,https://cdn.shopify.com/s/files/1/0737/7384/2650/files/71-Nutricost-Tudca.jpg?v=1737633250,https://proteindistrictlb.com/products/nutricost-tudca
8758899835098,46101172388058,California Gold Nutrition NMN,60 capsules / 175 mg,Anti Aging | Beauty Care,California Gold Nutrition,55.00,6.00,Beauty Care,61.00,+6.00,10.9%,,True,,https://cdn.shopify.com/s/files/1/0737/7384/2650/files/163--Gold-Nutrition-NMN.jpg?v=1738018260,https://proteindistrictlb.com/products/gold-nutrition-nmn
8758899835098,46766513717466,California Gold Nutrition NMN,nutrition facts / 175 mg,Anti Aging | Beauty Care,California Gold Nutrition,55.00,6.00,Beauty Care,61.00,+6.00,10.9%,,True,,https://cdn.shopify.com/s/files/1/0737/7384/2650/files/163--Gold-Nutrition-NMN.jpg?v=1738018260,https://proteindistrictlb.com/products/gold-nutrition-nmn
8760812568794,46106610794714,Nutricost 5-HTP,240 capsules / 100 mg,5-HTP | Vitamins,Nutricost,50.00,5.00,Vitamins,55.00,+5.00,10.0%,,True,,https://cdn.shopify.com/s/files/1/0737/7384/2650/files/69-Nutricost-5-HTP.jpg?v=1737633063,https://proteindistrictlb.com/products/nutricost-5-htp
8760812568794,46766488092890,Nutricost 5-HTP,nutrition facts / 100 mg,5-HTP | Vitamins,Nutricost,50.00,5.00,Vitamins,55.00,+5.00,10.0%,,True,,https://cdn.shopify.com/s/files/1/0737/7384/2650/files/69-Nutricost-5-HTP.jpg?v=1737633063,https://proteindistrictlb.com/products/nutricost-5-htp
8760811258074,46106608009434,Nutricost L-theanine,240 capsules / 200 mg,L-Theanine | Vitamins,Nutricost,50.00,5.00,L-Theanine,55.00,+5.00,10.0%,,True,,https://cdn.shopify.com/s/files/1/0737/7384/2650/files/70-Nutricost-L-theanine.jpg?v=1737633144,https://proteindistrictlb.com/products/nutricost-l-theanine
8760811258074,46766493139162,Nutricost L-theanine,nutrition facts / 200 mg,L-Theanine | Vitamins,Nutricost,50.00,5.00,L-Theanine,55.00,+5.00,10.0%,,True,,https://cdn.shopify.com/s/files/1/0737/7384/2650/files/70-Nutricost-L-theanine.jpg?v=1737633144,https://proteindistrictlb.com/products/nutricost-l-theanine
8760814534874,46106613973210,Sundown COQ10,40 softgel / 200 mg,Coq10 | Vitamins,Sundown,40.00,5.00,Vitamins,45.00,+5.00,12.5%,,True,,https://cdn.shopify.com/s/files/1/0737/7384/2650/files/92-Sundown-COQ10.jpg?v=1737637598,https://proteindistrictlb.com/products/sundown-coq10
8760814534874,46766485995738,Sundown COQ10,nutrition facts / 200 mg,Coq10 | Vitamins,Sundown,40.00,5.00,Vitamins,45.00,+5.00,12.5%,,True,,https://cdn.shopify.com/s/files/1/0737/7384/2650/files/92-Sundown-COQ10.jpg?v=1737637598,https://proteindistrictlb.com/products/sundown-coq10
8760819155162,46106620100826,Now Magnesium L-threonate,90 veg capsules / 144 mg,Magnesium | Vitamins,NOW Foods,75.00,5.00,Magnesium,80.00,+5.00,6.7%,,True,,https://cdn.shopify.com/s/files/1/0737/7384/2650/files/179-Now-Magnesium-L-threonate.jpg?v=1738058403,https://proteindistrictlb.com/products/now-magnesium-l-threonate
8760819155162,46766484881626,Now Magnesium L-threonate,nutrition facts / 144 mg,Magnesium | Vitamins,NOW Foods,75.00,5.00,Magnesium,80.00,+5.00,6.7%,,True,,https://cdn.shopify.com/s/files/1/0737/7384/2650/files/179-Now-Magnesium-L-threonate.jpg?v=1738058403,https://proteindistrictlb.com/products/now-magnesium-l-threonate
8760817811674,46106617807066,Nature Truth Tongkat Ali,120 capsules / 800 mg,Testo booster | ⁠⁠Tongkat ali,Nature Truth,35.00,6.00,Testo booster,41.00,+6.00,17.1%,,True,,https://cdn.shopify.com/s/files/1/0737/7384/2650/files/181-Nature-Truth-Tongat-Ali.jpg?v=1738058525,https://proteindistrictlb.com/products/nature-truth-tongat-ali-1
8760817811674,46766485373146,Nature Truth Tongkat Ali,nutrition facts / 800 mg,Testo booster | ⁠⁠Tongkat ali,Nature Truth,35.00,6.00,Testo booster,41.00,+6.00,17.1%,,True,,https://cdn.shopify.com/s/files/1/0737/7384/2650/files/181-Nature-Truth-Tongat-Ali.jpg?v=1738058525,https://proteindistrictlb.com/products/nature-truth-tongat-ali-1
8760834097370,46106642284762,All Max Omega-3,180 softgels / 1000 mg,Fish Oil | Vitamins,AllMax Nutrition,35.00,5.00,Fish Oil,40.00,+5.00,14.3%,,True,,https://cdn.shopify.com/s/files/1/0737/7384/2650/files/7-All-Max-Omega-3.jpg?v=1737540787,https://proteindistrictlb.com/products/all-max-omega-3
8760834097370,46766484160730,All Max Omega-3,nutrition facts / 1000 mg,Fish Oil | Vitamins,AllMax Nutrition,35.00,5.00,Fish Oil,40.00,+5.00,14.3%,,True,,https://cdn.shopify.com/s/files/1/0737/7384/2650/files/7-All-Max-Omega-3.jpg?v=1737540787,https://proteindistrictlb.com/products/all-max-omega-3
8760821285082,46106622591194,Now Super Enzyme,180 capsules,Digestive Enzymes | Vitamins,NOW Foods,45.00,5.00,Digestive Enzymes,50.00,+5.00,11.1%,,True,,https://cdn.shopify.com/s/files/1/0737/7384/2650/files/177--Now-Super-Enzyme.jpg?v=1738058234,https://proteindistrictlb.com/products/now-super-enzyme
8760821285082,46766484324570,Now Super Enzyme,nutrition facts,Digestive Enzymes | Vitamins,NOW Foods,45.00,5.00,Digestive Enzymes,50.00,+5.00,11.1%,,True,,https://cdn.shopify.com/s/files/1/0737/7384/2650/files/177--Now-Super-Enzyme.jpg?v=1738058234,https://proteindistrictlb.com/products/now-super-enzyme
8760838717658,46106656932058,Core Champs Zinc,120 tablets / 50 mg,Vitamins | Zinc,Core Champs,25.00,5.00,Vitamins,30.00,+5.00,20.0%,,True,,https://cdn.shopify.com/s/files/1/0737/7384/2650/files/150--Core-Champs-Zinc.jpg?v=1738016514,https://proteindistrictlb.com/products/core-champs-zinc
8760838717658,46756677157082,Core Champs Zinc,nutrition facts / 50 mg,Vitamins | Zinc,Core Champs,25.00,5.00,Vitamins,30.00,+5.00,20.0%,,True,,https://cdn.shopify.com/s/files/1/0737/7384/2650/files/150--Core-Champs-Zinc.jpg?v=1738016514,https://proteindistrictlb.com/products/core-champs-zinc
8760836980954,46106650280154,Biotech Magnesium Chelate,60 capsules / 259 mg,Magnesium | Vitamins,BioTechUSA,25.00,5.00,Magnesium,30.00,+5.00,20.0%,,True,,https://cdn.shopify.com/s/files/1/0737/7384/2650/files/15-Biotech-Magnesium-Chelate.jpg?v=1737542842,https://proteindistrictlb.com/products/biotech-magnesium-chelate
8760836980954,46766483144922,Biotech Magnesium Chelate,nutrition facts / 259 mg,Magnesium | Vitamins,BioTechUSA,25.00,5.00,Magnesium,30.00,+5.00,20.0%,,True,,https://cdn.shopify.com/s/files/1/0737/7384/2650/files/15-Biotech-Magnesium-Chelate.jpg?v=1737542842,https://proteindistrictlb.com/products/biotech-magnesium-chelate
8760878301402,46106739146970,Core Champs Liver Support,60 veg capsules,Liver Support | Vitamins,Core Champs,25.00,5.00,Liver Support,30.00,+5.00,20.0%,,True,,https://cdn.shopify.com/s/files/1/0737/7384/2650/files/147--Core-Champs-Liver-Support.jpg?v=1738016100,https://proteindistrictlb.com/products/core-champs-liver-support
8760878301402,46756596154586,Core Champs Liver Support,nutrition facts,Liver Support | Vitamins,Core Champs,25.00,5.00,Liver Support,30.00,+5.00,20.0%,,True,,https://cdn.shopify.com/s/files/1/0737/7384/2650/files/147--Core-Champs-Liver-Support.jpg?v=1738016100,https://proteindistrictlb.com/products/core-champs-liver-support
8760875221210,46106735280346,California Gold Nutrition Vitamin C,60 veg capsules / 1000 mg,Vitamin C | Vitamins,California Gold Nutrition,25.00,5.00,Vitamin C,30.00,+5.00,20.0%,,True,,https://cdn.shopify.com/s/files/1/0737/7384/2650/files/139-California-Gold-Nutrition-Vitamin-C.jpg?v=1738014303,https://proteindistrictlb.com/products/california-gold-nutrition-vitamin-c
8760875221210,46756608671962,California Gold Nutrition Vitamin C,nutrition facts / 1000 mg,Vitamin C | Vitamins,California Gold Nutrition,25.00,5.00,Vitamin C,30.00,+5.00,20.0%,,True,,https://cdn.shopify.com/s/files/1/0737/7384/2650/files/139-California-Gold-Nutrition-Vitamin-C.jpg?v=1738014303,https://proteindistrictlb.com/products/california-gold-nutrition-vitamin-c
8761436995802,46109261005018,Core Champs Joint  Support,60 tablets,Joint Support | Vitamins,Core Champs,30.00,5.00,Joint Support,35.00,+5.00,16.7%,,True,,https://cdn.shopify.com/s/files/1/0737/7384/2650/files/144--Core-Champs-Joint--Support.jpg?v=1738015737,https://proteindistrictlb.com/products/core-champs-joint-support
8761436995802,46756562895066,Core Champs Joint  Support,nutrition facts,Joint Support | Vitamins,Core Champs,30.00,5.00,Joint Support,35.00,+5.00,16.7%,,True,,https://cdn.shopify.com/s/files/1/0737/7384/2650/files/144--Core-Champs-Joint--Support.jpg?v=1738015737,https://proteindistrictlb.com/products/core-champs-joint-support
8760881873114,46106746421466,Core Champs Vitamin D3,120 softgels / 5000 IU,Vitamin D | Vitamins,Core Champs,25.00,5.00,Vitamin D,30.00,+5.00,20.0%,,True,,https://cdn.shopify.com/s/files/1/0737/7384/2650/files/102-Core-Champs-Vitamin-D3.jpg?v=1737647338,https://proteindistrictlb.com/products/core-champs-vitamin-d3
8760881873114,46756578197722,Core Champs Vitamin D3,nutrition facts / 5000 IU,Vitamin D | Vitamins,Core Champs,25.00,5.00,Vitamin D,30.00,+5.00,20.0%,,True,,https://cdn.shopify.com/s/files/1/0737/7384/2650/files/102-Core-Champs-Vitamin-D3.jpg?v=1737647338,https://proteindistrictlb.com/products/core-champs-vitamin-d3
8760880398554,46106744324314,Core Champs Tribulus,90 veg capsules / 750 mg,Testo booster | Tribulus,Core Champs,25.00,6.00,Testo booster,31.00,+6.00,24.0%,,True,,https://cdn.shopify.com/s/files/1/0737/7384/2650/files/101-Core-Champs-Tribulus.jpg?v=1737647157,https://proteindistrictlb.com/products/core-champs-tribulus
8760880398554,46756581441754,Core Champs Tribulus,nutrition facts / 750 mg,Testo booster | Tribulus,Core Champs,25.00,6.00,Testo booster,31.00,+6.00,24.0%,,True,,https://cdn.shopify.com/s/files/1/0737/7384/2650/files/101-Core-Champs-Tribulus.jpg?v=1737647157,https://proteindistrictlb.com/products/core-champs-tribulus
8761439158490,46109266706650,Core champs Omega-3,100 softgel / 1000 mg,Fish Oil | Vitamins,Core Champs,23.00,5.00,Fish Oil,28.00,+5.00,21.7%,,True,,https://cdn.shopify.com/s/files/1/0737/7384/2650/files/103-Core-champs-Omega-3.jpg?v=1737647450,https://proteindistrictlb.com/products/core-champs-omega-3
8761439158490,46756516004058,Core champs Omega-3,nutrition facts / 1000 mg,Fish Oil | Vitamins,Core Champs,23.00,5.00,Fish Oil,28.00,+5.00,21.7%,,True,,https://cdn.shopify.com/s/files/1/0737/7384/2650/files/103-Core-champs-Omega-3.jpg?v=1737647450,https://proteindistrictlb.com/products/core-champs-omega-3
8761438896346,46109265756378,Core Champs ZMB6,90 capsules,Vitamins | Zmb,Core Champs,22.00,5.00,Vitamins,27.00,+5.00,22.7%,,True,,https://cdn.shopify.com/s/files/1/0737/7384/2650/files/151-Core-Champs-ZMB6.jpg?v=1738016600,https://proteindistrictlb.com/products/core-champs-zmb6
8761438896346,46756532650202,Core Champs ZMB6,nutrition facts,Vitamins | Zmb,Core Champs,22.00,5.00,Vitamins,27.00,+5.00,22.7%,,True,,https://cdn.shopify.com/s/files/1/0737/7384/2650/files/151-Core-Champs-ZMB6.jpg?v=1738016600,https://proteindistrictlb.com/products/core-champs-zmb6
8761446793434,46109279617242,Super Foods Organic Moringa,240 g,Moringa | Vitamins,Super Foods,45.00,5.00,Vitamins,50.00,+5.00,11.1%,,True,,https://cdn.shopify.com/s/files/1/0737/7384/2650/files/91-Super-Foods-Organic-Moringa.jpg?v=1737637511,https://proteindistrictlb.com/products/super-foods-organic-moringa
8761446793434,46756488052954,Super Foods Organic Moringa,nutrition facts,Moringa | Vitamins,Super Foods,45.00,5.00,Vitamins,50.00,+5.00,11.1%,,True,,https://cdn.shopify.com/s/files/1/0737/7384/2650/files/91-Super-Foods-Organic-Moringa.jpg?v=1737637511,https://proteindistrictlb.com/products/super-foods-organic-moringa
8761444729050,46109275979994,Core Champs Multi-Vitamin,90 tablets,Multi Vitamin | Vitamins,Core Champs,25.00,5.00,Multi Vitamin,30.00,+5.00,20.0%,,True,,https://cdn.shopify.com/s/files/1/0737/7384/2650/files/149--Core-Champs-Mass-Gainer.jpg?v=1738016440,https://proteindistrictlb.com/products/core-champs-multi-vitamin
8761444729050,46756500930778,Core Champs Multi-Vitamin,nutrtion facts,Multi Vitamin | Vitamins,Core Champs,25.00,5.00,Multi Vitamin,30.00,+5.00,20.0%,,True,,https://cdn.shopify.com/s/files/1/0737/7384/2650/files/149--Core-Champs-Mass-Gainer.jpg?v=1738016440,https://proteindistrictlb.com/products/core-champs-multi-vitamin
8761510232282,46109407609050,Muscletech Muscle Builder,30 capsules,Testo booster,MuscleTech,40.00,6.00,Testo booster,46.00,+6.00,15.0%,,True,,https://cdn.shopify.com/s/files/1/0737/7384/2650/files/65-Muscletech-Muscle-Builder.jpg?v=1737632432,https://proteindistrictlb.com/products/muscletech-muscle-builder
8761510232282,46756480254170,Muscletech Muscle Builder,nutrtion facts,Testo booster,MuscleTech,40.00,6.00,Testo booster,46.00,+6.00,15.0%,,True,,https://cdn.shopify.com/s/files/1/0737/7384/2650/files/65-Muscletech-Muscle-Builder.jpg?v=1737632432,https://proteindistrictlb.com/products/muscletech-muscle-builder
8761454493914,46109291315418,Muscletech Multi Vitamin,90 tablets,Multi Vitamin | Vitamins,MuscleTech,25.00,5.00,Multi Vitamin,30.00,+5.00,20.0%,,True,,https://cdn.shopify.com/s/files/1/0737/7384/2650/files/183-Muscletech-Multi-Vitamin.jpg?v=1738058710,https://proteindistrictlb.com/products/muscletech-multi-vitamin
8761454493914,46756481532122,Muscletech Multi Vitamin,nutrition facts,Multi Vitamin | Vitamins,MuscleTech,25.00,5.00,Multi Vitamin,30.00,+5.00,20.0%,,True,,https://cdn.shopify.com/s/files/1/0737/7384/2650/files/183-Muscletech-Multi-Vitamin.jpg?v=1738058710,https://proteindistrictlb.com/products/muscletech-multi-vitamin
8761452822746,46109288890586,Biotech Daily Pack,30 packs,Multi Vitamin | Vitamins,BioTechUSA,45.00,5.00,Multi Vitamin,50.00,+5.00,11.1%,,True,,https://cdn.shopify.com/s/files/1/0737/7384/2650/files/14-Biotech-Daily-Pack.jpg?v=1737542555,https://proteindistrictlb.com/products/biotech-daily-pack
8761452822746,46756482810074,Biotech Daily Pack,nutrition facts,Multi Vitamin | Vitamins,BioTechUSA,45.00,5.00,Multi Vitamin,50.00,+5.00,11.1%,,True,,https://cdn.shopify.com/s/files/1/0737/7384/2650/files/14-Biotech-Daily-Pack.jpg?v=1737542555,https://proteindistrictlb.com/products/biotech-daily-pack
8761511608538,46109412229338,Optimum Nutrition Tribulus,100 capsules / 625 mg,Testo booster | Tribulus,Optimum Nutrition,30.00,6.00,Testo booster,36.00,+6.00,20.0%,,True,,https://cdn.shopify.com/s/files/1/0737/7384/2650/files/77-Optimum-Nutrition-Tribulus.jpg?v=1737636157,https://proteindistrictlb.com/products/optimum-nutrition-tribulus
8761511608538,46756426285274,Optimum Nutrition Tribulus,nutrition facts / 625 mg,Testo booster | Tribulus,Optimum Nutrition,30.00,6.00,Testo booster,36.00,+6.00,20.0%,,True,,https://cdn.shopify.com/s/files/1/0737/7384/2650/files/77-Optimum-Nutrition-Tribulus.jpg?v=1737636157,https://proteindistrictlb.com/products/optimum-nutrition-tribulus
8761510559962,46109410656474,Optimum Nutrition Zinc Magnesium,90 capsules,Vitamins | Zmb,Optimum Nutrition,35.00,5.00,Vitamins,40.00,+5.00,14.3%,,True,,https://cdn.shopify.com/s/files/1/0737/7384/2650/files/78-Optimum-Nutrition-Zinc-Magnesium.jpg?v=1737636262,https://proteindistrictlb.com/products/optimum-nutrition-zinc-magnesium
8761510559962,46756458496218,Optimum Nutrition Zinc Magnesium,nutrition facts,Vitamins | Zmb,Optimum Nutrition,35.00,5.00,Vitamins,40.00,+5.00,14.3%,,True,,https://cdn.shopify.com/s/files/1/0737/7384/2650/files/78-Optimum-Nutrition-Zinc-Magnesium.jpg?v=1737636262,https://proteindistrictlb.com/products/optimum-nutrition-zinc-magnesium
8762959855834,46113873690842,Nutritech Whey Protein,2kg - 62 servings / Chocolate,Whey protein | Whey protein concentrate,Nutritech,85.00,5.00,Whey protein concentrate,90.00,+5.00,5.9%,,True,,https://cdn.shopify.com/s/files/1/0737/7384/2650/files/99-Nutritech-Whey-Protein_04e33521-66e0-4878-b605-e6a185b845d6.jpg?v=1738056272,https://proteindistrictlb.com/products/nutritech-whey-protein
8762959855834,46113873723610,Nutritech Whey Protein,2kg - 62 servings / strawberry,Whey protein | Whey protein concentrate,Nutritech,85.00,5.00,Whey protein concentrate,90.00,+5.00,5.9%,,True,,https://cdn.shopify.com/s/files/1/0737/7384/2650/files/99-Nutritech-Whey-Protein_04e33521-66e0-4878-b605-e6a185b845d6.jpg?v=1738056272,https://proteindistrictlb.com/products/nutritech-whey-protein
8762959855834,46113873756378,Nutritech Whey Protein,2kg - 62 servings / Vanilla,Whey protein | Whey protein concentrate,Nutritech,85.00,5.00,Whey protein concentrate,90.00,+5.00,5.9%,,True,,https://cdn.shopify.com/s/files/1/0737/7384/2650/files/99-Nutritech-Whey-Protein_04e33521-66e0-4878-b605-e6a185b845d6.jpg?v=1738056272,https://proteindistrictlb.com/products/nutritech-whey-protein
8762959855834,46756419928282,Nutritech Whey Protein,nutrition facts / Chocolate,Whey protein | Whey protein concentrate,Nutritech,85.00,5.00,Whey protein concentrate,90.00,+5.00,5.9%,,True,,https://cdn.shopify.com/s/files/1/0737/7384/2650/files/99-Nutritech-Whey-Protein_04e33521-66e0-4878-b605-e6a185b845d6.jpg?v=1738056272,https://proteindistrictlb.com/products/nutritech-whey-protein
8762959855834,46756419961050,Nutritech Whey Protein,nutrition facts / strawberry,Whey protein | Whey protein concentrate,Nutritech,85.00,5.00,Whey protein concentrate,90.00,+5.00,5.9%,,True,,https://cdn.shopify.com/s/files/1/0737/7384/2650/files/99-Nutritech-Whey-Protein_04e33521-66e0-4878-b605-e6a185b845d6.jpg?v=1738056272,https://proteindistrictlb.com/products/nutritech-whey-protein
8762959855834,46756419993818,Nutritech Whey Protein,nutrition facts / Vanilla,Whey protein | Whey protein concentrate,Nutritech,85.00,5.00,Whey protein concentrate,90.00,+5.00,5.9%,,True,,https://cdn.shopify.com/s/files/1/0737/7384/2650/files/99-Nutritech-Whey-Protein_04e33521-66e0-4878-b605-e6a185b845d6.jpg?v=1738056272,https://proteindistrictlb.com/products/nutritech-whey-protein
8762952777946,46113854914778,Biotech Usa Carbox,1kg - 20 servings / Unflavored,Carbs | Carbs complex powder,BioTechUSA,25.00,3.00,Carbs complex powder,28.00,+3.00,12.0%,,True,,https://cdn.shopify.com/s/files/1/0737/7384/2650/files/118-Biotech-Usa-Carbox--2.jpg?v=1737996041,https://proteindistrictlb.com/products/biotech-usa-carbox
8762952777946,46113854947546,Biotech Usa Carbox,1kg - 20 servings / Orange,Carbs | Carbs complex powder,BioTechUSA,25.00,3.00,Carbs complex powder,28.00,+3.00,12.0%,,True,,https://cdn.shopify.com/s/files/1/0737/7384/2650/files/118-Biotech-Usa-Carbox--2.jpg?v=1737996041,https://proteindistrictlb.com/products/biotech-usa-carbox
8762952777946,46113854980314,Biotech Usa Carbox,1kg - 20 servings / Peach,Carbs | Carbs complex powder,BioTechUSA,25.00,3.00,Carbs complex powder,28.00,+3.00,12.0%,,True,,https://cdn.shopify.com/s/files/1/0737/7384/2650/files/118-Biotech-Usa-Carbox--2.jpg?v=1737996041,https://proteindistrictlb.com/products/biotech-usa-carbox
8762952777946,46756422844634,Biotech Usa Carbox,nutrition facts / Unflavored,Carbs | Carbs complex powder,BioTechUSA,25.00,3.00,Carbs complex powder,28.00,+3.00,12.0%,,True,,https://cdn.shopify.com/s/files/1/0737/7384/2650/files/118-Biotech-Usa-Carbox--2.jpg?v=1737996041,https://proteindistrictlb.com/products/biotech-usa-carbox
8762952777946,46756422877402,Biotech Usa Carbox,nutrition facts / Orange,Carbs | Carbs complex powder,BioTechUSA,25.00,3.00,Carbs complex powder,28.00,+3.00,12.0%,,True,,https://cdn.shopify.com/s/files/1/0737/7384/2650/files/118-Biotech-Usa-Carbox--2.jpg?v=1737996041,https://proteindistrictlb.com/products/biotech-usa-carbox
8762952777946,46756422910170,Biotech Usa Carbox,nutrition facts / Peach,Carbs | Carbs complex powder,BioTechUSA,25.00,3.00,Carbs complex powder,28.00,+3.00,12.0%,,True,,https://cdn.shopify.com/s/files/1/0737/7384/2650/files/118-Biotech-Usa-Carbox--2.jpg?v=1737996041,https://proteindistrictlb.com/products/biotech-usa-carbox
8762973094106,46113892139226,Universal Animal Pak,44 packs,Multi Vitamin | Vitamins,Universal Nutrition,55.00,5.00,Multi Vitamin,60.00,+5.00,9.1%,,True,,https://cdn.shopify.com/s/files/1/0737/7384/2650/files/33-Universal-Animal-Pak_ebe1f95f-999d-4575-9d73-6cab39a74ef4.jpg?v=1737546325,https://proteindistrictlb.com/products/universal-animal-pak
8762973094106,46756416585946,Universal Animal Pak,nutrition facts,Multi Vitamin | Vitamins,Universal Nutrition,55.00,5.00,Multi Vitamin,60.00,+5.00,9.1%,,True,,https://cdn.shopify.com/s/files/1/0737/7384/2650/files/33-Universal-Animal-Pak_ebe1f95f-999d-4575-9d73-6cab39a74ef4.jpg?v=1737546325,https://proteindistrictlb.com/products/universal-animal-pak
8764911091930,46119059751130,Optimum Nutrition Gold Standard,2.27kg - 68 to 75 servings / banana cream,Whey protein | Whey protein concentrate,Optimum Nutrition,120.00,5.00,Whey protein concentrate,125.00,+5.00,4.2%,,True,,https://cdn.shopify.com/s/files/1/0737/7384/2650/files/98-Optimum-Nutrition-Gold-Standard--8.jpg?v=1738054727,https://proteindistrictlb.com/products/optimum-nutrition-gold-standard
8764911091930,46119059783898,Optimum Nutrition Gold Standard,2.27kg - 68 to 75 servings / chocolate peanut butter,Whey protein | Whey protein concentrate,Optimum Nutrition,120.00,5.00,Whey protein concentrate,125.00,+5.00,4.2%,,True,,https://cdn.shopify.com/s/files/1/0737/7384/2650/files/98-Optimum-Nutrition-Gold-Standard--8.jpg?v=1738054727,https://proteindistrictlb.com/products/optimum-nutrition-gold-standard
8764911091930,46119059816666,Optimum Nutrition Gold Standard,2.27kg - 68 to 75 servings / cookies and cream,Whey protein | Whey protein concentrate,Optimum Nutrition,120.00,5.00,Whey protein concentrate,125.00,+5.00,4.2%,,True,,https://cdn.shopify.com/s/files/1/0737/7384/2650/files/98-Optimum-Nutrition-Gold-Standard--8.jpg?v=1738054727,https://proteindistrictlb.com/products/optimum-nutrition-gold-standard
8764911091930,46119059849434,Optimum Nutrition Gold Standard,2.27kg - 68 to 75 servings / double rich chocolate,Whey protein | Whey protein concentrate,Optimum Nutrition,120.00,5.00,Whey protein concentrate,125.00,+5.00,4.2%,,True,,https://cdn.shopify.com/s/files/1/0737/7384/2650/files/98-Optimum-Nutrition-Gold-Standard--8.jpg?v=1738054727,https://proteindistrictlb.com/products/optimum-nutrition-gold-standard
8764911091930,46119059882202,Optimum Nutrition Gold Standard,2.27kg - 68 to 75 servings / extreme milk chocolate,Whey protein | Whey protein concentrate,Optimum Nutrition,120.00,5.00,Whey protein concentrate,125.00,+5.00,4.2%,,True,,https://cdn.shopify.com/s/files/1/0737/7384/2650/files/98-Optimum-Nutrition-Gold-Standard--8.jpg?v=1738054727,https://proteindistrictlb.com/products/optimum-nutrition-gold-standard
8764911091930,46119059914970,Optimum Nutrition Gold Standard,2.27kg - 68 to 75 servings / vanilla ice cream,Whey protein | Whey protein concentrate,Optimum Nutrition,120.00,5.00,Whey protein concentrate,125.00,+5.00,4.2%,,True,,https://cdn.shopify.com/s/files/1/0737/7384/2650/files/98-Optimum-Nutrition-Gold-Standard--8.jpg?v=1738054727,https://proteindistrictlb.com/products/optimum-nutrition-gold-standard
8764911091930,46119059947738,Optimum Nutrition Gold Standard,2.27kg - 68 to 75 servings / mocha cappuccino,Whey protein | Whey protein concentrate,Optimum Nutrition,120.00,5.00,Whey protein concentrate,125.00,+5.00,4.2%,,True,,https://cdn.shopify.com/s/files/1/0737/7384/2650/files/98-Optimum-Nutrition-Gold-Standard--8.jpg?v=1738054727,https://proteindistrictlb.com/products/optimum-nutrition-gold-standard
8764911091930,46119059980506,Optimum Nutrition Gold Standard,2.27kg - 68 to 75 servings / strawberries and cream,Whey protein | Whey protein concentrate,Optimum Nutrition,120.00,5.00,Whey protein concentrate,125.00,+5.00,4.2%,,True,,https://cdn.shopify.com/s/files/1/0737/7384/2650/files/98-Optimum-Nutrition-Gold-Standard--8.jpg?v=1738054727,https://proteindistrictlb.com/products/optimum-nutrition-gold-standard
8764911091930,46119060013274,Optimum Nutrition Gold Standard,2.27kg - 68 to 75 servings / strawberry and banana,Whey protein | Whey protein concentrate,Optimum Nutrition,120.00,5.00,Whey protein concentrate,125.00,+5.00,4.2%,,True,,https://cdn.shopify.com/s/files/1/0737/7384/2650/files/98-Optimum-Nutrition-Gold-Standard--8.jpg?v=1738054727,https://proteindistrictlb.com/products/optimum-nutrition-gold-standard
8764911091930,46380661473498,Optimum Nutrition Gold Standard,2.27kg - 68 to 75 servings / coffee,Whey protein | Whey protein concentrate,Optimum Nutrition,120.00,5.00,Whey protein concentrate,125.00,+5.00,4.2%,,True,,https://cdn.shopify.com/s/files/1/0737/7384/2650/files/98-Optimum-Nutrition-Gold-Standard--8.jpg?v=1738054727,https://proteindistrictlb.com/products/optimum-nutrition-gold-standard
8764911091930,46756333453530,Optimum Nutrition Gold Standard,nutrition facts / banana cream,Whey protein | Whey protein concentrate,Optimum Nutrition,120.00,5.00,Whey protein concentrate,125.00,+5.00,4.2%,,True,,https://cdn.shopify.com/s/files/1/0737/7384/2650/files/98-Optimum-Nutrition-Gold-Standard--8.jpg?v=1738054727,https://proteindistrictlb.com/products/optimum-nutrition-gold-standard
8764911091930,46756333486298,Optimum Nutrition Gold Standard,nutrition facts / chocolate peanut butter,Whey protein | Whey protein concentrate,Optimum Nutrition,120.00,5.00,Whey protein concentrate,125.00,+5.00,4.2%,,True,,https://cdn.shopify.com/s/files/1/0737/7384/2650/files/98-Optimum-Nutrition-Gold-Standard--8.jpg?v=1738054727,https://proteindistrictlb.com/products/optimum-nutrition-gold-standard
8764911091930,46756333519066,Optimum Nutrition Gold Standard,nutrition facts / cookies and cream,Whey protein | Whey protein concentrate,Optimum Nutrition,120.00,5.00,Whey protein concentrate,125.00,+5.00,4.2%,,True,,https://cdn.shopify.com/s/files/1/0737/7384/2650/files/98-Optimum-Nutrition-Gold-Standard--8.jpg?v=1738054727,https://proteindistrictlb.com/products/optimum-nutrition-gold-standard
8764911091930,46756333551834,Optimum Nutrition Gold Standard,nutrition facts / double rich chocolate,Whey protein | Whey protein concentrate,Optimum Nutrition,120.00,5.00,Whey protein concentrate,125.00,+5.00,4.2%,,True,,https://cdn.shopify.com/s/files/1/0737/7384/2650/files/98-Optimum-Nutrition-Gold-Standard--8.jpg?v=1738054727,https://proteindistrictlb.com/products/optimum-nutrition-gold-standard
8764911091930,46756333584602,Optimum Nutrition Gold Standard,nutrition facts / extreme milk chocolate,Whey protein | Whey protein concentrate,Optimum Nutrition,120.00,5.00,Whey protein concentrate,125.00,+5.00,4.2%,,True,,https://cdn.shopify.com/s/files/1/0737/7384/2650/files/98-Optimum-Nutrition-Gold-Standard--8.jpg?v=1738054727,https://proteindistrictlb.com/products/optimum-nutrition-gold-standard
8764911091930,46756333617370,Optimum Nutrition Gold Standard,nutrition facts / vanilla ice cream,Whey protein | Whey protein concentrate,Optimum Nutrition,120.00,5.00,Whey protein concentrate,125.00,+5.00,4.2%,,True,,https://cdn.shopify.com/s/files/1/0737/7384/2650/files/98-Optimum-Nutrition-Gold-Standard--8.jpg?v=1738054727,https://proteindistrictlb.com/products/optimum-nutrition-gold-standard
8764911091930,46756333650138,Optimum Nutrition Gold Standard,nutrition facts / mocha cappuccino,Whey protein | Whey protein concentrate,Optimum Nutrition,120.00,5.00,Whey protein concentrate,125.00,+5.00,4.2%,,True,,https://cdn.shopify.com/s/files/1/0737/7384/2650/files/98-Optimum-Nutrition-Gold-Standard--8.jpg?v=1738054727,https://proteindistrictlb.com/products/optimum-nutrition-gold-standard
8764911091930,46756333682906,Optimum Nutrition Gold Standard,nutrition facts / strawberries and cream,Whey protein | Whey protein concentrate,Optimum Nutrition,120.00,5.00,Whey protein concentrate,125.00,+5.00,4.2%,,True,,https://cdn.shopify.com/s/files/1/0737/7384/2650/files/98-Optimum-Nutrition-Gold-Standard--8.jpg?v=1738054727,https://proteindistrictlb.com/products/optimum-nutrition-gold-standard
8764911091930,46756333715674,Optimum Nutrition Gold Standard,nutrition facts / strawberry and banana,Whey protein | Whey protein concentrate,Optimum Nutrition,120.00,5.00,Whey protein concentrate,125.00,+5.00,4.2%,,True,,https://cdn.shopify.com/s/files/1/0737/7384/2650/files/98-Optimum-Nutrition-Gold-Standard--8.jpg?v=1738054727,https://proteindistrictlb.com/products/optimum-nutrition-gold-standard
8764911091930,46756333748442,Optimum Nutrition Gold Standard,nutrition facts / coffee,Whey protein | Whey protein concentrate,Optimum Nutrition,120.00,5.00,Whey protein concentrate,125.00,+5.00,4.2%,,True,,https://cdn.shopify.com/s/files/1/0737/7384/2650/files/98-Optimum-Nutrition-Gold-Standard--8.jpg?v=1738054727,https://proteindistrictlb.com/products/optimum-nutrition-gold-standard
8765865656538,46122682646746,Weider Creatine,250g - 73 servings,Creatine | Unflavored Creatine,Weider,30.00,5.00,Unflavored Creatine,35.00,+5.00,16.7%,,True,,https://cdn.shopify.com/s/files/1/0737/7384/2650/files/44-Weider-Creatine.jpg?v=1737547637,https://proteindistrictlb.com/products/weider-creatine
8765865656538,46756025368794,Weider Creatine,nutrition facts,Creatine | Unflavored Creatine,Weider,30.00,5.00,Unflavored Creatine,35.00,+5.00,16.7%,,True,,https://cdn.shopify.com/s/files/1/0737/7384/2650/files/44-Weider-Creatine.jpg?v=1737547637,https://proteindistrictlb.com/products/weider-creatine
8765888561370,46122756014298,Core Champs L Arginine,120 tablets / 1000 mg,Arginine,Core Champs,25.00,4.00,Arginine,29.00,+4.00,16.0%,,True,,https://cdn.shopify.com/s/files/1/0737/7384/2650/files/145--Core-Champs-L-Arginine.jpg?v=1738015846,https://proteindistrictlb.com/products/core-champs-l-arginine
8765888561370,46756014719194,Core Champs L Arginine,nutrition facts / 1000 mg,Arginine,Core Champs,25.00,4.00,Arginine,29.00,+4.00,16.0%,,True,,https://cdn.shopify.com/s/files/1/0737/7384/2650/files/145--Core-Champs-L-Arginine.jpg?v=1738015846,https://proteindistrictlb.com/products/core-champs-l-arginine
8765892526298,46122770694362,Quamtrax Mega Arginine,100 capsules / 920 mg,Arginine,Quamtrax Nutrition,25.00,4.00,Arginine,29.00,+4.00,16.0%,,True,,https://cdn.shopify.com/s/files/1/0737/7384/2650/files/84-Quamtrax-Mega-Arginine.jpg?v=1737636797,https://proteindistrictlb.com/products/quamtrax-mega-arginine
8765892526298,46756013342938,Quamtrax Mega Arginine,nutrition facts / 920 mg,Arginine,Quamtrax Nutrition,25.00,4.00,Arginine,29.00,+4.00,16.0%,,True,,https://cdn.shopify.com/s/files/1/0737/7384/2650/files/84-Quamtrax-Mega-Arginine.jpg?v=1737636797,https://proteindistrictlb.com/products/quamtrax-mega-arginine
8765891969242,46122767220954,Biotech Usa Beta Alanin,300g - 75 servings,Beta Alanine,BioTechUSA,40.00,4.00,Beta Alanine,44.00,+4.00,10.0%,,True,,https://cdn.shopify.com/s/files/1/0737/7384/2650/files/17-Biotech-Usa-Beta-Alanin.jpg?v=1737543137,https://proteindistrictlb.com/products/biotech-usa-beta-alanin
8765891969242,46756013408474,Biotech Usa Beta Alanin,nutrition facts,Beta Alanine,BioTechUSA,40.00,4.00,Beta Alanine,44.00,+4.00,10.0%,,True,,https://cdn.shopify.com/s/files/1/0737/7384/2650/files/17-Biotech-Usa-Beta-Alanin.jpg?v=1737543137,https://proteindistrictlb.com/products/biotech-usa-beta-alanin
8766740168922,46126637777114,Universal Animal Stak,21 packs,Complex Testo Booster | Testo booster,Universal Nutrition,60.00,6.00,Complex Testo Booster,66.00,+6.00,10.0%,,True,,https://cdn.shopify.com/s/files/1/0737/7384/2650/files/34-Universal-Animal-Stak.jpg?v=1737546484,https://proteindistrictlb.com/products/universal-animal-stak
8766740168922,46756004462810,Universal Animal Stak,nutrition facts,Complex Testo Booster | Testo booster,Universal Nutrition,60.00,6.00,Complex Testo Booster,66.00,+6.00,10.0%,,True,,https://cdn.shopify.com/s/files/1/0737/7384/2650/files/34-Universal-Animal-Stak.jpg?v=1737546484,https://proteindistrictlb.com/products/universal-animal-stak
8765898784986,46122811949274,My Protein AAKG,250g - 83 servings,Arginine,Myprotein,30.00,4.00,Arginine,34.00,+4.00,13.3%,,True,,https://cdn.shopify.com/s/files/1/0737/7384/2650/files/59-My-Protein-AAKG.jpg?v=1737625582,https://proteindistrictlb.com/products/my-protein-aakg
8765898784986,46756011344090,My Protein AAKG,nutrition facts,Arginine,Myprotein,30.00,4.00,Arginine,34.00,+4.00,13.3%,,True,,https://cdn.shopify.com/s/files/1/0737/7384/2650/files/59-My-Protein-AAKG.jpg?v=1737625582,https://proteindistrictlb.com/products/my-protein-aakg
8766755176666,46126699151578,Core Champs L-Citruline,180g - 90 serving,L-citrulline,Core Champs,25.00,4.00,L-citrulline,29.00,+4.00,16.0%,,True,,https://cdn.shopify.com/s/files/1/0737/7384/2650/files/146--Core-Champs-L-Citruline.jpg?v=1738015999,https://proteindistrictlb.com/products/core-champs-l-citruline
8766755176666,46756000301274,Core Champs L-Citruline,nutrition facts,L-citrulline,Core Champs,25.00,4.00,L-citrulline,29.00,+4.00,16.0%,,True,,https://cdn.shopify.com/s/files/1/0737/7384/2650/files/146--Core-Champs-L-Citruline.jpg?v=1738015999,https://proteindistrictlb.com/products/core-champs-l-citruline
8766752358618,46126689157338,Core Champs Nitric Oxide,120 tablets,Nitric Oxide,Core Champs,25.00,4.00,Nitric Oxide,29.00,+4.00,16.0%,,True,,https://cdn.shopify.com/s/files/1/0737/7384/2650/files/104-Core-Champs-Nitric-Oxide.jpg?v=1737647739,https://proteindistrictlb.com/products/core-champs-nitric-oxide
8766752358618,46756000497882,Core Champs Nitric Oxide,nutrition facts,Nitric Oxide,Core Champs,25.00,4.00,Nitric Oxide,29.00,+4.00,16.0%,,True,,https://cdn.shopify.com/s/files/1/0737/7384/2650/files/104-Core-Champs-Nitric-Oxide.jpg?v=1737647739,https://proteindistrictlb.com/products/core-champs-nitric-oxide
8766780408026,46126831403226,Core Champs Beta Alanine,200g - 100 serving,Beta Alanine,Core Champs,25.00,4.00,Beta Alanine,29.00,+4.00,16.0%,,True,,https://cdn.shopify.com/s/files/1/0737/7384/2650/files/141-Core-Champs-Beta-Alanine.jpg?v=1738015443,https://proteindistrictlb.com/products/core-champs-beta-alanine
8766776606938,46126814036186,Myprotien Citrulline Malate,250g - 125 servings,L-citrulline,Myprotien Citrulline,30.00,4.00,L-citrulline,34.00,+4.00,13.3%,,True,,https://cdn.shopify.com/s/files/1/0737/7384/2650/files/56-Myprotien-Citrulline-Malate.jpg?v=1737625334,https://proteindistrictlb.com/products/myprotien-citrulline-malate
8766776606938,46755992207578,Myprotien Citrulline Malate,nutrition facts,L-citrulline,Myprotien Citrulline,30.00,4.00,L-citrulline,34.00,+4.00,13.3%,,True,,https://cdn.shopify.com/s/files/1/0737/7384/2650/files/56-Myprotien-Citrulline-Malate.jpg?v=1737625334,https://proteindistrictlb.com/products/myprotien-citrulline-malate
8766773330138,46126800896218,Evl Caffeine Pills,100 tablets / 200 mg,Caffeine Pills,EVLUTION Nutrition,20.00,4.00,Caffeine Pills,24.00,+4.00,20.0%,,True,,https://cdn.shopify.com/s/files/1/0737/7384/2650/files/153--Evl-Caffeine-Pills.jpg?v=1738016787,https://proteindistrictlb.com/products/evl-caffeine-pills
8766773330138,46755994665178,Evl Caffeine Pills,nutrition facts / 200 mg,Caffeine Pills,EVLUTION Nutrition,20.00,4.00,Caffeine Pills,24.00,+4.00,20.0%,,True,,https://cdn.shopify.com/s/files/1/0737/7384/2650/files/153--Evl-Caffeine-Pills.jpg?v=1738016787,https://proteindistrictlb.com/products/evl-caffeine-pills
8766799806682,46126909882586,Core Champs Glutamine,300g - 60serving / unflavored,Amino acids | Glutamine,Core Champs,25.00,4.00,Amino acids,29.00,+4.00,16.0%,,True,,https://cdn.shopify.com/s/files/1/0737/7384/2650/files/201-Biotech-Usa-Iso-Whey-Zero.jpg?v=1738067092,https://proteindistrictlb.com/products/core-champs-glutamine
8766799806682,46126909915354,Core Champs Glutamine,300g - 60serving / orange,Amino acids | Glutamine,Core Champs,25.00,4.00,Amino acids,29.00,+4.00,16.0%,,True,,https://cdn.shopify.com/s/files/1/0737/7384/2650/files/201-Biotech-Usa-Iso-Whey-Zero.jpg?v=1738067092,https://proteindistrictlb.com/products/core-champs-glutamine
8766799806682,46126909948122,Core Champs Glutamine,300g - 60serving / lemon lime,Amino acids | Glutamine,Core Champs,25.00,4.00,Amino acids,29.00,+4.00,16.0%,,True,,https://cdn.shopify.com/s/files/1/0737/7384/2650/files/201-Biotech-Usa-Iso-Whey-Zero.jpg?v=1738067092,https://proteindistrictlb.com/products/core-champs-glutamine
8766782374106,46126841200858,Universal GH-Max,180 capsules - 30 serving,Complex Testo Booster | Testo booster,Universal Nutrition,40.00,6.00,Complex Testo Booster,46.00,+6.00,15.0%,,True,,https://cdn.shopify.com/s/files/1/0737/7384/2650/files/36-Universal-GH-Max.jpg?v=1737546735,https://proteindistrictlb.com/products/universal-gh-max
8766782374106,46755990569178,Universal GH-Max,nutrition facts,Complex Testo Booster | Testo booster,Universal Nutrition,40.00,6.00,Complex Testo Booster,46.00,+6.00,15.0%,,True,,https://cdn.shopify.com/s/files/1/0737/7384/2650/files/36-Universal-GH-Max.jpg?v=1737546735,https://proteindistrictlb.com/products/universal-gh-max
8766809637082,46126950121690,Muscletech EAA,30 scoops / fruit punch,Amino acids | Eaa,MuscleTech,35.00,4.00,Amino acids,39.00,+4.00,11.4%,,True,,https://cdn.shopify.com/s/files/1/0737/7384/2650/files/213-Muscletech-EAA--2.jpg?v=1738070414,https://proteindistrictlb.com/products/muscletech-eaa
8766809637082,46126950154458,Muscletech EAA,30 scoops / grape,Amino acids | Eaa,MuscleTech,35.00,4.00,Amino acids,39.00,+4.00,11.4%,,True,,https://cdn.shopify.com/s/files/1/0737/7384/2650/files/213-Muscletech-EAA--2.jpg?v=1738070414,https://proteindistrictlb.com/products/muscletech-eaa
8766809637082,46755989422298,Muscletech EAA,nutrition facts / fruit punch,Amino acids | Eaa,MuscleTech,35.00,4.00,Amino acids,39.00,+4.00,11.4%,,True,,https://cdn.shopify.com/s/files/1/0737/7384/2650/files/213-Muscletech-EAA--2.jpg?v=1738070414,https://proteindistrictlb.com/products/muscletech-eaa
8766809637082,46755989455066,Muscletech EAA,nutrition facts / grape,Amino acids | Eaa,MuscleTech,35.00,4.00,Amino acids,39.00,+4.00,11.4%,,True,,https://cdn.shopify.com/s/files/1/0737/7384/2650/files/213-Muscletech-EAA--2.jpg?v=1738070414,https://proteindistrictlb.com/products/muscletech-eaa
8766804459738,46126928625882,Redcone 1 Glutamine,300g - 60 serving,Amino acids | Glutamine,Redcone 1,25.00,4.00,Amino acids,29.00,+4.00,16.0%,,True,,https://cdn.shopify.com/s/files/1/0737/7384/2650/files/87-Redcone-1-Glutamine.jpg?v=1737637173,https://proteindistrictlb.com/products/redcone-1-glutamine
8766804459738,46755990339802,Redcone 1 Glutamine,nutrition facts,Amino acids | Glutamine,Redcone 1,25.00,4.00,Amino acids,29.00,+4.00,16.0%,,True,,https://cdn.shopify.com/s/files/1/0737/7384/2650/files/87-Redcone-1-Glutamine.jpg?v=1737637173,https://proteindistrictlb.com/products/redcone-1-glutamine
8766851547354,46127103279322,Nutrex EAA,30 scoop / strawberry watermelon,Amino acids | Eaa,Nutrex Research,30.00,4.00,Amino acids,34.00,+4.00,13.3%,,True,,https://cdn.shopify.com/s/files/1/0737/7384/2650/files/194-Nutrex-EAA--3.jpg?v=1738061013,https://proteindistrictlb.com/products/nutrex-eaa
8766851547354,46127103312090,Nutrex EAA,30 scoop / fruit punch,Amino acids | Eaa,Nutrex Research,30.00,4.00,Amino acids,34.00,+4.00,13.3%,,True,,https://cdn.shopify.com/s/files/1/0737/7384/2650/files/194-Nutrex-EAA--3.jpg?v=1738061013,https://proteindistrictlb.com/products/nutrex-eaa
8766851547354,46127103344858,Nutrex EAA,30 scoop / blueberry lemonade,Amino acids | Eaa,Nutrex Research,30.00,4.00,Amino acids,34.00,+4.00,13.3%,,True,,https://cdn.shopify.com/s/files/1/0737/7384/2650/files/194-Nutrex-EAA--3.jpg?v=1738061013,https://proteindistrictlb.com/products/nutrex-eaa
8766851547354,46127103377626,Nutrex EAA,30 scoop / its mango time,Amino acids | Eaa,Nutrex Research,30.00,4.00,Amino acids,34.00,+4.00,13.3%,,True,,https://cdn.shopify.com/s/files/1/0737/7384/2650/files/194-Nutrex-EAA--3.jpg?v=1738061013,https://proteindistrictlb.com/products/nutrex-eaa
8766851547354,46127103410394,Nutrex EAA,30 scoop / blood orange,Amino acids | Eaa,Nutrex Research,30.00,4.00,Amino acids,34.00,+4.00,13.3%,,True,,https://cdn.shopify.com/s/files/1/0737/7384/2650/files/194-Nutrex-EAA--3.jpg?v=1738061013,https://proteindistrictlb.com/products/nutrex-eaa
8766851547354,46127103443162,Nutrex EAA,30 scoop / apple pear,Amino acids | Eaa,Nutrex Research,30.00,4.00,Amino acids,34.00,+4.00,13.3%,,True,,https://cdn.shopify.com/s/files/1/0737/7384/2650/files/194-Nutrex-EAA--3.jpg?v=1738061013,https://proteindistrictlb.com/products/nutrex-eaa
8766851547354,46755978150106,Nutrex EAA,nutrition facts / strawberry watermelon,Amino acids | Eaa,Nutrex Research,30.00,4.00,Amino acids,34.00,+4.00,13.3%,,True,,https://cdn.shopify.com/s/files/1/0737/7384/2650/files/194-Nutrex-EAA--3.jpg?v=1738061013,https://proteindistrictlb.com/products/nutrex-eaa
8766851547354,46755978182874,Nutrex EAA,nutrition facts / fruit punch,Amino acids | Eaa,Nutrex Research,30.00,4.00,Amino acids,34.00,+4.00,13.3%,,True,,https://cdn.shopify.com/s/files/1/0737/7384/2650/files/194-Nutrex-EAA--3.jpg?v=1738061013,https://proteindistrictlb.com/products/nutrex-eaa
8766851547354,46755978215642,Nutrex EAA,nutrition facts / blueberry lemonade,Amino acids | Eaa,Nutrex Research,30.00,4.00,Amino acids,34.00,+4.00,13.3%,,True,,https://cdn.shopify.com/s/files/1/0737/7384/2650/files/194-Nutrex-EAA--3.jpg?v=1738061013,https://proteindistrictlb.com/products/nutrex-eaa
8766851547354,46755978248410,Nutrex EAA,nutrition facts / its mango time,Amino acids | Eaa,Nutrex Research,30.00,4.00,Amino acids,34.00,+4.00,13.3%,,True,,https://cdn.shopify.com/s/files/1/0737/7384/2650/files/194-Nutrex-EAA--3.jpg?v=1738061013,https://proteindistrictlb.com/products/nutrex-eaa
8766851547354,46755978281178,Nutrex EAA,nutrition facts / blood orange,Amino acids | Eaa,Nutrex Research,30.00,4.00,Amino acids,34.00,+4.00,13.3%,,True,,https://cdn.shopify.com/s/files/1/0737/7384/2650/files/194-Nutrex-EAA--3.jpg?v=1738061013,https://proteindistrictlb.com/products/nutrex-eaa
8766851547354,46755978313946,Nutrex EAA,nutrition facts / apple pear,Amino acids | Eaa,Nutrex Research,30.00,4.00,Amino acids,34.00,+4.00,13.3%,,True,,https://cdn.shopify.com/s/files/1/0737/7384/2650/files/194-Nutrex-EAA--3.jpg?v=1738061013,https://proteindistrictlb.com/products/nutrex-eaa
8766843322586,46127072248026,Core Champs EAA,30 scoops / cococut,Amino acids | Eaa,Core Champs,30.00,4.00,Amino acids,34.00,+4.00,13.3%,,True,,https://cdn.shopify.com/s/files/1/0737/7384/2650/files/CORE_CHAMPS_EAA_-_TROPICAL_FRUIT_870x1131_db0cab58-d535-40c3-84c2-6c28d94a6f63.webp?v=1738065865,https://proteindistrictlb.com/products/core-champs-eaa
8766843322586,46127072280794,Core Champs EAA,30 scoops / lemon lime,Amino acids | Eaa,Core Champs,30.00,4.00,Amino acids,34.00,+4.00,13.3%,,True,,https://cdn.shopify.com/s/files/1/0737/7384/2650/files/CORE_CHAMPS_EAA_-_TROPICAL_FRUIT_870x1131_db0cab58-d535-40c3-84c2-6c28d94a6f63.webp?v=1738065865,https://proteindistrictlb.com/products/core-champs-eaa
8766843322586,46127072313562,Core Champs EAA,30 scoops / kiwi lemon,Amino acids | Eaa,Core Champs,30.00,4.00,Amino acids,34.00,+4.00,13.3%,,True,,https://cdn.shopify.com/s/files/1/0737/7384/2650/files/CORE_CHAMPS_EAA_-_TROPICAL_FRUIT_870x1131_db0cab58-d535-40c3-84c2-6c28d94a6f63.webp?v=1738065865,https://proteindistrictlb.com/products/core-champs-eaa
8766843322586,46127072346330,Core Champs EAA,30 scoops / watermelon,Amino acids | Eaa,Core Champs,30.00,4.00,Amino acids,34.00,+4.00,13.3%,,True,,https://cdn.shopify.com/s/files/1/0737/7384/2650/files/CORE_CHAMPS_EAA_-_TROPICAL_FRUIT_870x1131_db0cab58-d535-40c3-84c2-6c28d94a6f63.webp?v=1738065865,https://proteindistrictlb.com/products/core-champs-eaa
8766843322586,46127072379098,Core Champs EAA,30 scoops / blue raspberry,Amino acids | Eaa,Core Champs,30.00,4.00,Amino acids,34.00,+4.00,13.3%,,True,,https://cdn.shopify.com/s/files/1/0737/7384/2650/files/CORE_CHAMPS_EAA_-_TROPICAL_FRUIT_870x1131_db0cab58-d535-40c3-84c2-6c28d94a6f63.webp?v=1738065865,https://proteindistrictlb.com/products/core-champs-eaa
8766843322586,46127072411866,Core Champs EAA,30 scoops / mango,Amino acids | Eaa,Core Champs,30.00,4.00,Amino acids,34.00,+4.00,13.3%,,True,,https://cdn.shopify.com/s/files/1/0737/7384/2650/files/CORE_CHAMPS_EAA_-_TROPICAL_FRUIT_870x1131_db0cab58-d535-40c3-84c2-6c28d94a6f63.webp?v=1738065865,https://proteindistrictlb.com/products/core-champs-eaa
8766843322586,46127072444634,Core Champs EAA,30 scoops / green apple,Amino acids | Eaa,Core Champs,30.00,4.00,Amino acids,34.00,+4.00,13.3%,,True,,https://cdn.shopify.com/s/files/1/0737/7384/2650/files/CORE_CHAMPS_EAA_-_TROPICAL_FRUIT_870x1131_db0cab58-d535-40c3-84c2-6c28d94a6f63.webp?v=1738065865,https://proteindistrictlb.com/products/core-champs-eaa
8766843322586,46127072477402,Core Champs EAA,30 scoops / tropical punch,Amino acids | Eaa,Core Champs,30.00,4.00,Amino acids,34.00,+4.00,13.3%,,True,,https://cdn.shopify.com/s/files/1/0737/7384/2650/files/CORE_CHAMPS_EAA_-_TROPICAL_FRUIT_870x1131_db0cab58-d535-40c3-84c2-6c28d94a6f63.webp?v=1738065865,https://proteindistrictlb.com/products/core-champs-eaa
8766843322586,46755981557978,Core Champs EAA,nutrition facts / cococut,Amino acids | Eaa,Core Champs,30.00,4.00,Amino acids,34.00,+4.00,13.3%,,True,,https://cdn.shopify.com/s/files/1/0737/7384/2650/files/CORE_CHAMPS_EAA_-_TROPICAL_FRUIT_870x1131_db0cab58-d535-40c3-84c2-6c28d94a6f63.webp?v=1738065865,https://proteindistrictlb.com/products/core-champs-eaa
8766843322586,46755981590746,Core Champs EAA,nutrition facts / lemon lime,Amino acids | Eaa,Core Champs,30.00,4.00,Amino acids,34.00,+4.00,13.3%,,True,,https://cdn.shopify.com/s/files/1/0737/7384/2650/files/CORE_CHAMPS_EAA_-_TROPICAL_FRUIT_870x1131_db0cab58-d535-40c3-84c2-6c28d94a6f63.webp?v=1738065865,https://proteindistrictlb.com/products/core-champs-eaa
8766843322586,46755981623514,Core Champs EAA,nutrition facts / kiwi lemon,Amino acids | Eaa,Core Champs,30.00,4.00,Amino acids,34.00,+4.00,13.3%,,True,,https://cdn.shopify.com/s/files/1/0737/7384/2650/files/CORE_CHAMPS_EAA_-_TROPICAL_FRUIT_870x1131_db0cab58-d535-40c3-84c2-6c28d94a6f63.webp?v=1738065865,https://proteindistrictlb.com/products/core-champs-eaa
8766843322586,46755981656282,Core Champs EAA,nutrition facts / watermelon,Amino acids | Eaa,Core Champs,30.00,4.00,Amino acids,34.00,+4.00,13.3%,,True,,https://cdn.shopify.com/s/files/1/0737/7384/2650/files/CORE_CHAMPS_EAA_-_TROPICAL_FRUIT_870x1131_db0cab58-d535-40c3-84c2-6c28d94a6f63.webp?v=1738065865,https://proteindistrictlb.com/products/core-champs-eaa
8766843322586,46755981689050,Core Champs EAA,nutrition facts / blue raspberry,Amino acids | Eaa,Core Champs,30.00,4.00,Amino acids,34.00,+4.00,13.3%,,True,,https://cdn.shopify.com/s/files/1/0737/7384/2650/files/CORE_CHAMPS_EAA_-_TROPICAL_FRUIT_870x1131_db0cab58-d535-40c3-84c2-6c28d94a6f63.webp?v=1738065865,https://proteindistrictlb.com/products/core-champs-eaa
8766843322586,46755981721818,Core Champs EAA,nutrition facts / mango,Amino acids | Eaa,Core Champs,30.00,4.00,Amino acids,34.00,+4.00,13.3%,,True,,https://cdn.shopify.com/s/files/1/0737/7384/2650/files/CORE_CHAMPS_EAA_-_TROPICAL_FRUIT_870x1131_db0cab58-d535-40c3-84c2-6c28d94a6f63.webp?v=1738065865,https://proteindistrictlb.com/products/core-champs-eaa
8766843322586,46755981754586,Core Champs EAA,nutrition facts / green apple,Amino acids | Eaa,Core Champs,30.00,4.00,Amino acids,34.00,+4.00,13.3%,,True,,https://cdn.shopify.com/s/files/1/0737/7384/2650/files/CORE_CHAMPS_EAA_-_TROPICAL_FRUIT_870x1131_db0cab58-d535-40c3-84c2-6c28d94a6f63.webp?v=1738065865,https://proteindistrictlb.com/products/core-champs-eaa
8766843322586,46755981787354,Core Champs EAA,nutrition facts / tropical punch,Amino acids | Eaa,Core Champs,30.00,4.00,Amino acids,34.00,+4.00,13.3%,,True,,https://cdn.shopify.com/s/files/1/0737/7384/2650/files/CORE_CHAMPS_EAA_-_TROPICAL_FRUIT_870x1131_db0cab58-d535-40c3-84c2-6c28d94a6f63.webp?v=1738065865,https://proteindistrictlb.com/products/core-champs-eaa
8766815928538,46126986690778,Mega Sport Amino Hardcore,325 pills / chocolate,Amino acid pills | Amino acids,Mega Sport,30.00,4.00,Amino acid pills,34.00,+4.00,13.3%,,True,,https://cdn.shopify.com/s/files/1/0737/7384/2650/files/185-Mega-Sport-Amino-Hardcore.jpg?v=1738058962,https://proteindistrictlb.com/products/mega-sport-amino-hardcore
8766815928538,46126986723546,Mega Sport Amino Hardcore,325 pills / banana,Amino acid pills | Amino acids,Mega Sport,30.00,4.00,Amino acid pills,34.00,+4.00,13.3%,,True,,https://cdn.shopify.com/s/files/1/0737/7384/2650/files/185-Mega-Sport-Amino-Hardcore.jpg?v=1738058962,https://proteindistrictlb.com/products/mega-sport-amino-hardcore
8766815928538,46126986756314,Mega Sport Amino Hardcore,325 pills / fruits,Amino acid pills | Amino acids,Mega Sport,30.00,4.00,Amino acid pills,34.00,+4.00,13.3%,,True,,https://cdn.shopify.com/s/files/1/0737/7384/2650/files/185-Mega-Sport-Amino-Hardcore.jpg?v=1738058962,https://proteindistrictlb.com/products/mega-sport-amino-hardcore
8766815928538,46755986505946,Mega Sport Amino Hardcore,nutrition facts / chocolate,Amino acid pills | Amino acids,Mega Sport,30.00,4.00,Amino acid pills,34.00,+4.00,13.3%,,True,,https://cdn.shopify.com/s/files/1/0737/7384/2650/files/185-Mega-Sport-Amino-Hardcore.jpg?v=1738058962,https://proteindistrictlb.com/products/mega-sport-amino-hardcore
8766815928538,46755986538714,Mega Sport Amino Hardcore,nutrition facts / banana,Amino acid pills | Amino acids,Mega Sport,30.00,4.00,Amino acid pills,34.00,+4.00,13.3%,,True,,https://cdn.shopify.com/s/files/1/0737/7384/2650/files/185-Mega-Sport-Amino-Hardcore.jpg?v=1738058962,https://proteindistrictlb.com/products/mega-sport-amino-hardcore
8766815928538,46755986571482,Mega Sport Amino Hardcore,nutrition facts / fruits,Amino acid pills | Amino acids,Mega Sport,30.00,4.00,Amino acid pills,34.00,+4.00,13.3%,,True,,https://cdn.shopify.com/s/files/1/0737/7384/2650/files/185-Mega-Sport-Amino-Hardcore.jpg?v=1738058962,https://proteindistrictlb.com/products/mega-sport-amino-hardcore
8766882316506,46127184249050,Applied Nutrition Amino Fuel,30 scoop / fruit burst,Amino acids | Eaa,Applied Nutrition,35.00,4.00,Amino acids,39.00,+4.00,11.4%,,True,,https://cdn.shopify.com/s/files/1/0737/7384/2650/files/10-Applied-Nutrition-Amino-Fuel_d0eb99d4-0100-4f04-94cd-0ff6eddb7555.jpg?v=1737548510,https://proteindistrictlb.com/products/applied-nutrition-amino-fuel
8766882316506,46127184281818,Applied Nutrition Amino Fuel,30 scoop / candy blast,Amino acids | Eaa,Applied Nutrition,35.00,4.00,Amino acids,39.00,+4.00,11.4%,,True,,https://cdn.shopify.com/s/files/1/0737/7384/2650/files/10-Applied-Nutrition-Amino-Fuel_d0eb99d4-0100-4f04-94cd-0ff6eddb7555.jpg?v=1737548510,https://proteindistrictlb.com/products/applied-nutrition-amino-fuel
8766882316506,46755977658586,Applied Nutrition Amino Fuel,nutrition facts / fruit burst,Amino acids | Eaa,Applied Nutrition,35.00,4.00,Amino acids,39.00,+4.00,11.4%,,True,,https://cdn.shopify.com/s/files/1/0737/7384/2650/files/10-Applied-Nutrition-Amino-Fuel_d0eb99d4-0100-4f04-94cd-0ff6eddb7555.jpg?v=1737548510,https://proteindistrictlb.com/products/applied-nutrition-amino-fuel
8766882316506,46755977691354,Applied Nutrition Amino Fuel,nutrition facts / candy blast,Amino acids | Eaa,Applied Nutrition,35.00,4.00,Amino acids,39.00,+4.00,11.4%,,True,,https://cdn.shopify.com/s/files/1/0737/7384/2650/files/10-Applied-Nutrition-Amino-Fuel_d0eb99d4-0100-4f04-94cd-0ff6eddb7555.jpg?v=1737548510,https://proteindistrictlb.com/products/applied-nutrition-amino-fuel
8766854889690,46127111438554,Bpi Best Bcaa,30 scoop / fruit punch,Amino acids | Bcaa,Bpi Best,25.00,4.00,Amino acids,29.00,+4.00,16.0%,,True,,https://cdn.shopify.com/s/files/1/0737/7384/2650/files/134-Bpi-Best-Bcaa.jpg?v=1738000941,https://proteindistrictlb.com/products/bpi-best-bcaa
8766854889690,46755978051802,Bpi Best Bcaa,nutrition facts / fruit punch,Amino acids | Bcaa,Bpi Best,25.00,4.00,Amino acids,29.00,+4.00,16.0%,,True,,https://cdn.shopify.com/s/files/1/0737/7384/2650/files/134-Bpi-Best-Bcaa.jpg?v=1738000941,https://proteindistrictlb.com/products/bpi-best-bcaa
8766888247514,46127197061338,Scivation Xtend EAA,40 scoops / lemon lime,Amino acids | Eaa,Scivation Xtend,40.00,4.00,Amino acids,44.00,+4.00,10.0%,,True,,https://cdn.shopify.com/s/files/1/0737/7384/2650/files/LEMNLIME.webp?v=1737125207,https://proteindistrictlb.com/products/xtend-eaa
8766888247514,46127197094106,Scivation Xtend EAA,40 scoops / blood orange,Amino acids | Eaa,Scivation Xtend,40.00,4.00,Amino acids,44.00,+4.00,10.0%,,True,,https://cdn.shopify.com/s/files/1/0737/7384/2650/files/LEMNLIME.webp?v=1737125207,https://proteindistrictlb.com/products/xtend-eaa
8766888247514,46127197126874,Scivation Xtend EAA,40 scoops / mango,Amino acids | Eaa,Scivation Xtend,40.00,4.00,Amino acids,44.00,+4.00,10.0%,,True,,https://cdn.shopify.com/s/files/1/0737/7384/2650/files/LEMNLIME.webp?v=1737125207,https://proteindistrictlb.com/products/xtend-eaa
8766888247514,46755974414554,Scivation Xtend EAA,nutrition facts / lemon lime,Amino acids | Eaa,Scivation Xtend,40.00,4.00,Amino acids,44.00,+4.00,10.0%,,True,,https://cdn.shopify.com/s/files/1/0737/7384/2650/files/LEMNLIME.webp?v=1737125207,https://proteindistrictlb.com/products/xtend-eaa
8766888247514,46755974447322,Scivation Xtend EAA,nutrition facts / blood orange,Amino acids | Eaa,Scivation Xtend,40.00,4.00,Amino acids,44.00,+4.00,10.0%,,True,,https://cdn.shopify.com/s/files/1/0737/7384/2650/files/LEMNLIME.webp?v=1737125207,https://proteindistrictlb.com/products/xtend-eaa
8766888247514,46755974480090,Scivation Xtend EAA,nutrition facts / mango,Amino acids | Eaa,Scivation Xtend,40.00,4.00,Amino acids,44.00,+4.00,10.0%,,True,,https://cdn.shopify.com/s/files/1/0737/7384/2650/files/LEMNLIME.webp?v=1737125207,https://proteindistrictlb.com/products/xtend-eaa
8766885069018,46127190835418,Biotech Usa EAA Zero,25 scoops / lemon,Amino acids | Eaa,BioTechUSA,40.00,4.00,Amino acids,44.00,+4.00,10.0%,,True,,https://cdn.shopify.com/s/files/1/0737/7384/2650/files/19-Biotech-Usa-EAA-Zero.jpg?v=1737543721,https://proteindistrictlb.com/products/biotech-usa-eaa-zero
8766885069018,46755977265370,Biotech Usa EAA Zero,nutrition facts / lemon,Amino acids | Eaa,BioTechUSA,40.00,4.00,Amino acids,44.00,+4.00,10.0%,,True,,https://cdn.shopify.com/s/files/1/0737/7384/2650/files/19-Biotech-Usa-EAA-Zero.jpg?v=1737543721,https://proteindistrictlb.com/products/biotech-usa-eaa-zero
8766898831578,46127218131162,Optimum Nutrition Amino 2222,160 tablets,Amino acid pills | Amino acids,Optimum Nutrition,35.00,4.00,Amino acid pills,39.00,+4.00,11.4%,,True,,https://cdn.shopify.com/s/files/1/0737/7384/2650/files/optimum-nutrition-amino-2222-the-supplements-factory-1.webp?v=1741263799,https://proteindistrictlb.com/products/optimum-nutrition-amino-2222
8766898831578,46753351729370,Optimum Nutrition Amino 2222,nutrition facts,Amino acid pills | Amino acids,Optimum Nutrition,35.00,4.00,Amino acid pills,39.00,+4.00,11.4%,,True,,https://cdn.shopify.com/s/files/1/0737/7384/2650/files/optimum-nutrition-amino-2222-the-supplements-factory-1.webp?v=1741263799,https://proteindistrictlb.com/products/optimum-nutrition-amino-2222
8766909120730,46127234875610,Scivation Xtend BCAA,30 scoops / strawberry kiwi,Amino acids | Bcaa,Scivation Xtend,35.00,4.00,Amino acids,39.00,+4.00,11.4%,,True,,https://cdn.shopify.com/s/files/1/0737/7384/2650/files/94-Scivation-Xtend-BCAA-4.jpg?v=1738051338,https://proteindistrictlb.com/products/xtend-bcaa
8766909120730,46127234908378,Scivation Xtend BCAA,30 scoops / mango,Amino acids | Bcaa,Scivation Xtend,35.00,4.00,Amino acids,39.00,+4.00,11.4%,,True,,https://cdn.shopify.com/s/files/1/0737/7384/2650/files/94-Scivation-Xtend-BCAA-4.jpg?v=1738051338,https://proteindistrictlb.com/products/xtend-bcaa
8766909120730,46127234941146,Scivation Xtend BCAA,30 scoops / blue raspberry ice,Amino acids | Bcaa,Scivation Xtend,35.00,4.00,Amino acids,39.00,+4.00,11.4%,,True,,https://cdn.shopify.com/s/files/1/0737/7384/2650/files/94-Scivation-Xtend-BCAA-4.jpg?v=1738051338,https://proteindistrictlb.com/products/xtend-bcaa
8766909120730,46127234973914,Scivation Xtend BCAA,30 scoops / watermelon,Amino acids | Bcaa,Scivation Xtend,35.00,4.00,Amino acids,39.00,+4.00,11.4%,,True,,https://cdn.shopify.com/s/files/1/0737/7384/2650/files/94-Scivation-Xtend-BCAA-4.jpg?v=1738051338,https://proteindistrictlb.com/products/xtend-bcaa
8766909120730,46753334624474,Scivation Xtend BCAA,nutrition facts / strawberry kiwi,Amino acids | Bcaa,Scivation Xtend,35.00,4.00,Amino acids,39.00,+4.00,11.4%,,True,,https://cdn.shopify.com/s/files/1/0737/7384/2650/files/94-Scivation-Xtend-BCAA-4.jpg?v=1738051338,https://proteindistrictlb.com/products/xtend-bcaa
8766909120730,46753334657242,Scivation Xtend BCAA,nutrition facts / mango,Amino acids | Bcaa,Scivation Xtend,35.00,4.00,Amino acids,39.00,+4.00,11.4%,,True,,https://cdn.shopify.com/s/files/1/0737/7384/2650/files/94-Scivation-Xtend-BCAA-4.jpg?v=1738051338,https://proteindistrictlb.com/products/xtend-bcaa
8766909120730,46753334690010,Scivation Xtend BCAA,nutrition facts / blue raspberry ice,Amino acids | Bcaa,Scivation Xtend,35.00,4.00,Amino acids,39.00,+4.00,11.4%,,True,,https://cdn.shopify.com/s/files/1/0737/7384/2650/files/94-Scivation-Xtend-BCAA-4.jpg?v=1738051338,https://proteindistrictlb.com/products/xtend-bcaa
8766909120730,46753334722778,Scivation Xtend BCAA,nutrition facts / watermelon,Amino acids | Bcaa,Scivation Xtend,35.00,4.00,Amino acids,39.00,+4.00,11.4%,,True,,https://cdn.shopify.com/s/files/1/0737/7384/2650/files/94-Scivation-Xtend-BCAA-4.jpg?v=1738051338,https://proteindistrictlb.com/products/xtend-bcaa
8766905647322,46127229731034,Applied Nutrition BCAA,30 scoops / watermelon,Amino acids | Bcaa,Applied Nutrition,30.00,4.00,Amino acids,34.00,+4.00,13.3%,,True,,https://cdn.shopify.com/s/files/1/0737/7384/2650/files/109-Applied-Nutrition-BCAA--2.jpg?v=1737990796,https://proteindistrictlb.com/products/applied-nutrition-bcaa
8766905647322,46127229763802,Applied Nutrition BCAA,30 scoops / icy blue raz,Amino acids | Bcaa,Applied Nutrition,30.00,4.00,Amino acids,34.00,+4.00,13.3%,,True,,https://cdn.shopify.com/s/files/1/0737/7384/2650/files/109-Applied-Nutrition-BCAA--2.jpg?v=1737990796,https://proteindistrictlb.com/products/applied-nutrition-bcaa
8766905647322,46753336000730,Applied Nutrition BCAA,nutrition facts / watermelon,Amino acids | Bcaa,Applied Nutrition,30.00,4.00,Amino acids,34.00,+4.00,13.3%,,True,,https://cdn.shopify.com/s/files/1/0737/7384/2650/files/109-Applied-Nutrition-BCAA--2.jpg?v=1737990796,https://proteindistrictlb.com/products/applied-nutrition-bcaa
8766905647322,46753336033498,Applied Nutrition BCAA,nutrition facts / icy blue raz,Amino acids | Bcaa,Applied Nutrition,30.00,4.00,Amino acids,34.00,+4.00,13.3%,,True,,https://cdn.shopify.com/s/files/1/0737/7384/2650/files/109-Applied-Nutrition-BCAA--2.jpg?v=1737990796,https://proteindistrictlb.com/products/applied-nutrition-bcaa
8767591317722,46129625858266,Biotech Usa HMB,150 capsules / 600 mg,Amino acids | Hmb,BioTechUSA,35.00,4.00,Amino acids,39.00,+4.00,11.4%,,True,,https://cdn.shopify.com/s/files/1/0737/7384/2650/files/124-BiotechUsaHMB.jpg?v=1737996392,https://proteindistrictlb.com/products/biotech-usa-hmb
8767591317722,46753383940314,Biotech Usa HMB,nutrition facts / 600 mg,Amino acids | Hmb,BioTechUSA,35.00,4.00,Amino acids,39.00,+4.00,11.4%,,True,,https://cdn.shopify.com/s/files/1/0737/7384/2650/files/124-BiotechUsaHMB.jpg?v=1737996392,https://proteindistrictlb.com/products/biotech-usa-hmb
8767590105306,46129622188250,Bsn Amino X,30 scoops / fruit punch,Amino Acid Complex Powder | Amino acids,BSN,30.00,4.00,Amino Acid Complex Powder,34.00,+4.00,13.3%,,True,,https://cdn.shopify.com/s/files/1/0737/7384/2650/files/3_88f63d59-b215-431b-82a4-a34f1e1c7aa6.jpg?v=1742490806,https://proteindistrictlb.com/products/bsn-amino-x
8767590105306,46753385119962,Bsn Amino X,nutrition facts / fruit punch,Amino Acid Complex Powder | Amino acids,BSN,30.00,4.00,Amino Acid Complex Powder,34.00,+4.00,13.3%,,True,,https://cdn.shopify.com/s/files/1/0737/7384/2650/files/3_88f63d59-b215-431b-82a4-a34f1e1c7aa6.jpg?v=1742490806,https://proteindistrictlb.com/products/bsn-amino-x
8767598395610,46129664196826,All Max Arginine HCL,400g / 5g,Arginine,AllMax Nutrition,35.00,4.00,Arginine,39.00,+4.00,11.4%,,True,,https://cdn.shopify.com/s/files/1/0737/7384/2650/files/5-All-Max-Arginine-HCL.jpg?v=1737540399,https://proteindistrictlb.com/products/all-max-arginine-hcl
8767598395610,46753317060826,All Max Arginine HCL,nutrition facts / 5g,Arginine,AllMax Nutrition,35.00,4.00,Arginine,39.00,+4.00,11.4%,,True,,https://cdn.shopify.com/s/files/1/0737/7384/2650/files/5-All-Max-Arginine-HCL.jpg?v=1737540399,https://proteindistrictlb.com/products/all-max-arginine-hcl
8767597183194,46129661706458,Core Champs RDX,30 scoops / blue raspberry,Pre Workout Stim | Pre workouts,Core Champs,30.00,5.00,Pre Workout Stim,35.00,+5.00,16.7%,,True,,https://cdn.shopify.com/s/files/1/0737/7384/2650/files/CORE_CHAMPS_PRE-WORKOUT_-_BLUE_RASPBERRY_870x1131_036ee310-dc97-4d81-9868-9808bb1d094c.webp?v=1738068562,https://proteindistrictlb.com/products/core-champs-rdx
8767597183194,46129661739226,Core Champs RDX,30 scoops / mango,Pre Workout Stim | Pre workouts,Core Champs,30.00,5.00,Pre Workout Stim,35.00,+5.00,16.7%,,True,,https://cdn.shopify.com/s/files/1/0737/7384/2650/files/CORE_CHAMPS_PRE-WORKOUT_-_BLUE_RASPBERRY_870x1131_036ee310-dc97-4d81-9868-9808bb1d094c.webp?v=1738068562,https://proteindistrictlb.com/products/core-champs-rdx
8767597183194,46129661771994,Core Champs RDX,30 scoops / green apple,Pre Workout Stim | Pre workouts,Core Champs,30.00,5.00,Pre Workout Stim,35.00,+5.00,16.7%,,True,,https://cdn.shopify.com/s/files/1/0737/7384/2650/files/CORE_CHAMPS_PRE-WORKOUT_-_BLUE_RASPBERRY_870x1131_036ee310-dc97-4d81-9868-9808bb1d094c.webp?v=1738068562,https://proteindistrictlb.com/products/core-champs-rdx
8767597183194,46129661804762,Core Champs RDX,30 scoops / fruit punch,Pre Workout Stim | Pre workouts,Core Champs,30.00,5.00,Pre Workout Stim,35.00,+5.00,16.7%,,True,,https://cdn.shopify.com/s/files/1/0737/7384/2650/files/CORE_CHAMPS_PRE-WORKOUT_-_BLUE_RASPBERRY_870x1131_036ee310-dc97-4d81-9868-9808bb1d094c.webp?v=1738068562,https://proteindistrictlb.com/products/core-champs-rdx
8767597183194,46129661837530,Core Champs RDX,30 scoops / orange,Pre Workout Stim | Pre workouts,Core Champs,30.00,5.00,Pre Workout Stim,35.00,+5.00,16.7%,,True,,https://cdn.shopify.com/s/files/1/0737/7384/2650/files/CORE_CHAMPS_PRE-WORKOUT_-_BLUE_RASPBERRY_870x1131_036ee310-dc97-4d81-9868-9808bb1d094c.webp?v=1738068562,https://proteindistrictlb.com/products/core-champs-rdx
8767597183194,46129661870298,Core Champs RDX,30 scoops / lemon lime,Pre Workout Stim | Pre workouts,Core Champs,30.00,5.00,Pre Workout Stim,35.00,+5.00,16.7%,,True,,https://cdn.shopify.com/s/files/1/0737/7384/2650/files/CORE_CHAMPS_PRE-WORKOUT_-_BLUE_RASPBERRY_870x1131_036ee310-dc97-4d81-9868-9808bb1d094c.webp?v=1738068562,https://proteindistrictlb.com/products/core-champs-rdx
8767597183194,46129661903066,Core Champs RDX,30 scoops / kiwi lemon,Pre Workout Stim | Pre workouts,Core Champs,30.00,5.00,Pre Workout Stim,35.00,+5.00,16.7%,,True,,https://cdn.shopify.com/s/files/1/0737/7384/2650/files/CORE_CHAMPS_PRE-WORKOUT_-_BLUE_RASPBERRY_870x1131_036ee310-dc97-4d81-9868-9808bb1d094c.webp?v=1738068562,https://proteindistrictlb.com/products/core-champs-rdx
8767597183194,46129661935834,Core Champs RDX,30 scoops / watermelon,Pre Workout Stim | Pre workouts,Core Champs,30.00,5.00,Pre Workout Stim,35.00,+5.00,16.7%,,True,,https://cdn.shopify.com/s/files/1/0737/7384/2650/files/CORE_CHAMPS_PRE-WORKOUT_-_BLUE_RASPBERRY_870x1131_036ee310-dc97-4d81-9868-9808bb1d094c.webp?v=1738068562,https://proteindistrictlb.com/products/core-champs-rdx
8767597183194,46753319551194,Core Champs RDX,nutrition facts / blue raspberry,Pre Workout Stim | Pre workouts,Core Champs,30.00,5.00,Pre Workout Stim,35.00,+5.00,16.7%,,True,,https://cdn.shopify.com/s/files/1/0737/7384/2650/files/CORE_CHAMPS_PRE-WORKOUT_-_BLUE_RASPBERRY_870x1131_036ee310-dc97-4d81-9868-9808bb1d094c.webp?v=1738068562,https://proteindistrictlb.com/products/core-champs-rdx
8767597183194,46753319583962,Core Champs RDX,nutrition facts / mango,Pre Workout Stim | Pre workouts,Core Champs,30.00,5.00,Pre Workout Stim,35.00,+5.00,16.7%,,True,,https://cdn.shopify.com/s/files/1/0737/7384/2650/files/CORE_CHAMPS_PRE-WORKOUT_-_BLUE_RASPBERRY_870x1131_036ee310-dc97-4d81-9868-9808bb1d094c.webp?v=1738068562,https://proteindistrictlb.com/products/core-champs-rdx
8767597183194,46753319616730,Core Champs RDX,nutrition facts / green apple,Pre Workout Stim | Pre workouts,Core Champs,30.00,5.00,Pre Workout Stim,35.00,+5.00,16.7%,,True,,https://cdn.shopify.com/s/files/1/0737/7384/2650/files/CORE_CHAMPS_PRE-WORKOUT_-_BLUE_RASPBERRY_870x1131_036ee310-dc97-4d81-9868-9808bb1d094c.webp?v=1738068562,https://proteindistrictlb.com/products/core-champs-rdx
8767597183194,46753319649498,Core Champs RDX,nutrition facts / fruit punch,Pre Workout Stim | Pre workouts,Core Champs,30.00,5.00,Pre Workout Stim,35.00,+5.00,16.7%,,True,,https://cdn.shopify.com/s/files/1/0737/7384/2650/files/CORE_CHAMPS_PRE-WORKOUT_-_BLUE_RASPBERRY_870x1131_036ee310-dc97-4d81-9868-9808bb1d094c.webp?v=1738068562,https://proteindistrictlb.com/products/core-champs-rdx
8767597183194,46753319682266,Core Champs RDX,nutrition facts / orange,Pre Workout Stim | Pre workouts,Core Champs,30.00,5.00,Pre Workout Stim,35.00,+5.00,16.7%,,True,,https://cdn.shopify.com/s/files/1/0737/7384/2650/files/CORE_CHAMPS_PRE-WORKOUT_-_BLUE_RASPBERRY_870x1131_036ee310-dc97-4d81-9868-9808bb1d094c.webp?v=1738068562,https://proteindistrictlb.com/products/core-champs-rdx
8767597183194,46753319715034,Core Champs RDX,nutrition facts / lemon lime,Pre Workout Stim | Pre workouts,Core Champs,30.00,5.00,Pre Workout Stim,35.00,+5.00,16.7%,,True,,https://cdn.shopify.com/s/files/1/0737/7384/2650/files/CORE_CHAMPS_PRE-WORKOUT_-_BLUE_RASPBERRY_870x1131_036ee310-dc97-4d81-9868-9808bb1d094c.webp?v=1738068562,https://proteindistrictlb.com/products/core-champs-rdx
8767597183194,46753319747802,Core Champs RDX,nutrition facts / kiwi lemon,Pre Workout Stim | Pre workouts,Core Champs,30.00,5.00,Pre Workout Stim,35.00,+5.00,16.7%,,True,,https://cdn.shopify.com/s/files/1/0737/7384/2650/files/CORE_CHAMPS_PRE-WORKOUT_-_BLUE_RASPBERRY_870x1131_036ee310-dc97-4d81-9868-9808bb1d094c.webp?v=1738068562,https://proteindistrictlb.com/products/core-champs-rdx
8767597183194,46753319780570,Core Champs RDX,nutrition facts / watermelon,Pre Workout Stim | Pre workouts,Core Champs,30.00,5.00,Pre Workout Stim,35.00,+5.00,16.7%,,True,,https://cdn.shopify.com/s/files/1/0737/7384/2650/files/CORE_CHAMPS_PRE-WORKOUT_-_BLUE_RASPBERRY_870x1131_036ee310-dc97-4d81-9868-9808bb1d094c.webp?v=1738068562,https://proteindistrictlb.com/products/core-champs-rdx
8767593971930,46129635557594,Nutritech Amino Boost,30 scoops / tropical rain,Amino Acid Complex Powder | Amino acids,Nutritech,21.00,4.00,Amino Acid Complex Powder,25.00,+4.00,19.0%,,True,,https://cdn.shopify.com/s/files/1/0737/7384/2650/files/100-Nutritech-Amino-Boost.jpg?v=1737646725,https://proteindistrictlb.com/products/nutritech-amino-boost
8767593971930,46753382826202,Nutritech Amino Boost,nutrition facts / tropical rain,Amino Acid Complex Powder | Amino acids,Nutritech,21.00,4.00,Amino Acid Complex Powder,25.00,+4.00,19.0%,,True,,https://cdn.shopify.com/s/files/1/0737/7384/2650/files/100-Nutritech-Amino-Boost.jpg?v=1737646725,https://proteindistrictlb.com/products/nutritech-amino-boost
8767603278042,46129687625946,Bsn Nitrix 2.0,90 tablets,Nitric Oxide,BSN,50.00,4.00,Nitric Oxide,54.00,+4.00,8.0%,,True,,https://cdn.shopify.com/s/files/1/0737/7384/2650/files/137-Bsn-Nitrix-2.0.jpg?v=1738014098,https://proteindistrictlb.com/products/bsn-nitrix-2-0
8767603278042,46753313194202,Bsn Nitrix 2.0,nutrition facts,Nitric Oxide,BSN,50.00,4.00,Nitric Oxide,54.00,+4.00,8.0%,,True,,https://cdn.shopify.com/s/files/1/0737/7384/2650/files/137-Bsn-Nitrix-2.0.jpg?v=1738014098,https://proteindistrictlb.com/products/bsn-nitrix-2-0
8767602688218,46129685233882,Redcone 1 Total War,30 scoops / vice city,Pre Workout Stim | Pre workouts,Redcone 1,35.00,5.00,Pre Workout Stim,40.00,+5.00,14.3%,,True,,https://cdn.shopify.com/s/files/1/0737/7384/2650/files/95-Redcone-1-Total-War.jpg?v=1738052413,https://proteindistrictlb.com/products/redcone-1-total-war
8767602688218,46129685266650,Redcone 1 Total War,30 scoops / tigers blood,Pre Workout Stim | Pre workouts,Redcone 1,35.00,5.00,Pre Workout Stim,40.00,+5.00,14.3%,,True,,https://cdn.shopify.com/s/files/1/0737/7384/2650/files/95-Redcone-1-Total-War.jpg?v=1738052413,https://proteindistrictlb.com/products/redcone-1-total-war
8767602688218,46129685299418,Redcone 1 Total War,30 scoops / strawberry mango,Pre Workout Stim | Pre workouts,Redcone 1,35.00,5.00,Pre Workout Stim,40.00,+5.00,14.3%,,True,,https://cdn.shopify.com/s/files/1/0737/7384/2650/files/95-Redcone-1-Total-War.jpg?v=1738052413,https://proteindistrictlb.com/products/redcone-1-total-war
8767602688218,46129685332186,Redcone 1 Total War,30 scoops / green apple,Pre Workout Stim | Pre workouts,Redcone 1,35.00,5.00,Pre Workout Stim,40.00,+5.00,14.3%,,True,,https://cdn.shopify.com/s/files/1/0737/7384/2650/files/95-Redcone-1-Total-War.jpg?v=1738052413,https://proteindistrictlb.com/products/redcone-1-total-war
8767602688218,46129685364954,Redcone 1 Total War,30 scoops / sour gummy bear,Pre Workout Stim | Pre workouts,Redcone 1,35.00,5.00,Pre Workout Stim,40.00,+5.00,14.3%,,True,,https://cdn.shopify.com/s/files/1/0737/7384/2650/files/95-Redcone-1-Total-War.jpg?v=1738052413,https://proteindistrictlb.com/products/redcone-1-total-war
8767602688218,46129685397722,Redcone 1 Total War,30 scoops / rainbow candy,Pre Workout Stim | Pre workouts,Redcone 1,35.00,5.00,Pre Workout Stim,40.00,+5.00,14.3%,,True,,https://cdn.shopify.com/s/files/1/0737/7384/2650/files/95-Redcone-1-Total-War.jpg?v=1738052413,https://proteindistrictlb.com/products/redcone-1-total-war
8767602688218,46129685430490,Redcone 1 Total War,30 scoops / orange crush,Pre Workout Stim | Pre workouts,Redcone 1,35.00,5.00,Pre Workout Stim,40.00,+5.00,14.3%,,True,,https://cdn.shopify.com/s/files/1/0737/7384/2650/files/95-Redcone-1-Total-War.jpg?v=1738052413,https://proteindistrictlb.com/products/redcone-1-total-war
8767602688218,46129685463258,Redcone 1 Total War,30 scoops / watermelon,Pre Workout Stim | Pre workouts,Redcone 1,35.00,5.00,Pre Workout Stim,40.00,+5.00,14.3%,,True,,https://cdn.shopify.com/s/files/1/0737/7384/2650/files/95-Redcone-1-Total-War.jpg?v=1738052413,https://proteindistrictlb.com/products/redcone-1-total-war
8767602688218,46129685496026,Redcone 1 Total War,30 scoops / strawberry kiwi,Pre Workout Stim | Pre workouts,Redcone 1,35.00,5.00,Pre Workout Stim,40.00,+5.00,14.3%,,True,,https://cdn.shopify.com/s/files/1/0737/7384/2650/files/95-Redcone-1-Total-War.jpg?v=1738052413,https://proteindistrictlb.com/products/redcone-1-total-war
8767602688218,46129685528794,Redcone 1 Total War,30 scoops / blue lemonade,Pre Workout Stim | Pre workouts,Redcone 1,35.00,5.00,Pre Workout Stim,40.00,+5.00,14.3%,,True,,https://cdn.shopify.com/s/files/1/0737/7384/2650/files/95-Redcone-1-Total-War.jpg?v=1738052413,https://proteindistrictlb.com/products/redcone-1-total-war
8767602688218,46753315160282,Redcone 1 Total War,nutrition facts / vice city,Pre Workout Stim | Pre workouts,Redcone 1,35.00,5.00,Pre Workout Stim,40.00,+5.00,14.3%,,True,,https://cdn.shopify.com/s/files/1/0737/7384/2650/files/95-Redcone-1-Total-War.jpg?v=1738052413,https://proteindistrictlb.com/products/redcone-1-total-war
8767602688218,46753315193050,Redcone 1 Total War,nutrition facts / tigers blood,Pre Workout Stim | Pre workouts,Redcone 1,35.00,5.00,Pre Workout Stim,40.00,+5.00,14.3%,,True,,https://cdn.shopify.com/s/files/1/0737/7384/2650/files/95-Redcone-1-Total-War.jpg?v=1738052413,https://proteindistrictlb.com/products/redcone-1-total-war
8767602688218,46753315225818,Redcone 1 Total War,nutrition facts / strawberry mango,Pre Workout Stim | Pre workouts,Redcone 1,35.00,5.00,Pre Workout Stim,40.00,+5.00,14.3%,,True,,https://cdn.shopify.com/s/files/1/0737/7384/2650/files/95-Redcone-1-Total-War.jpg?v=1738052413,https://proteindistrictlb.com/products/redcone-1-total-war
8767602688218,46753315258586,Redcone 1 Total War,nutrition facts / green apple,Pre Workout Stim | Pre workouts,Redcone 1,35.00,5.00,Pre Workout Stim,40.00,+5.00,14.3%,,True,,https://cdn.shopify.com/s/files/1/0737/7384/2650/files/95-Redcone-1-Total-War.jpg?v=1738052413,https://proteindistrictlb.com/products/redcone-1-total-war
8767602688218,46753315291354,Redcone 1 Total War,nutrition facts / sour gummy bear,Pre Workout Stim | Pre workouts,Redcone 1,35.00,5.00,Pre Workout Stim,40.00,+5.00,14.3%,,True,,https://cdn.shopify.com/s/files/1/0737/7384/2650/files/95-Redcone-1-Total-War.jpg?v=1738052413,https://proteindistrictlb.com/products/redcone-1-total-war
8767602688218,46753315324122,Redcone 1 Total War,nutrition facts / rainbow candy,Pre Workout Stim | Pre workouts,Redcone 1,35.00,5.00,Pre Workout Stim,40.00,+5.00,14.3%,,True,,https://cdn.shopify.com/s/files/1/0737/7384/2650/files/95-Redcone-1-Total-War.jpg?v=1738052413,https://proteindistrictlb.com/products/redcone-1-total-war
8767602688218,46753315356890,Redcone 1 Total War,nutrition facts / orange crush,Pre Workout Stim | Pre workouts,Redcone 1,35.00,5.00,Pre Workout Stim,40.00,+5.00,14.3%,,True,,https://cdn.shopify.com/s/files/1/0737/7384/2650/files/95-Redcone-1-Total-War.jpg?v=1738052413,https://proteindistrictlb.com/products/redcone-1-total-war
8767602688218,46753315389658,Redcone 1 Total War,nutrition facts / watermelon,Pre Workout Stim | Pre workouts,Redcone 1,35.00,5.00,Pre Workout Stim,40.00,+5.00,14.3%,,True,,https://cdn.shopify.com/s/files/1/0737/7384/2650/files/95-Redcone-1-Total-War.jpg?v=1738052413,https://proteindistrictlb.com/products/redcone-1-total-war
8767602688218,46753315422426,Redcone 1 Total War,nutrition facts / strawberry kiwi,Pre Workout Stim | Pre workouts,Redcone 1,35.00,5.00,Pre Workout Stim,40.00,+5.00,14.3%,,True,,https://cdn.shopify.com/s/files/1/0737/7384/2650/files/95-Redcone-1-Total-War.jpg?v=1738052413,https://proteindistrictlb.com/products/redcone-1-total-war
8767602688218,46753315455194,Redcone 1 Total War,nutrition facts / blue lemonade,Pre Workout Stim | Pre workouts,Redcone 1,35.00,5.00,Pre Workout Stim,40.00,+5.00,14.3%,,True,,https://cdn.shopify.com/s/files/1/0737/7384/2650/files/95-Redcone-1-Total-War.jpg?v=1738052413,https://proteindistrictlb.com/products/redcone-1-total-war
8767608750298,46129701126362,Zoomad Labs Moons Truck Zero,30 scoops / candy coke,Pre Workout non-stim | Pre workouts,Zoomad Labs,35.00,5.00,Pre Workout non-stim,40.00,+5.00,14.3%,,True,,https://cdn.shopify.com/s/files/1/0737/7384/2650/files/52-Zoomad-Labs-Moons-Truck-Zero-3.jpg?v=1738050957,https://proteindistrictlb.com/products/zoomad-labs-moons-truck-zero
8767608750298,46129701159130,Zoomad Labs Moons Truck Zero,30 scoops / devil cherry,Pre Workout non-stim | Pre workouts,Zoomad Labs,35.00,5.00,Pre Workout non-stim,40.00,+5.00,14.3%,,True,,https://cdn.shopify.com/s/files/1/0737/7384/2650/files/52-Zoomad-Labs-Moons-Truck-Zero-3.jpg?v=1738050957,https://proteindistrictlb.com/products/zoomad-labs-moons-truck-zero
8767608750298,46129701191898,Zoomad Labs Moons Truck Zero,30 scoops / fruit fight,Pre Workout non-stim | Pre workouts,Zoomad Labs,35.00,5.00,Pre Workout non-stim,40.00,+5.00,14.3%,,True,,https://cdn.shopify.com/s/files/1/0737/7384/2650/files/52-Zoomad-Labs-Moons-Truck-Zero-3.jpg?v=1738050957,https://proteindistrictlb.com/products/zoomad-labs-moons-truck-zero
8767608750298,46753309589722,Zoomad Labs Moons Truck Zero,nutrition facts / candy coke,Pre Workout non-stim | Pre workouts,Zoomad Labs,35.00,5.00,Pre Workout non-stim,40.00,+5.00,14.3%,,True,,https://cdn.shopify.com/s/files/1/0737/7384/2650/files/52-Zoomad-Labs-Moons-Truck-Zero-3.jpg?v=1738050957,https://proteindistrictlb.com/products/zoomad-labs-moons-truck-zero
8767608750298,46753309622490,Zoomad Labs Moons Truck Zero,nutrition facts / devil cherry,Pre Workout non-stim | Pre workouts,Zoomad Labs,35.00,5.00,Pre Workout non-stim,40.00,+5.00,14.3%,,True,,https://cdn.shopify.com/s/files/1/0737/7384/2650/files/52-Zoomad-Labs-Moons-Truck-Zero-3.jpg?v=1738050957,https://proteindistrictlb.com/products/zoomad-labs-moons-truck-zero
8767608750298,46753309655258,Zoomad Labs Moons Truck Zero,nutrition facts / fruit fight,Pre Workout non-stim | Pre workouts,Zoomad Labs,35.00,5.00,Pre Workout non-stim,40.00,+5.00,14.3%,,True,,https://cdn.shopify.com/s/files/1/0737/7384/2650/files/52-Zoomad-Labs-Moons-Truck-Zero-3.jpg?v=1738050957,https://proteindistrictlb.com/products/zoomad-labs-moons-truck-zero
8767653806298,46129787404506,Zoomad Labs Moonstruck,Product / 30 scoops / sandia loca,Pre Workout Stim | Pre workouts,Zoomad Labs,35.00,5.00,Pre Workout Stim,40.00,+5.00,14.3%,,True,,https://cdn.shopify.com/s/files/1/0737/7384/2650/files/51-Zoomad-Labs-Moonstruck-2.jpg?v=1738050845,https://proteindistrictlb.com/products/zoomad-labs-moonstruck
8767653806298,46129787437274,Zoomad Labs Moonstruck,Product / 30 scoops / candy coke,Pre Workout Stim | Pre workouts,Zoomad Labs,35.00,5.00,Pre Workout Stim,40.00,+5.00,14.3%,,True,,https://cdn.shopify.com/s/files/1/0737/7384/2650/files/51-Zoomad-Labs-Moonstruck-2.jpg?v=1738050845,https://proteindistrictlb.com/products/zoomad-labs-moonstruck
8767653806298,46129787470042,Zoomad Labs Moonstruck,Product / 30 scoops / fruit fight,Pre Workout Stim | Pre workouts,Zoomad Labs,35.00,5.00,Pre Workout Stim,40.00,+5.00,14.3%,,True,,https://cdn.shopify.com/s/files/1/0737/7384/2650/files/51-Zoomad-Labs-Moonstruck-2.jpg?v=1738050845,https://proteindistrictlb.com/products/zoomad-labs-moonstruck
8767653806298,46264784453850,Zoomad Labs Moonstruck,Nutrition Facts / 30 scoops / sandia loca,Pre Workout Stim | Pre workouts,Zoomad Labs,35.00,5.00,Pre Workout Stim,40.00,+5.00,14.3%,,True,,https://cdn.shopify.com/s/files/1/0737/7384/2650/files/51-Zoomad-Labs-Moonstruck-2.jpg?v=1738050845,https://proteindistrictlb.com/products/zoomad-labs-moonstruck
8767653806298,46264784486618,Zoomad Labs Moonstruck,Nutrition Facts / 30 scoops / candy coke,Pre Workout Stim | Pre workouts,Zoomad Labs,35.00,5.00,Pre Workout Stim,40.00,+5.00,14.3%,,True,,https://cdn.shopify.com/s/files/1/0737/7384/2650/files/51-Zoomad-Labs-Moonstruck-2.jpg?v=1738050845,https://proteindistrictlb.com/products/zoomad-labs-moonstruck
8767653806298,46264784519386,Zoomad Labs Moonstruck,Nutrition Facts / 30 scoops / fruit fight,Pre Workout Stim | Pre workouts,Zoomad Labs,35.00,5.00,Pre Workout Stim,40.00,+5.00,14.3%,,True,,https://cdn.shopify.com/s/files/1/0737/7384/2650/files/51-Zoomad-Labs-Moonstruck-2.jpg?v=1738050845,https://proteindistrictlb.com/products/zoomad-labs-moonstruck
8767611404506,46129710268634,Cellucor C4,Product / 30 scoops / fruit punch,Pre Workout Stim | Pre workouts,Cellucor C4,30.00,5.00,Pre Workout Stim,35.00,+5.00,16.7%,,True,,https://cdn.shopify.com/s/files/1/0737/7384/2650/files/140-Cellucor-C4--3.jpg?v=1738014990,https://proteindistrictlb.com/products/cellucor-c4
8767611404506,46129710301402,Cellucor C4,Product / 30 scoops / icy blue razz,Pre Workout Stim | Pre workouts,Cellucor C4,30.00,5.00,Pre Workout Stim,35.00,+5.00,16.7%,,True,,https://cdn.shopify.com/s/files/1/0737/7384/2650/files/140-Cellucor-C4--3.jpg?v=1738014990,https://proteindistrictlb.com/products/cellucor-c4
8767611404506,46129710334170,Cellucor C4,Product / 60 scoops / fruit punch,Pre Workout Stim | Pre workouts,Cellucor C4,40.00,5.00,Pre Workout Stim,45.00,+5.00,12.5%,,True,,https://cdn.shopify.com/s/files/1/0737/7384/2650/files/140-Cellucor-C4--3.jpg?v=1738014990,https://proteindistrictlb.com/products/cellucor-c4
8767611404506,46129710366938,Cellucor C4,Product / 60 scoops / icy blue razz,Pre Workout Stim | Pre workouts,Cellucor C4,40.00,5.00,Pre Workout Stim,45.00,+5.00,12.5%,,True,,https://cdn.shopify.com/s/files/1/0737/7384/2650/files/140-Cellucor-C4--3.jpg?v=1738014990,https://proteindistrictlb.com/products/cellucor-c4
8767611404506,46264783569114,Cellucor C4,Nutrition Facts / 30 scoops / fruit punch,Pre Workout Stim | Pre workouts,Cellucor C4,30.00,5.00,Pre Workout Stim,35.00,+5.00,16.7%,,True,,https://cdn.shopify.com/s/files/1/0737/7384/2650/files/140-Cellucor-C4--3.jpg?v=1738014990,https://proteindistrictlb.com/products/cellucor-c4
8767611404506,46264783601882,Cellucor C4,Nutrition Facts / 30 scoops / icy blue razz,Pre Workout Stim | Pre workouts,Cellucor C4,30.00,5.00,Pre Workout Stim,35.00,+5.00,16.7%,,True,,https://cdn.shopify.com/s/files/1/0737/7384/2650/files/140-Cellucor-C4--3.jpg?v=1738014990,https://proteindistrictlb.com/products/cellucor-c4
8767611404506,46264783634650,Cellucor C4,Nutrition Facts / 60 scoops / fruit punch,Pre Workout Stim | Pre workouts,Cellucor C4,40.00,5.00,Pre Workout Stim,45.00,+5.00,12.5%,,True,,https://cdn.shopify.com/s/files/1/0737/7384/2650/files/140-Cellucor-C4--3.jpg?v=1738014990,https://proteindistrictlb.com/products/cellucor-c4
8767611404506,46264783667418,Cellucor C4,Nutrition Facts / 60 scoops / icy blue razz,Pre Workout Stim | Pre workouts,Cellucor C4,40.00,5.00,Pre Workout Stim,45.00,+5.00,12.5%,,True,,https://cdn.shopify.com/s/files/1/0737/7384/2650/files/140-Cellucor-C4--3.jpg?v=1738014990,https://proteindistrictlb.com/products/cellucor-c4
8767610126554,46129704632538,Nutritech Vaso NO3,40 scoops / tropical rain,Pre Workout non-stim | Pre workouts,Nutritech,25.00,5.00,Pre Workout non-stim,30.00,+5.00,20.0%,,True,,https://cdn.shopify.com/s/files/1/0737/7384/2650/files/74-Nutritech-Vaso-NO3.jpg?v=1737635816,https://proteindistrictlb.com/products/nutritech-vaso-no3
8767610126554,46753300512986,Nutritech Vaso NO3,nutrition facts / tropical rain,Pre Workout non-stim | Pre workouts,Nutritech,25.00,5.00,Pre Workout non-stim,30.00,+5.00,20.0%,,True,,https://cdn.shopify.com/s/files/1/0737/7384/2650/files/74-Nutritech-Vaso-NO3.jpg?v=1737635816,https://proteindistrictlb.com/products/nutritech-vaso-no3
8767655411930,46129790353626,Redcone 1 Big Noise,Product / 30 scoops / sour gummy bear,Pre Workout non-stim | Pre workouts,Redcone 1,25.00,5.00,Pre Workout non-stim,30.00,+5.00,20.0%,,True,,https://cdn.shopify.com/s/files/1/0737/7384/2650/files/86-Redcone-1-Big-Noise.jpg?v=1737637062,https://proteindistrictlb.com/products/redcone-1-big-noise
8767655411930,46129790386394,Redcone 1 Big Noise,Product / 30 scoops / watermelon,Pre Workout non-stim | Pre workouts,Redcone 1,25.00,5.00,Pre Workout non-stim,30.00,+5.00,20.0%,,True,,https://cdn.shopify.com/s/files/1/0737/7384/2650/files/86-Redcone-1-Big-Noise.jpg?v=1737637062,https://proteindistrictlb.com/products/redcone-1-big-noise
8767655411930,46264804442330,Redcone 1 Big Noise,Nutrition Facts / 30 scoops / sour gummy bear,Pre Workout non-stim | Pre workouts,Redcone 1,25.00,5.00,Pre Workout non-stim,30.00,+5.00,20.0%,,True,,https://cdn.shopify.com/s/files/1/0737/7384/2650/files/86-Redcone-1-Big-Noise.jpg?v=1737637062,https://proteindistrictlb.com/products/redcone-1-big-noise
8767655411930,46264804475098,Redcone 1 Big Noise,Nutrition Facts / 30 scoops / watermelon,Pre Workout non-stim | Pre workouts,Redcone 1,25.00,5.00,Pre Workout non-stim,30.00,+5.00,20.0%,,True,,https://cdn.shopify.com/s/files/1/0737/7384/2650/files/86-Redcone-1-Big-Noise.jpg?v=1737637062,https://proteindistrictlb.com/products/redcone-1-big-noise
8767654527194,46129789173978,Applied Nutrition Pump 3g,Product / 50 scoops / icy blue raz,Pre Workout non-stim | Pre workouts,Applied Nutrition,30.00,5.00,Pre Workout non-stim,35.00,+5.00,16.7%,,True,,https://cdn.shopify.com/s/files/1/0737/7384/2650/files/115-Applied-Nutrition-Pump-3g.jpg?v=1737995494,https://proteindistrictlb.com/products/applied-nutrition-pump-3g
8767654527194,46129789206746,Applied Nutrition Pump 3g,Product / 50 scoops / fruit burst,Pre Workout non-stim | Pre workouts,Applied Nutrition,30.00,5.00,Pre Workout non-stim,35.00,+5.00,16.7%,,True,,https://cdn.shopify.com/s/files/1/0737/7384/2650/files/115-Applied-Nutrition-Pump-3g.jpg?v=1737995494,https://proteindistrictlb.com/products/applied-nutrition-pump-3g
8767654527194,46264785961178,Applied Nutrition Pump 3g,Nutrition Facts / 50 scoops / icy blue raz,Pre Workout non-stim | Pre workouts,Applied Nutrition,30.00,5.00,Pre Workout non-stim,35.00,+5.00,16.7%,,True,,https://cdn.shopify.com/s/files/1/0737/7384/2650/files/115-Applied-Nutrition-Pump-3g.jpg?v=1737995494,https://proteindistrictlb.com/products/applied-nutrition-pump-3g
8767654527194,46264785993946,Applied Nutrition Pump 3g,Nutrition Facts / 50 scoops / fruit burst,Pre Workout non-stim | Pre workouts,Applied Nutrition,30.00,5.00,Pre Workout non-stim,35.00,+5.00,16.7%,,True,,https://cdn.shopify.com/s/files/1/0737/7384/2650/files/115-Applied-Nutrition-Pump-3g.jpg?v=1737995494,https://proteindistrictlb.com/products/applied-nutrition-pump-3g
8768768016602,46134368501978,Biotech Usa Black Blood CAF+,Product / 40 scoops / cola,Pre Workout Stim | Pre workouts,BioTechUSA,40.00,5.00,Pre Workout Stim,45.00,+5.00,12.5%,,True,,https://cdn.shopify.com/s/files/1/0737/7384/2650/files/116-Biotech-Usa-Black-Blood-CAF.jpg?v=1737995542,https://proteindistrictlb.com/products/biotech-usa-black-blood-caf
8768768016602,46134368534746,Biotech Usa Black Blood CAF+,Product / 40 scoops / blueberry,Pre Workout Stim | Pre workouts,BioTechUSA,40.00,5.00,Pre Workout Stim,45.00,+5.00,12.5%,,True,,https://cdn.shopify.com/s/files/1/0737/7384/2650/files/116-Biotech-Usa-Black-Blood-CAF.jpg?v=1737995542,https://proteindistrictlb.com/products/biotech-usa-black-blood-caf
8768768016602,46264880070874,Biotech Usa Black Blood CAF+,Nutrition Facts / 40 scoops / cola,Pre Workout Stim | Pre workouts,BioTechUSA,40.00,5.00,Pre Workout Stim,45.00,+5.00,12.5%,,True,,https://cdn.shopify.com/s/files/1/0737/7384/2650/files/116-Biotech-Usa-Black-Blood-CAF.jpg?v=1737995542,https://proteindistrictlb.com/products/biotech-usa-black-blood-caf
8768768016602,46264880103642,Biotech Usa Black Blood CAF+,Nutrition Facts / 40 scoops / blueberry,Pre Workout Stim | Pre workouts,BioTechUSA,40.00,5.00,Pre Workout Stim,45.00,+5.00,12.5%,,True,,https://cdn.shopify.com/s/files/1/0737/7384/2650/files/116-Biotech-Usa-Black-Blood-CAF.jpg?v=1737995542,https://proteindistrictlb.com/products/biotech-usa-black-blood-caf
8768740360410,46134314598618,Biotech Usa Pump,Product / 30 scoops / tropical fruit,Pre Workout non-stim | Pre workouts,BioTechUSA,40.00,5.00,Pre Workout non-stim,45.00,+5.00,12.5%,,True,,https://cdn.shopify.com/s/files/1/0737/7384/2650/files/pump.webp?v=1737997312,https://proteindistrictlb.com/products/biotech-usa-pump
8768740360410,46264879612122,Biotech Usa Pump,Nutrition Facts / 30 scoops / tropical fruit,Pre Workout non-stim | Pre workouts,BioTechUSA,40.00,5.00,Pre Workout non-stim,45.00,+5.00,12.5%,,True,,https://cdn.shopify.com/s/files/1/0737/7384/2650/files/pump.webp?v=1737997312,https://proteindistrictlb.com/products/biotech-usa-pump
8768787677402,46134387015898,Nature Truth Melatonin,Product / 90 tablets / 5 mg,Melatonin | Vitamins,Nature Truth,30.00,5.00,Melatonin,35.00,+5.00,16.7%,,True,,https://cdn.shopify.com/s/files/1/0737/7384/2650/files/63-Nature-Truth-Melatonin_ba372af9-7f99-47b4-8876-6155ea44d307.jpg?v=1737629942,https://proteindistrictlb.com/products/nature-truth-melatonin
8768787677402,46264884068570,Nature Truth Melatonin,Nutrition Facts / 90 tablets / 5 mg,Melatonin | Vitamins,Nature Truth,30.00,5.00,Melatonin,35.00,+5.00,16.7%,,True,,https://cdn.shopify.com/s/files/1/0737/7384/2650/files/63-Nature-Truth-Melatonin_ba372af9-7f99-47b4-8876-6155ea44d307.jpg?v=1737629942,https://proteindistrictlb.com/products/nature-truth-melatonin
8768785088730,46134384328922,Quamtrax Mega L-Carnitine,Product / 120 capsules / 700 mg,Fat burners | L-Carnitine,Quamtrax Nutrition,25.00,6.00,Fat burners,31.00,+6.00,24.0%,,True,,https://cdn.shopify.com/s/files/1/0737/7384/2650/files/79-Quamtrax-Mega-L-Carnitine.jpg?v=1737636329,https://proteindistrictlb.com/products/quamtrax-mega-l-carnitine
8768785088730,46264880726234,Quamtrax Mega L-Carnitine,Nutrition Facts / 120 capsules / 700 mg,Fat burners | L-Carnitine,Quamtrax Nutrition,25.00,6.00,Fat burners,31.00,+6.00,24.0%,,True,,https://cdn.shopify.com/s/files/1/0737/7384/2650/files/79-Quamtrax-Mega-L-Carnitine.jpg?v=1737636329,https://proteindistrictlb.com/products/quamtrax-mega-l-carnitine
8768779354330,46134376136922,Biotech Usa Black Blood NOX+,Product / 34 scoops / tropical fruit,Pre Workout Stim | Pre workouts,BioTechUSA,40.00,5.00,Pre Workout Stim,45.00,+5.00,12.5%,,True,,https://cdn.shopify.com/s/files/1/0737/7384/2650/files/117-Biotech-Usa-Black-Blood-NOX.jpg?v=1737995746,https://proteindistrictlb.com/products/biotech-usa-black-blood-nox
8768779354330,46134376169690,Biotech Usa Black Blood NOX+,Product / 34 scoops / blood orange,Pre Workout Stim | Pre workouts,BioTechUSA,40.00,5.00,Pre Workout Stim,45.00,+5.00,12.5%,,True,,https://cdn.shopify.com/s/files/1/0737/7384/2650/files/117-Biotech-Usa-Black-Blood-NOX.jpg?v=1737995746,https://proteindistrictlb.com/products/biotech-usa-black-blood-nox
8768779354330,46264880496858,Biotech Usa Black Blood NOX+,Nutrition Facts / 34 scoops / tropical fruit,Pre Workout Stim | Pre workouts,BioTechUSA,40.00,5.00,Pre Workout Stim,45.00,+5.00,12.5%,,True,,https://cdn.shopify.com/s/files/1/0737/7384/2650/files/117-Biotech-Usa-Black-Blood-NOX.jpg?v=1737995746,https://proteindistrictlb.com/products/biotech-usa-black-blood-nox
8768779354330,46264880529626,Biotech Usa Black Blood NOX+,Nutrition Facts / 34 scoops / blood orange,Pre Workout Stim | Pre workouts,BioTechUSA,40.00,5.00,Pre Workout Stim,45.00,+5.00,12.5%,,True,,https://cdn.shopify.com/s/files/1/0737/7384/2650/files/117-Biotech-Usa-Black-Blood-NOX.jpg?v=1737995746,https://proteindistrictlb.com/products/biotech-usa-black-blood-nox
8768793739482,46134394159322,Vital Protein Collagen Peptides,Product / 284g / 20 g,Beauty Care | Collagen | Vitamins,Vital Protein,70.00,6.00,Beauty Care,76.00,+6.00,8.6%,,True,,https://cdn.shopify.com/s/files/1/0737/7384/2650/files/Copy_of_Untitled_Design_-_2025-08-21T183936.584_0745ada7-1ccd-4efc-b4f2-7958e5d146b9.png?v=1755790939,https://proteindistrictlb.com/products/vital-protein-collagen-peptides
8768793739482,46257938170074,Vital Protein Collagen Peptides,Nutrition Facts / 284g / 20 g,Beauty Care | Collagen | Vitamins,Vital Protein,70.00,6.00,Beauty Care,76.00,+6.00,8.6%,,True,,https://cdn.shopify.com/s/files/1/0737/7384/2650/files/Copy_of_Untitled_Design_-_2025-08-21T183936.584_0745ada7-1ccd-4efc-b4f2-7958e5d146b9.png?v=1755790939,https://proteindistrictlb.com/products/vital-protein-collagen-peptides
8775542833370,46154753114330,Born Winner Gain Protein Bar,1 box - 12 pieces / cookies and cream,Snacks,Born Winner,48.00,2.00,Snacks,50.00,+2.00,4.2%,,True,,https://cdn.shopify.com/s/files/1/0737/7384/2650/files/12-x-born-winner-gain-proteinov-bar-biskviti-sas-smetana_1440-768x768.png?v=1738070721,https://proteindistrictlb.com/products/born-winner-gain-protein-bar
8775542833370,46154753147098,Born Winner Gain Protein Bar,1 box - 12 pieces / chocolate mousse,Snacks,Born Winner,48.00,2.00,Snacks,50.00,+2.00,4.2%,,True,,https://cdn.shopify.com/s/files/1/0737/7384/2650/files/12-x-born-winner-gain-proteinov-bar-biskviti-sas-smetana_1440-768x768.png?v=1738070721,https://proteindistrictlb.com/products/born-winner-gain-protein-bar
8775542833370,46154753179866,Born Winner Gain Protein Bar,1 piece / cookies and cream,Snacks,Born Winner,3.00,2.00,Snacks,4.00,+1.00,33.3%,yes,True,,https://cdn.shopify.com/s/files/1/0737/7384/2650/files/12-x-born-winner-gain-proteinov-bar-biskviti-sas-smetana_1440-768x768.png?v=1738070721,https://proteindistrictlb.com/products/born-winner-gain-protein-bar
8775542833370,46154753212634,Born Winner Gain Protein Bar,1 piece / chocolate mousse,Snacks,Born Winner,3.00,2.00,Snacks,4.00,+1.00,33.3%,yes,True,,https://cdn.shopify.com/s/files/1/0737/7384/2650/files/12-x-born-winner-gain-proteinov-bar-biskviti-sas-smetana_1440-768x768.png?v=1738070721,https://proteindistrictlb.com/products/born-winner-gain-protein-bar
8775542833370,46751337218266,Born Winner Gain Protein Bar,nutrition facts / cookies and cream,Snacks,Born Winner,48.00,2.00,Snacks,50.00,+2.00,4.2%,,True,,https://cdn.shopify.com/s/files/1/0737/7384/2650/files/12-x-born-winner-gain-proteinov-bar-biskviti-sas-smetana_1440-768x768.png?v=1738070721,https://proteindistrictlb.com/products/born-winner-gain-protein-bar
8775542833370,46751337251034,Born Winner Gain Protein Bar,nutrition facts / chocolate mousse,Snacks,Born Winner,48.00,2.00,Snacks,50.00,+2.00,4.2%,,True,,https://cdn.shopify.com/s/files/1/0737/7384/2650/files/12-x-born-winner-gain-proteinov-bar-biskviti-sas-smetana_1440-768x768.png?v=1738070721,https://proteindistrictlb.com/products/born-winner-gain-protein-bar
8775542145242,46154750951642,Born Winner Slim Protein Bar,1 box - 12 pieces / chocolate brownie,Snacks,Born Winner,48.00,2.00,Snacks,50.00,+2.00,4.2%,,True,,https://cdn.shopify.com/s/files/1/0737/7384/2650/files/12-x-born-winner-slim-proteinov-bar-shokoladovo-brauni_1434-1-768x768.png?v=1738070359,https://proteindistrictlb.com/products/born-winner-slim-protein-bar
8775542145242,46154750984410,Born Winner Slim Protein Bar,1 box - 12 pieces / chocolate hazelnut,Snacks,Born Winner,48.00,2.00,Snacks,50.00,+2.00,4.2%,,True,,https://cdn.shopify.com/s/files/1/0737/7384/2650/files/12-x-born-winner-slim-proteinov-bar-shokoladovo-brauni_1434-1-768x768.png?v=1738070359,https://proteindistrictlb.com/products/born-winner-slim-protein-bar
8775542145242,46154751017178,Born Winner Slim Protein Bar,1 piece / chocolate brownie,Snacks,Born Winner,4.00,2.00,Snacks,5.00,+1.00,25.0%,yes,True,,https://cdn.shopify.com/s/files/1/0737/7384/2650/files/12-x-born-winner-slim-proteinov-bar-shokoladovo-brauni_1434-1-768x768.png?v=1738070359,https://proteindistrictlb.com/products/born-winner-slim-protein-bar
8775542145242,46154751049946,Born Winner Slim Protein Bar,1 piece / chocolate hazelnut,Snacks,Born Winner,4.00,2.00,Snacks,5.00,+1.00,25.0%,yes,True,,https://cdn.shopify.com/s/files/1/0737/7384/2650/files/12-x-born-winner-slim-proteinov-bar-shokoladovo-brauni_1434-1-768x768.png?v=1738070359,https://proteindistrictlb.com/products/born-winner-slim-protein-bar
8775542145242,46751341969626,Born Winner Slim Protein Bar,nutrition facts / chocolate brownie,Snacks,Born Winner,48.00,2.00,Snacks,50.00,+2.00,4.2%,,True,,https://cdn.shopify.com/s/files/1/0737/7384/2650/files/12-x-born-winner-slim-proteinov-bar-shokoladovo-brauni_1434-1-768x768.png?v=1738070359,https://proteindistrictlb.com/products/born-winner-slim-protein-bar
8775542145242,46751342002394,Born Winner Slim Protein Bar,nutrition facts / chocolate hazelnut,Snacks,Born Winner,48.00,2.00,Snacks,50.00,+2.00,4.2%,,True,,https://cdn.shopify.com/s/files/1/0737/7384/2650/files/12-x-born-winner-slim-proteinov-bar-shokoladovo-brauni_1434-1-768x768.png?v=1738070359,https://proteindistrictlb.com/products/born-winner-slim-protein-bar
8775541686490,46154748854490,Born Winner Boost Protein Bar,1 box - 12 pieces / chocolate truffle,Snacks,Born Winner,36.00,2.00,Snacks,38.00,+2.00,5.6%,,True,,https://cdn.shopify.com/s/files/1/0737/7384/2650/files/12-x-born-winner-boost-proteinov-bar-shokoladov-tryufel_1425-768x768.png?v=1738070191,https://proteindistrictlb.com/products/born-winner-boost-protein-bar
8775541686490,46154748887258,Born Winner Boost Protein Bar,1 piece / chocolate truffle,Snacks,Born Winner,4.00,2.00,Snacks,5.00,+1.00,25.0%,yes,True,,https://cdn.shopify.com/s/files/1/0737/7384/2650/files/12-x-born-winner-boost-proteinov-bar-shokoladov-tryufel_1425-768x768.png?v=1738070191,https://proteindistrictlb.com/products/born-winner-boost-protein-bar
8775541686490,46751347343578,Born Winner Boost Protein Bar,nutrition facts / chocolate truffle,Snacks,Born Winner,36.00,2.00,Snacks,38.00,+2.00,5.6%,,True,,https://cdn.shopify.com/s/files/1/0737/7384/2650/files/12-x-born-winner-boost-proteinov-bar-shokoladov-tryufel_1425-768x768.png?v=1738070191,https://proteindistrictlb.com/products/born-winner-boost-protein-bar
8775541391578,46154747248858,Born Winner Active Protein bar,1 box - 12 pieces / strawberry cheese cake,Snacks,Born Winner,48.00,2.00,Snacks,50.00,+2.00,4.2%,,True,,https://cdn.shopify.com/s/files/1/0737/7384/2650/files/12-x-born-winner-active-proteinov-bar-yagodov-chijzkejk-60g_1422-768x768.jpg?v=1738069900,https://proteindistrictlb.com/products/born-winner-active-protein-bar
8775541391578,46154747281626,Born Winner Active Protein bar,1 box - 12 pieces / double chocolate,Snacks,Born Winner,48.00,2.00,Snacks,50.00,+2.00,4.2%,,True,,https://cdn.shopify.com/s/files/1/0737/7384/2650/files/12-x-born-winner-active-proteinov-bar-yagodov-chijzkejk-60g_1422-768x768.jpg?v=1738069900,https://proteindistrictlb.com/products/born-winner-active-protein-bar
8775541391578,46154747314394,Born Winner Active Protein bar,1 peice / strawberry cheese cake,Snacks,Born Winner,4.00,2.00,Snacks,5.00,+1.00,25.0%,yes,True,,https://cdn.shopify.com/s/files/1/0737/7384/2650/files/12-x-born-winner-active-proteinov-bar-yagodov-chijzkejk-60g_1422-768x768.jpg?v=1738069900,https://proteindistrictlb.com/products/born-winner-active-protein-bar
8775541391578,46154747347162,Born Winner Active Protein bar,1 peice / double chocolate,Snacks,Born Winner,4.00,2.00,Snacks,5.00,+1.00,25.0%,yes,True,,https://cdn.shopify.com/s/files/1/0737/7384/2650/files/12-x-born-winner-active-proteinov-bar-yagodov-chijzkejk-60g_1422-768x768.jpg?v=1738069900,https://proteindistrictlb.com/products/born-winner-active-protein-bar
8775541391578,46751351177434,Born Winner Active Protein bar,nutrition facts / strawberry cheese cake,Snacks,Born Winner,48.00,2.00,Snacks,50.00,+2.00,4.2%,,True,,https://cdn.shopify.com/s/files/1/0737/7384/2650/files/12-x-born-winner-active-proteinov-bar-yagodov-chijzkejk-60g_1422-768x768.jpg?v=1738069900,https://proteindistrictlb.com/products/born-winner-active-protein-bar
8775541391578,46751351210202,Born Winner Active Protein bar,nutrition facts / double chocolate,Snacks,Born Winner,48.00,2.00,Snacks,50.00,+2.00,4.2%,,True,,https://cdn.shopify.com/s/files/1/0737/7384/2650/files/12-x-born-winner-active-proteinov-bar-yagodov-chijzkejk-60g_1422-768x768.jpg?v=1738069900,https://proteindistrictlb.com/products/born-winner-active-protein-bar
8775539065050,46154742169818,Fitspo Protein Cookie,1 box - 12 pieces / vanilla,Snacks,Fitspo,40.00,2.00,Snacks,42.00,+2.00,5.0%,,True,,https://cdn.shopify.com/s/files/1/0737/7384/2650/files/box_soft_cookie_vanilla_opened_3000x3000_1-1024x1024.jpg?v=1738069244,https://proteindistrictlb.com/products/fitspo-protein-cookie-2
8775539065050,46154742202586,Fitspo Protein Cookie,1 piece / vanilla,Snacks,Fitspo,4.00,2.00,Snacks,5.00,+1.00,25.0%,yes,True,,https://cdn.shopify.com/s/files/1/0737/7384/2650/files/box_soft_cookie_vanilla_opened_3000x3000_1-1024x1024.jpg?v=1738069244,https://proteindistrictlb.com/products/fitspo-protein-cookie-2
8775539065050,46751359500506,Fitspo Protein Cookie,nutrition facts / vanilla,Snacks,Fitspo,40.00,2.00,Snacks,42.00,+2.00,5.0%,,True,,https://cdn.shopify.com/s/files/1/0737/7384/2650/files/box_soft_cookie_vanilla_opened_3000x3000_1-1024x1024.jpg?v=1738069244,https://proteindistrictlb.com/products/fitspo-protein-cookie-2
8775538475226,46154741285082,Fitspo Protein Cookie,1 box - 12 pieces / triple chocolate,Snacks,Fitspo,35.00,2.00,Snacks,37.00,+2.00,5.7%,,True,,https://cdn.shopify.com/s/files/1/0737/7384/2650/files/box_soft_cookie_triple_choco_opened_3000x3000_2-1024x1024_322e1bfb-2c3d-4edc-a0be-696db6fd3b4d.jpg?v=1738069134,https://proteindistrictlb.com/products/fitspo-protein-cookie-1
8775538475226,46154741317850,Fitspo Protein Cookie,1 piece / triple chocolate,Snacks,Fitspo,4.00,2.00,Snacks,5.00,+1.00,25.0%,yes,True,,https://cdn.shopify.com/s/files/1/0737/7384/2650/files/box_soft_cookie_triple_choco_opened_3000x3000_2-1024x1024_322e1bfb-2c3d-4edc-a0be-696db6fd3b4d.jpg?v=1738069134,https://proteindistrictlb.com/products/fitspo-protein-cookie-1
8775538475226,46751360319706,Fitspo Protein Cookie,nutrition facts / triple chocolate,Snacks,Fitspo,35.00,2.00,Snacks,37.00,+2.00,5.7%,,True,,https://cdn.shopify.com/s/files/1/0737/7384/2650/files/box_soft_cookie_triple_choco_opened_3000x3000_2-1024x1024_322e1bfb-2c3d-4edc-a0be-696db6fd3b4d.jpg?v=1738069134,https://proteindistrictlb.com/products/fitspo-protein-cookie-1
8775538213082,46154738041050,Fitspo Protein Cookie,1 box - 10 pieces / chocolate orange,Snacks,Fitspo,35.00,2.00,Snacks,37.00,+2.00,5.7%,,True,,https://cdn.shopify.com/s/files/1/0737/7384/2650/files/box_soft_cookie_orange_opened_3000x3000-1024x1024.jpg?v=1738068936,https://proteindistrictlb.com/products/fitspo-protein-cookie
8775538213082,46154738073818,Fitspo Protein Cookie,1 piece / chocolate orange,Snacks,Fitspo,4.00,2.00,Snacks,5.00,+1.00,25.0%,yes,True,,https://cdn.shopify.com/s/files/1/0737/7384/2650/files/box_soft_cookie_orange_opened_3000x3000-1024x1024.jpg?v=1738068936,https://proteindistrictlb.com/products/fitspo-protein-cookie
8775538213082,46751364350170,Fitspo Protein Cookie,nutrition facts / chocolate orange,Snacks,Fitspo,35.00,2.00,Snacks,37.00,+2.00,5.7%,,True,,https://cdn.shopify.com/s/files/1/0737/7384/2650/files/box_soft_cookie_orange_opened_3000x3000-1024x1024.jpg?v=1738068936,https://proteindistrictlb.com/products/fitspo-protein-cookie
8775537557722,46154735943898,Fitspo Slim Protein Bar,1 box - 12 pieces / chocolate hazelnut,Snacks,Fitspo,48.00,2.00,Snacks,50.00,+2.00,4.2%,,True,,https://cdn.shopify.com/s/files/1/0737/7384/2650/files/box_slim_hazelnuts_open-1024x1024.jpg?v=1738068696,https://proteindistrictlb.com/products/fitspo-slim-protein-bar-1
8775537557722,46154735976666,Fitspo Slim Protein Bar,1 piece / chocolate hazelnut,Snacks,Fitspo,4.00,2.00,Snacks,5.00,+1.00,25.0%,yes,True,,https://cdn.shopify.com/s/files/1/0737/7384/2650/files/box_slim_hazelnuts_open-1024x1024.jpg?v=1738068696,https://proteindistrictlb.com/products/fitspo-slim-protein-bar-1
8775537557722,46751369658586,Fitspo Slim Protein Bar,nutrition facts / chocolate hazelnut,Snacks,Fitspo,48.00,2.00,Snacks,50.00,+2.00,4.2%,,True,,https://cdn.shopify.com/s/files/1/0737/7384/2650/files/box_slim_hazelnuts_open-1024x1024.jpg?v=1738068696,https://proteindistrictlb.com/products/fitspo-slim-protein-bar-1
8775535624410,46154727588058,Fitspo Slim Protein Bar,1 box - 12 pieces / chocolate brownie,Snacks,Fitspo,48.00,2.00,Snacks,50.00,+2.00,4.2%,,True,,https://cdn.shopify.com/s/files/1/0737/7384/2650/files/slim_choco_brownie_opened_3000x3000-1024x1024.jpg?v=1738068546,https://proteindistrictlb.com/products/fitspo-slim-protein-bar
8775535624410,46154727620826,Fitspo Slim Protein Bar,1 piece / chocolate brownie,Snacks,Fitspo,4.00,2.00,Snacks,5.00,+1.00,25.0%,yes,True,,https://cdn.shopify.com/s/files/1/0737/7384/2650/files/slim_choco_brownie_opened_3000x3000-1024x1024.jpg?v=1738068546,https://proteindistrictlb.com/products/fitspo-slim-protein-bar
8775535624410,46751371198682,Fitspo Slim Protein Bar,nutrition facts / chocolate brownie,Snacks,Fitspo,48.00,2.00,Snacks,50.00,+2.00,4.2%,,True,,https://cdn.shopify.com/s/files/1/0737/7384/2650/files/slim_choco_brownie_opened_3000x3000-1024x1024.jpg?v=1738068546,https://proteindistrictlb.com/products/fitspo-slim-protein-bar
8775535460570,46154727227610,Fitspo Power Protein Bar,1 box - 12 pieces / crunchy chocolate,Snacks,Fitspo,48.00,2.00,Snacks,50.00,+2.00,4.2%,,True,,https://cdn.shopify.com/s/files/1/0737/7384/2650/files/box_3_crunchy_opened_3000x3000-1024x1024.jpg?v=1738068362,https://proteindistrictlb.com/products/fitspo-power-protein-bar-1
8775535460570,46154727260378,Fitspo Power Protein Bar,1 piece / crunchy chocolate,Snacks,Fitspo,4.00,2.00,Snacks,5.00,+1.00,25.0%,yes,True,,https://cdn.shopify.com/s/files/1/0737/7384/2650/files/box_3_crunchy_opened_3000x3000-1024x1024.jpg?v=1738068362,https://proteindistrictlb.com/products/fitspo-power-protein-bar-1
8775535460570,46751374213338,Fitspo Power Protein Bar,nutrition facts / crunchy chocolate,Snacks,Fitspo,48.00,2.00,Snacks,50.00,+2.00,4.2%,,True,,https://cdn.shopify.com/s/files/1/0737/7384/2650/files/box_3_crunchy_opened_3000x3000-1024x1024.jpg?v=1738068362,https://proteindistrictlb.com/products/fitspo-power-protein-bar-1
8775535001818,46154723623130,Fitspo Power Protein Bar,1 box - 12 pices / strawberry chocolate,Snacks,Fitspo,48.00,2.00,Snacks,50.00,+2.00,4.2%,,True,,https://cdn.shopify.com/s/files/1/0737/7384/2650/files/box_power_strawberry_opened_3000x3000-1024x1024.jpg?v=1738068005,https://proteindistrictlb.com/products/fitspo-power-protein-bar
8775535001818,46154723655898,Fitspo Power Protein Bar,1 piece / strawberry chocolate,Snacks,Fitspo,4.00,2.00,Snacks,5.00,+1.00,25.0%,yes,True,,https://cdn.shopify.com/s/files/1/0737/7384/2650/files/box_power_strawberry_opened_3000x3000-1024x1024.jpg?v=1738068005,https://proteindistrictlb.com/products/fitspo-power-protein-bar
8775535001818,46751385944282,Fitspo Power Protein Bar,nutrition facts / strawberry chocolate,Snacks,Fitspo,48.00,2.00,Snacks,50.00,+2.00,4.2%,,True,,https://cdn.shopify.com/s/files/1/0737/7384/2650/files/box_power_strawberry_opened_3000x3000-1024x1024.jpg?v=1738068005,https://proteindistrictlb.com/products/fitspo-power-protein-bar
8775534313690,46154721951962,Fitspo Maxx Protein Bar,1 box - 12 pieces / cookies and cream,Discount | Snacks,Fitspo,48.00,2.00,Snacks,50.00,+2.00,4.2%,,True,,https://cdn.shopify.com/s/files/1/0737/7384/2650/files/box_maxx_cookies_and_cream_open-1024x1024.jpg?v=1738067834,https://proteindistrictlb.com/products/fitspo-maxx-protein-bar-1
8775534313690,46154721984730,Fitspo Maxx Protein Bar,1 piece / cookies and cream,Discount | Snacks,Fitspo,4.00,2.00,Snacks,5.00,+1.00,25.0%,yes,True,,https://cdn.shopify.com/s/files/1/0737/7384/2650/files/box_maxx_cookies_and_cream_open-1024x1024.jpg?v=1738067834,https://proteindistrictlb.com/products/fitspo-maxx-protein-bar-1
8775534313690,46751390105818,Fitspo Maxx Protein Bar,nutrition facts / cookies and cream,Discount | Snacks,Fitspo,48.00,2.00,Snacks,50.00,+2.00,4.2%,,True,,https://cdn.shopify.com/s/files/1/0737/7384/2650/files/box_maxx_cookies_and_cream_open-1024x1024.jpg?v=1738067834,https://proteindistrictlb.com/products/fitspo-maxx-protein-bar-1
8775534215386,46154716971226,Fitspo Maxx Protein Bar,1 box - 12 pieces / chocolate mousse,Snacks,Fitspo,48.00,2.00,Snacks,50.00,+2.00,4.2%,,True,,https://cdn.shopify.com/s/files/1/0737/7384/2650/files/box_maxx_choco_mousse_open-1024x1024.jpg?v=1738067690,https://proteindistrictlb.com/products/fitspo-maxx-protein-bar
8775534215386,46154717003994,Fitspo Maxx Protein Bar,1 piece / chocolate mousse,Snacks,Fitspo,4.00,2.00,Snacks,5.00,+1.00,25.0%,yes,True,,https://cdn.shopify.com/s/files/1/0737/7384/2650/files/box_maxx_choco_mousse_open-1024x1024.jpg?v=1738067690,https://proteindistrictlb.com/products/fitspo-maxx-protein-bar
8775534215386,46751391056090,Fitspo Maxx Protein Bar,nutrition facts / chocolate mousse,Snacks,Fitspo,48.00,2.00,Snacks,50.00,+2.00,4.2%,,True,,https://cdn.shopify.com/s/files/1/0737/7384/2650/files/box_maxx_choco_mousse_open-1024x1024.jpg?v=1738067690,https://proteindistrictlb.com/products/fitspo-maxx-protein-bar
8775533986010,46154716545242,Fitspo Lo Carb Protein Bar,1 box - 12 pieces / stracciatella,Snacks,Fitspo,48.00,2.00,Snacks,50.00,+2.00,4.2%,,True,,https://cdn.shopify.com/s/files/1/0737/7384/2650/files/lo-carb_stracciatella_opened_3000x3000-_-kopie-1024x1024.jpg?v=1738067466,https://proteindistrictlb.com/products/fitspo-lo-carb-protein-bar
8775533986010,46154716578010,Fitspo Lo Carb Protein Bar,1 piece / stracciatella,Snacks,Fitspo,4.00,2.00,Snacks,5.00,+1.00,25.0%,yes,True,,https://cdn.shopify.com/s/files/1/0737/7384/2650/files/lo-carb_stracciatella_opened_3000x3000-_-kopie-1024x1024.jpg?v=1738067466,https://proteindistrictlb.com/products/fitspo-lo-carb-protein-bar
8775533986010,46751395774682,Fitspo Lo Carb Protein Bar,nutrition facts / stracciatella,Snacks,Fitspo,48.00,2.00,Snacks,50.00,+2.00,4.2%,,True,,https://cdn.shopify.com/s/files/1/0737/7384/2650/files/lo-carb_stracciatella_opened_3000x3000-_-kopie-1024x1024.jpg?v=1738067466,https://proteindistrictlb.com/products/fitspo-lo-carb-protein-bar
8775533560026,46154715168986,Fitspo Protein Bar Delight,1 box - 12 pieces / cookies and cream,Snacks,Fitspo,48.00,2.00,Snacks,50.00,+2.00,4.2%,,True,,https://cdn.shopify.com/s/files/1/0737/7384/2650/files/delight_cookies_and_cream_opened_3000x3000-1024x1024_c49d049d-faf4-42b5-beeb-1ad9c640b1da.jpg?v=1738067241,https://proteindistrictlb.com/products/fitspo-protein-bar-delight-1
8775533560026,46154715201754,Fitspo Protein Bar Delight,1 piece / cookies and cream,Snacks,Fitspo,4.00,2.00,Snacks,5.00,+1.00,25.0%,yes,True,,https://cdn.shopify.com/s/files/1/0737/7384/2650/files/delight_cookies_and_cream_opened_3000x3000-1024x1024_c49d049d-faf4-42b5-beeb-1ad9c640b1da.jpg?v=1738067241,https://proteindistrictlb.com/products/fitspo-protein-bar-delight-1
8775533560026,46751396593882,Fitspo Protein Bar Delight,nutrition facts / cookies and cream,Snacks,Fitspo,48.00,2.00,Snacks,50.00,+2.00,4.2%,,True,,https://cdn.shopify.com/s/files/1/0737/7384/2650/files/delight_cookies_and_cream_opened_3000x3000-1024x1024_c49d049d-faf4-42b5-beeb-1ad9c640b1da.jpg?v=1738067241,https://proteindistrictlb.com/products/fitspo-protein-bar-delight-1
8775532806362,46154712056026,Fitspo Protein Bar Delight,1 box - 12 pieces / crunchy chocolate brownie,Snacks,Fitspo,48.00,2.00,Snacks,50.00,+2.00,4.2%,,True,,https://cdn.shopify.com/s/files/1/0737/7384/2650/files/203--Fitspo-Protein-Bar-Delight.jpg?v=1738067457,https://proteindistrictlb.com/products/fitspo-protein-bar-delight
8775532806362,46154712088794,Fitspo Protein Bar Delight,1 piece / crunchy chocolate brownie,Snacks,Fitspo,4.00,2.00,Snacks,5.00,+1.00,25.0%,yes,True,,https://cdn.shopify.com/s/files/1/0737/7384/2650/files/203--Fitspo-Protein-Bar-Delight.jpg?v=1738067457,https://proteindistrictlb.com/products/fitspo-protein-bar-delight
8775532806362,46751401771226,Fitspo Protein Bar Delight,nutrition facts / crunchy chocolate brownie,Snacks,Fitspo,48.00,2.00,Snacks,50.00,+2.00,4.2%,,True,,https://cdn.shopify.com/s/files/1/0737/7384/2650/files/203--Fitspo-Protein-Bar-Delight.jpg?v=1738067457,https://proteindistrictlb.com/products/fitspo-protein-bar-delight
8775530447066,46154702487770,Biotech Usa Recovery Gel,Product / 1 serving / lemon,Amino acids | Electrolytes,BioTechUSA,3.00,4.00,Amino acids,4.00,+1.00,33.3%,yes,True,,https://cdn.shopify.com/s/files/1/0737/7384/2650/files/202-Biotech-Usa-Recovery-Gel.jpg?v=1738067349,https://proteindistrictlb.com/products/biotech-usa-recovery-gel
8775530447066,46247024722138,Biotech Usa Recovery Gel,Nutrition Facts / 1 serving / lemon,Amino acids | Electrolytes,BioTechUSA,3.00,4.00,Amino acids,4.00,+1.00,33.3%,yes,True,,https://cdn.shopify.com/s/files/1/0737/7384/2650/files/202-Biotech-Usa-Recovery-Gel.jpg?v=1738067349,https://proteindistrictlb.com/products/biotech-usa-recovery-gel
8775529332954,46154681286874,Cellucor C4 Performance Energy Drink,1 serving / orange slice,Pre Workout Stim | Pre workouts,Cellucor C4,4.00,5.00,Pre Workout Stim,5.00,+1.00,25.0%,yes,True,,https://cdn.shopify.com/s/files/1/0737/7384/2650/files/204-Cellucor-C4-Performance-Energy-Drink.jpg?v=1738067800,https://proteindistrictlb.com/products/cellucor-c4-performance-energy-drink
8775529332954,46751403704538,Cellucor C4 Performance Energy Drink,nutrition facts / orange slice,Pre Workout Stim | Pre workouts,Cellucor C4,4.00,5.00,Pre Workout Stim,5.00,+1.00,25.0%,yes,True,,https://cdn.shopify.com/s/files/1/0737/7384/2650/files/204-Cellucor-C4-Performance-Energy-Drink.jpg?v=1738067800,https://proteindistrictlb.com/products/cellucor-c4-performance-energy-drink
8775518191834,46154628038874,QNT Light Digest Whey Sache,Product / 1 serving / banana,Snacks,QNT Light,3.00,2.00,Snacks,4.00,+1.00,33.3%,yes,True,,https://cdn.shopify.com/s/files/1/0737/7384/2650/files/light-digest-whey-protein-40-g.png?v=1738068201,https://proteindistrictlb.com/products/qnt-light-digest-whey-sache
8775518191834,46154628071642,QNT Light Digest Whey Sache,Product / 1 serving / chocolate,Snacks,QNT Light,3.00,2.00,Snacks,4.00,+1.00,33.3%,yes,True,,https://cdn.shopify.com/s/files/1/0737/7384/2650/files/light-digest-whey-protein-40-g.png?v=1738068201,https://proteindistrictlb.com/products/qnt-light-digest-whey-sache
8775518191834,46154628104410,QNT Light Digest Whey Sache,Product / 1 serving / creme brulee,Snacks,QNT Light,3.00,2.00,Snacks,4.00,+1.00,33.3%,yes,True,,https://cdn.shopify.com/s/files/1/0737/7384/2650/files/light-digest-whey-protein-40-g.png?v=1738068201,https://proteindistrictlb.com/products/qnt-light-digest-whey-sache
8775518191834,46154628137178,QNT Light Digest Whey Sache,Product / 1 serving / salted caramel,Snacks,QNT Light,3.00,2.00,Snacks,4.00,+1.00,33.3%,yes,True,,https://cdn.shopify.com/s/files/1/0737/7384/2650/files/light-digest-whey-protein-40-g.png?v=1738068201,https://proteindistrictlb.com/products/qnt-light-digest-whey-sache
8775518191834,46247022624986,QNT Light Digest Whey Sache,Nutrition Facts / 1 serving / banana,Snacks,QNT Light,3.00,2.00,Snacks,4.00,+1.00,33.3%,yes,True,,https://cdn.shopify.com/s/files/1/0737/7384/2650/files/light-digest-whey-protein-40-g.png?v=1738068201,https://proteindistrictlb.com/products/qnt-light-digest-whey-sache
8775518191834,46247022657754,QNT Light Digest Whey Sache,Nutrition Facts / 1 serving / chocolate,Snacks,QNT Light,3.00,2.00,Snacks,4.00,+1.00,33.3%,yes,True,,https://cdn.shopify.com/s/files/1/0737/7384/2650/files/light-digest-whey-protein-40-g.png?v=1738068201,https://proteindistrictlb.com/products/qnt-light-digest-whey-sache
8775518191834,46247022690522,QNT Light Digest Whey Sache,Nutrition Facts / 1 serving / creme brulee,Snacks,QNT Light,3.00,2.00,Snacks,4.00,+1.00,33.3%,yes,True,,https://cdn.shopify.com/s/files/1/0737/7384/2650/files/light-digest-whey-protein-40-g.png?v=1738068201,https://proteindistrictlb.com/products/qnt-light-digest-whey-sache
8775518191834,46247022723290,QNT Light Digest Whey Sache,Nutrition Facts / 1 serving / salted caramel,Snacks,QNT Light,3.00,2.00,Snacks,4.00,+1.00,33.3%,yes,True,,https://cdn.shopify.com/s/files/1/0737/7384/2650/files/light-digest-whey-protein-40-g.png?v=1738068201,https://proteindistrictlb.com/products/qnt-light-digest-whey-sache
8775517307098,46154623713498,Raw Nutrition Electrolytes,Product / 20 sachet / fruit punch,Amino acids | Electrolytes,Raw Nutrition,50.00,4.00,Amino acids,54.00,+4.00,8.0%,,True,,https://cdn.shopify.com/s/files/1/0737/7384/2650/files/hydradition_box_mockup_render_FRUIT_PUNCH_NO_BG_SHADOW.webp?v=1738061894,https://proteindistrictlb.com/products/raw-nutrition-electrolyets
8775517307098,46154623746266,Raw Nutrition Electrolytes,Product / 20 sachet / lemon lime,Amino acids | Electrolytes,Raw Nutrition,50.00,4.00,Amino acids,54.00,+4.00,8.0%,,True,,https://cdn.shopify.com/s/files/1/0737/7384/2650/files/hydradition_box_mockup_render_FRUIT_PUNCH_NO_BG_SHADOW.webp?v=1738061894,https://proteindistrictlb.com/products/raw-nutrition-electrolyets
8775517307098,46247022493914,Raw Nutrition Electrolytes,Nutrition Facts / 20 sachet / fruit punch,Amino acids | Electrolytes,Raw Nutrition,50.00,4.00,Amino acids,54.00,+4.00,8.0%,,True,,https://cdn.shopify.com/s/files/1/0737/7384/2650/files/hydradition_box_mockup_render_FRUIT_PUNCH_NO_BG_SHADOW.webp?v=1738061894,https://proteindistrictlb.com/products/raw-nutrition-electrolyets
8775517307098,46247022526682,Raw Nutrition Electrolytes,Nutrition Facts / 20 sachet / lemon lime,Amino acids | Electrolytes,Raw Nutrition,50.00,4.00,Amino acids,54.00,+4.00,8.0%,,True,,https://cdn.shopify.com/s/files/1/0737/7384/2650/files/hydradition_box_mockup_render_FRUIT_PUNCH_NO_BG_SHADOW.webp?v=1738061894,https://proteindistrictlb.com/products/raw-nutrition-electrolyets
8775514751194,46154597236954,Fitspo Sachet Whey,1 serving / salted caramel,Snacks,Fitspo,3.00,2.00,Snacks,4.00,+1.00,33.3%,yes,True,,https://cdn.shopify.com/s/files/1/0737/7384/2650/files/197-Fitspo-Sachet-Whey--1.jpg?v=1738062694,https://proteindistrictlb.com/products/fitspo-sachet-whey
8775514751194,46154597269722,Fitspo Sachet Whey,1 serving / vanilla ice cream,Snacks,Fitspo,3.00,2.00,Snacks,4.00,+1.00,33.3%,yes,True,,https://cdn.shopify.com/s/files/1/0737/7384/2650/files/197-Fitspo-Sachet-Whey--1.jpg?v=1738062694,https://proteindistrictlb.com/products/fitspo-sachet-whey
8775514751194,46154597302490,Fitspo Sachet Whey,1 serving / cookies and cream,Snacks,Fitspo,3.00,2.00,Snacks,4.00,+1.00,33.3%,yes,True,,https://cdn.shopify.com/s/files/1/0737/7384/2650/files/197-Fitspo-Sachet-Whey--1.jpg?v=1738062694,https://proteindistrictlb.com/products/fitspo-sachet-whey
8775514751194,46154597335258,Fitspo Sachet Whey,1 serving / chocolate,Snacks,Fitspo,3.00,2.00,Snacks,4.00,+1.00,33.3%,yes,True,,https://cdn.shopify.com/s/files/1/0737/7384/2650/files/197-Fitspo-Sachet-Whey--1.jpg?v=1738062694,https://proteindistrictlb.com/products/fitspo-sachet-whey
8775514751194,46154597368026,Fitspo Sachet Whey,1 serving / strawberry,Snacks,Fitspo,3.00,2.00,Snacks,4.00,+1.00,33.3%,yes,True,,https://cdn.shopify.com/s/files/1/0737/7384/2650/files/197-Fitspo-Sachet-Whey--1.jpg?v=1738062694,https://proteindistrictlb.com/products/fitspo-sachet-whey
8775514751194,46311560806618,Fitspo Sachet Whey,1 box - 12 serving / salted caramel,Snacks,Fitspo,36.00,2.00,Snacks,38.00,+2.00,5.6%,,True,,https://cdn.shopify.com/s/files/1/0737/7384/2650/files/197-Fitspo-Sachet-Whey--1.jpg?v=1738062694,https://proteindistrictlb.com/products/fitspo-sachet-whey
8775514751194,46311560839386,Fitspo Sachet Whey,1 box - 12 serving / vanilla ice cream,Snacks,Fitspo,36.00,2.00,Snacks,38.00,+2.00,5.6%,,True,,https://cdn.shopify.com/s/files/1/0737/7384/2650/files/197-Fitspo-Sachet-Whey--1.jpg?v=1738062694,https://proteindistrictlb.com/products/fitspo-sachet-whey
8775514751194,46311560872154,Fitspo Sachet Whey,1 box - 12 serving / cookies and cream,Snacks,Fitspo,36.00,2.00,Snacks,38.00,+2.00,5.6%,,True,,https://cdn.shopify.com/s/files/1/0737/7384/2650/files/197-Fitspo-Sachet-Whey--1.jpg?v=1738062694,https://proteindistrictlb.com/products/fitspo-sachet-whey
8775514751194,46311560904922,Fitspo Sachet Whey,1 box - 12 serving / chocolate,Snacks,Fitspo,36.00,2.00,Snacks,38.00,+2.00,5.6%,,True,,https://cdn.shopify.com/s/files/1/0737/7384/2650/files/197-Fitspo-Sachet-Whey--1.jpg?v=1738062694,https://proteindistrictlb.com/products/fitspo-sachet-whey
8775514751194,46311560937690,Fitspo Sachet Whey,1 box - 12 serving / strawberry,Snacks,Fitspo,36.00,2.00,Snacks,38.00,+2.00,5.6%,,True,,https://cdn.shopify.com/s/files/1/0737/7384/2650/files/197-Fitspo-Sachet-Whey--1.jpg?v=1738062694,https://proteindistrictlb.com/products/fitspo-sachet-whey
8774321373402,46151093485786,Applied Nutrition Clear Whey Protein,Product / 875g - 35 serving / cherry apple,Hydrolyzed | Whey protein,Applied Nutrition,60.00,5.00,Whey protein,65.00,+5.00,8.3%,,True,,https://cdn.shopify.com/s/files/1/0737/7384/2650/files/120-AppliedNutritionClearWheyProtein.jpg?v=1737991294,https://proteindistrictlb.com/products/applied-nutrition-clear-whey-protein
8774321373402,46257930010842,Applied Nutrition Clear Whey Protein,Nutrition Facts / 875g - 35 serving / cherry apple,Hydrolyzed | Whey protein,Applied Nutrition,60.00,5.00,Whey protein,65.00,+5.00,8.3%,,True,,https://cdn.shopify.com/s/files/1/0737/7384/2650/files/120-AppliedNutritionClearWheyProtein.jpg?v=1737991294,https://proteindistrictlb.com/products/applied-nutrition-clear-whey-protein
8774319833306,46151087325402,Nutritech Creatine,Product / 500g - 100 serving / 5g,Creatine | Unflavored Creatine,Nutritech,35.00,5.00,Unflavored Creatine,40.00,+5.00,14.3%,,True,,https://cdn.shopify.com/s/files/1/0737/7384/2650/files/174-Nutritech-Creatine.jpg?v=1738057824,https://proteindistrictlb.com/products/nutritech-creatine-1
8774319833306,46257928306906,Nutritech Creatine,Nutrition Facts / 500g - 100 serving / 5g,Creatine | Unflavored Creatine,Nutritech,35.00,5.00,Unflavored Creatine,40.00,+5.00,14.3%,,True,,https://cdn.shopify.com/s/files/1/0737/7384/2650/files/174-Nutritech-Creatine.jpg?v=1738057824,https://proteindistrictlb.com/products/nutritech-creatine-1
8774313705690,46151068549338,Kevin Levrone Gold Lean Mass,Product / 6 kg / chocolate,Mass gainers,Kevin Levrone,80.00,6.00,Mass gainers,86.00,+6.00,7.5%,,True,,https://cdn.shopify.com/s/files/1/0737/7384/2650/files/212-Kevin-Levrone-Gold-Lean-Mass.jpg?v=1738069881,https://proteindistrictlb.com/products/kevin-levrone-gold-lean-mass
8774313705690,46151068582106,Kevin Levrone Gold Lean Mass,Product / 6 kg / snickers,Mass gainers,Kevin Levrone,80.00,6.00,Mass gainers,86.00,+6.00,7.5%,,True,,https://cdn.shopify.com/s/files/1/0737/7384/2650/files/212-Kevin-Levrone-Gold-Lean-Mass.jpg?v=1738069881,https://proteindistrictlb.com/products/kevin-levrone-gold-lean-mass
8774313705690,46257919131866,Kevin Levrone Gold Lean Mass,Nutrition Facts / 6 kg / chocolate,Mass gainers,Kevin Levrone,80.00,6.00,Mass gainers,86.00,+6.00,7.5%,,True,,https://cdn.shopify.com/s/files/1/0737/7384/2650/files/212-Kevin-Levrone-Gold-Lean-Mass.jpg?v=1738069881,https://proteindistrictlb.com/products/kevin-levrone-gold-lean-mass
8774313705690,46257919164634,Kevin Levrone Gold Lean Mass,Nutrition Facts / 6 kg / snickers,Mass gainers,Kevin Levrone,80.00,6.00,Mass gainers,86.00,+6.00,7.5%,,True,,https://cdn.shopify.com/s/files/1/0737/7384/2650/files/212-Kevin-Levrone-Gold-Lean-Mass.jpg?v=1738069881,https://proteindistrictlb.com/products/kevin-levrone-gold-lean-mass
8774298796250,46150988595418,Optimum Nutrition Serious Mass,Product / 5.5 kg / chocolate,Mass gainers,Optimum Nutrition,110.00,6.00,Mass gainers,116.00,+6.00,5.5%,,True,,https://cdn.shopify.com/s/files/1/0737/7384/2650/files/188-Optimum-Nutrition-Serious-Mass-3.jpg?v=1738059423,https://proteindistrictlb.com/products/optimum-nutrition-serious-mass
8774298796250,46150988628186,Optimum Nutrition Serious Mass,Product / 5.5 kg / strawberry,Mass gainers,Optimum Nutrition,110.00,6.00,Mass gainers,116.00,+6.00,5.5%,,True,,https://cdn.shopify.com/s/files/1/0737/7384/2650/files/188-Optimum-Nutrition-Serious-Mass-3.jpg?v=1738059423,https://proteindistrictlb.com/products/optimum-nutrition-serious-mass
8774298796250,46150988660954,Optimum Nutrition Serious Mass,Product / 5.5 kg / banana,Mass gainers,Optimum Nutrition,110.00,6.00,Mass gainers,116.00,+6.00,5.5%,,True,,https://cdn.shopify.com/s/files/1/0737/7384/2650/files/188-Optimum-Nutrition-Serious-Mass-3.jpg?v=1738059423,https://proteindistrictlb.com/products/optimum-nutrition-serious-mass
8774298796250,46257990729946,Optimum Nutrition Serious Mass,Nutrition Facts / 5.5 kg / chocolate,Mass gainers,Optimum Nutrition,110.00,6.00,Mass gainers,116.00,+6.00,5.5%,,True,,https://cdn.shopify.com/s/files/1/0737/7384/2650/files/188-Optimum-Nutrition-Serious-Mass-3.jpg?v=1738059423,https://proteindistrictlb.com/products/optimum-nutrition-serious-mass
8774298796250,46257990762714,Optimum Nutrition Serious Mass,Nutrition Facts / 5.5 kg / strawberry,Mass gainers,Optimum Nutrition,110.00,6.00,Mass gainers,116.00,+6.00,5.5%,,True,,https://cdn.shopify.com/s/files/1/0737/7384/2650/files/188-Optimum-Nutrition-Serious-Mass-3.jpg?v=1738059423,https://proteindistrictlb.com/products/optimum-nutrition-serious-mass
8774298796250,46257990795482,Optimum Nutrition Serious Mass,Nutrition Facts / 5.5 kg / banana,Mass gainers,Optimum Nutrition,110.00,6.00,Mass gainers,116.00,+6.00,5.5%,,True,,https://cdn.shopify.com/s/files/1/0737/7384/2650/files/188-Optimum-Nutrition-Serious-Mass-3.jpg?v=1738059423,https://proteindistrictlb.com/products/optimum-nutrition-serious-mass
8774297059546,46150983352538,Nutritech Premium Mass Builder,Product / 5kg  - 42 servings / chocolate,Mass gainers,Nutritech,65.00,6.00,Mass gainers,71.00,+6.00,9.2%,,True,,https://cdn.shopify.com/s/files/1/0737/7384/2650/files/173-Nutritech-Premium-Mass-Builder--2.jpg?v=1738057600,https://proteindistrictlb.com/products/nutritech-premium-mass-builder
8774297059546,46150983385306,Nutritech Premium Mass Builder,Product / 5kg  - 42 servings / strawberry,Mass gainers,Nutritech,65.00,6.00,Mass gainers,71.00,+6.00,9.2%,,True,,https://cdn.shopify.com/s/files/1/0737/7384/2650/files/173-Nutritech-Premium-Mass-Builder--2.jpg?v=1738057600,https://proteindistrictlb.com/products/nutritech-premium-mass-builder
8774297059546,46150983418074,Nutritech Premium Mass Builder,Product / 5kg  - 42 servings / vanilla,Mass gainers,Nutritech,65.00,6.00,Mass gainers,71.00,+6.00,9.2%,,True,,https://cdn.shopify.com/s/files/1/0737/7384/2650/files/173-Nutritech-Premium-Mass-Builder--2.jpg?v=1738057600,https://proteindistrictlb.com/products/nutritech-premium-mass-builder
8774297059546,46257991123162,Nutritech Premium Mass Builder,Nutrition Facts / 5kg  - 42 servings / chocolate,Mass gainers,Nutritech,65.00,6.00,Mass gainers,71.00,+6.00,9.2%,,True,,https://cdn.shopify.com/s/files/1/0737/7384/2650/files/173-Nutritech-Premium-Mass-Builder--2.jpg?v=1738057600,https://proteindistrictlb.com/products/nutritech-premium-mass-builder
8774297059546,46257991155930,Nutritech Premium Mass Builder,Nutrition Facts / 5kg  - 42 servings / strawberry,Mass gainers,Nutritech,65.00,6.00,Mass gainers,71.00,+6.00,9.2%,,True,,https://cdn.shopify.com/s/files/1/0737/7384/2650/files/173-Nutritech-Premium-Mass-Builder--2.jpg?v=1738057600,https://proteindistrictlb.com/products/nutritech-premium-mass-builder
8774297059546,46257991188698,Nutritech Premium Mass Builder,Nutrition Facts / 5kg  - 42 servings / vanilla,Mass gainers,Nutritech,65.00,6.00,Mass gainers,71.00,+6.00,9.2%,,True,,https://cdn.shopify.com/s/files/1/0737/7384/2650/files/173-Nutritech-Premium-Mass-Builder--2.jpg?v=1738057600,https://proteindistrictlb.com/products/nutritech-premium-mass-builder
8774295224538,46150978371802,Biotech Usa Hyper Mass,Product / 4kg / vanilla,Mass gainers,BioTechUSA,80.00,6.00,Mass gainers,86.00,+6.00,7.5%,,True,,https://cdn.shopify.com/s/files/1/0737/7384/2650/files/125-Biotech-Usa-Hyper-Mass.jpg?v=1737996566,https://proteindistrictlb.com/products/biotech-usa-hyper-mass
8774295224538,46150978404570,Biotech Usa Hyper Mass,Product / 4kg / chocolate,Mass gainers,BioTechUSA,80.00,6.00,Mass gainers,86.00,+6.00,7.5%,,True,,https://cdn.shopify.com/s/files/1/0737/7384/2650/files/125-Biotech-Usa-Hyper-Mass.jpg?v=1737996566,https://proteindistrictlb.com/products/biotech-usa-hyper-mass
8774295224538,46150978437338,Biotech Usa Hyper Mass,Product / 4kg / strawberry,Mass gainers,BioTechUSA,80.00,6.00,Mass gainers,86.00,+6.00,7.5%,,True,,https://cdn.shopify.com/s/files/1/0737/7384/2650/files/125-Biotech-Usa-Hyper-Mass.jpg?v=1737996566,https://proteindistrictlb.com/products/biotech-usa-hyper-mass
8774295224538,46257991876826,Biotech Usa Hyper Mass,Nutrition Facts / 4kg / vanilla,Mass gainers,BioTechUSA,80.00,6.00,Mass gainers,86.00,+6.00,7.5%,,True,,https://cdn.shopify.com/s/files/1/0737/7384/2650/files/125-Biotech-Usa-Hyper-Mass.jpg?v=1737996566,https://proteindistrictlb.com/products/biotech-usa-hyper-mass
8774295224538,46257991909594,Biotech Usa Hyper Mass,Nutrition Facts / 4kg / chocolate,Mass gainers,BioTechUSA,80.00,6.00,Mass gainers,86.00,+6.00,7.5%,,True,,https://cdn.shopify.com/s/files/1/0737/7384/2650/files/125-Biotech-Usa-Hyper-Mass.jpg?v=1737996566,https://proteindistrictlb.com/products/biotech-usa-hyper-mass
8774295224538,46257991942362,Biotech Usa Hyper Mass,Nutrition Facts / 4kg / strawberry,Mass gainers,BioTechUSA,80.00,6.00,Mass gainers,86.00,+6.00,7.5%,,True,,https://cdn.shopify.com/s/files/1/0737/7384/2650/files/125-Biotech-Usa-Hyper-Mass.jpg?v=1737996566,https://proteindistrictlb.com/products/biotech-usa-hyper-mass
8774286573786,46150945964250,Kevin Levrone Anabolic Mass,Product / 7kg / chocolate,Mass gainers,Kevin Levrone,70.00,6.00,Mass gainers,76.00,+6.00,8.6%,,True,,https://cdn.shopify.com/s/files/1/0737/7384/2650/files/165--Kevin-Levrone-Anabolic-Mass.jpg?v=1738018492,https://proteindistrictlb.com/products/kevin-levrone-anabolic-mass
8774286573786,46257993842906,Kevin Levrone Anabolic Mass,Nutrition Facts / 7kg / chocolate,Mass gainers,Kevin Levrone,70.00,6.00,Mass gainers,76.00,+6.00,8.6%,,True,,https://cdn.shopify.com/s/files/1/0737/7384/2650/files/165--Kevin-Levrone-Anabolic-Mass.jpg?v=1738018492,https://proteindistrictlb.com/products/kevin-levrone-anabolic-mass
8774284083418,46150916735194,Kevin Levrone Legendary Mass,Product / 7kg / snickers,Mass gainers,Kevin Levrone,70.00,6.00,Mass gainers,76.00,+6.00,8.6%,,True,,https://cdn.shopify.com/s/files/1/0737/7384/2650/files/210-Kevin-Levrone-Legendary-Mass.jpg?v=1738069663,https://proteindistrictlb.com/products/kevin-levrone-legendary-mass
8774284083418,46257997185242,Kevin Levrone Legendary Mass,Nutrition Facts / 7kg / snickers,Mass gainers,Kevin Levrone,70.00,6.00,Mass gainers,76.00,+6.00,8.6%,,True,,https://cdn.shopify.com/s/files/1/0737/7384/2650/files/210-Kevin-Levrone-Legendary-Mass.jpg?v=1738069663,https://proteindistrictlb.com/products/kevin-levrone-legendary-mass
8774282477786,46150909559002,Russian Bear Gainer,Product / 15 lbs / chocolate,Mass gainers,Russian Bear,90.00,6.00,Mass gainers,96.00,+6.00,6.7%,,True,,https://cdn.shopify.com/s/files/1/0737/7384/2650/files/169--Russian-Bear-Gainer.jpg?v=1738051512,https://proteindistrictlb.com/products/russian-bear-gainer-1
8774282477786,46258004918490,Russian Bear Gainer,Nutrition Facts / 15 lbs / chocolate,Mass gainers,Russian Bear,90.00,6.00,Mass gainers,96.00,+6.00,6.7%,,True,,https://cdn.shopify.com/s/files/1/0737/7384/2650/files/169--Russian-Bear-Gainer.jpg?v=1738051512,https://proteindistrictlb.com/products/russian-bear-gainer-1
8773242454234,46147069608154,Nutricost Moringa,Product / 180 capsules,Moringa | Vitamins,Nutricost,49.00,5.00,Vitamins,54.00,+5.00,10.2%,,True,,https://cdn.shopify.com/s/files/1/0737/7384/2650/files/184-Nutricost-Moringa.jpg?v=1738058783,https://proteindistrictlb.com/products/nutricost-moringa
8773242454234,46258006294746,Nutricost Moringa,Nutrition Facts / 180 capsules,Moringa | Vitamins,Nutricost,49.00,5.00,Vitamins,54.00,+5.00,10.2%,,True,,https://cdn.shopify.com/s/files/1/0737/7384/2650/files/184-Nutricost-Moringa.jpg?v=1738058783,https://proteindistrictlb.com/products/nutricost-moringa
8773241995482,46147068592346,Optimum Nutrition Gold Standard Preworkout,Product / fruit punch,Pre Workout Stim | Pre workouts,Optimum Nutrition,35.00,5.00,Pre Workout Stim,40.00,+5.00,14.3%,,True,,https://cdn.shopify.com/s/files/1/0737/7384/2650/files/171--Optimum-Nutrition-Opti-Woman.jpg?v=1738054174,https://proteindistrictlb.com/products/optimum-nutrition-gold-standard-preworkout
8773241995482,46258017370330,Optimum Nutrition Gold Standard Preworkout,Nutrition Facts / fruit punch,Pre Workout Stim | Pre workouts,Optimum Nutrition,35.00,5.00,Pre Workout Stim,40.00,+5.00,14.3%,,True,,https://cdn.shopify.com/s/files/1/0737/7384/2650/files/171--Optimum-Nutrition-Opti-Woman.jpg?v=1738054174,https://proteindistrictlb.com/products/optimum-nutrition-gold-standard-preworkout
8773241077978,46147066396890,Biotech Usa Mega Amino,Product / 300 tablets,Amino acid pills | Amino acids,BioTechUSA,35.00,4.00,Amino acid pills,39.00,+4.00,11.4%,,True,,https://cdn.shopify.com/s/files/1/0737/7384/2650/files/129-Biotech-Usa-Mega-Amino.jpg?v=1737997048,https://proteindistrictlb.com/products/biotech-usa-mega-amino
8773241077978,46258025627866,Biotech Usa Mega Amino,Nutrition Facts / 300 tablets,Amino acid pills | Amino acids,BioTechUSA,35.00,4.00,Amino acid pills,39.00,+4.00,11.4%,,True,,https://cdn.shopify.com/s/files/1/0737/7384/2650/files/129-Biotech-Usa-Mega-Amino.jpg?v=1737997048,https://proteindistrictlb.com/products/biotech-usa-mega-amino
8773240553690,46147065741530,Biotech Usa Glutamine,Product / 240g - 48 serving,Amino acids | Glutamine,BioTechUSA,40.00,4.00,Amino acids,44.00,+4.00,10.0%,,True,,https://cdn.shopify.com/s/files/1/0737/7384/2650/files/123-Biotech-Usa-Glutamine.jpg?v=1737996312,https://proteindistrictlb.com/products/biotech-usa-glutamine
8773240553690,46258029953242,Biotech Usa Glutamine,Nutrition Facts / 240g - 48 serving,Amino acids | Glutamine,BioTechUSA,40.00,4.00,Amino acids,44.00,+4.00,10.0%,,True,,https://cdn.shopify.com/s/files/1/0737/7384/2650/files/123-Biotech-Usa-Glutamine.jpg?v=1737996312,https://proteindistrictlb.com/products/biotech-usa-glutamine
8773239963866,46147063775450,Swanson Korean Ginsing,Product / 100 capsules / 500 mg,Ginsing | Vitamins,Swanson,45.00,6.00,Ginsing,51.00,+6.00,13.3%,,True,,https://cdn.shopify.com/s/files/1/0737/7384/2650/files/168--Swanson-Korean-Ginsing.jpg?v=1738051126,https://proteindistrictlb.com/products/swanson-korean-ginsing
8773239963866,46258038505690,Swanson Korean Ginsing,Nutrition Facts / 100 capsules / 500 mg,Ginsing | Vitamins,Swanson,45.00,6.00,Ginsing,51.00,+6.00,13.3%,,True,,https://cdn.shopify.com/s/files/1/0737/7384/2650/files/168--Swanson-Korean-Ginsing.jpg?v=1738051126,https://proteindistrictlb.com/products/swanson-korean-ginsing
8773236359386,46147047686362,"California Gold Nutrition, Vitamin D3",90 softgel / 2000 iu,Vitamin D | Vitamins,California Gold Nutrition,25.00,5.00,Vitamin D,30.00,+5.00,20.0%,,True,,https://cdn.shopify.com/s/files/1/0737/7384/2650/files/142--California-Gold-Nutrition_-Vitamin-D3.jpg?v=1738015506,https://proteindistrictlb.com/products/california-gold-nutrition-vitamin-d3
8773236359386,46751547490522,"California Gold Nutrition, Vitamin D3",nutrition facts / 2000 iu,Vitamin D | Vitamins,California Gold Nutrition,25.00,5.00,Vitamin D,30.00,+5.00,20.0%,,True,,https://cdn.shopify.com/s/files/1/0737/7384/2650/files/142--California-Gold-Nutrition_-Vitamin-D3.jpg?v=1738015506,https://proteindistrictlb.com/products/california-gold-nutrition-vitamin-d3
8773234786522,46147040968922,Optimum Nutrition Opti-Woman,Product / 60 capsules,Multi Vitamin | Vitamins,Optimum Nutrition,35.00,5.00,Multi Vitamin,40.00,+5.00,14.3%,,True,,https://cdn.shopify.com/s/files/1/0737/7384/2650/files/170--Optimum-Nutrition-Opti-Woman.jpg?v=1738053919,https://proteindistrictlb.com/products/optimum-nutrition-opti-woman
8773234786522,46258039324890,Optimum Nutrition Opti-Woman,Nutrition Facts / 60 capsules,Multi Vitamin | Vitamins,Optimum Nutrition,35.00,5.00,Multi Vitamin,40.00,+5.00,14.3%,,True,,https://cdn.shopify.com/s/files/1/0737/7384/2650/files/170--Optimum-Nutrition-Opti-Woman.jpg?v=1738053919,https://proteindistrictlb.com/products/optimum-nutrition-opti-woman
8773234393306,46147037954266,21 Century Resveratrol,Product / 90 capsules,Anti Aging | Beauty Care | Vitamins,21st Century,40.00,6.00,Beauty Care,46.00,+6.00,15.0%,,True,,https://cdn.shopify.com/s/files/1/0737/7384/2650/files/21-Century-Resveratrol.jpg?v=1737990126,https://proteindistrictlb.com/products/21-century-resveratrol
8773234393306,46258048991450,21 Century Resveratrol,Nutrition Facts / 90 capsules,Anti Aging | Beauty Care | Vitamins,21st Century,40.00,6.00,Beauty Care,46.00,+6.00,15.0%,,True,,https://cdn.shopify.com/s/files/1/0737/7384/2650/files/21-Century-Resveratrol.jpg?v=1737990126,https://proteindistrictlb.com/products/21-century-resveratrol
8773233934554,46147037298906,Biotech Usa ZMB,Product / 60 capsules,Vitamins | Zmb,BioTechUSA,30.00,5.00,Vitamins,35.00,+5.00,16.7%,,True,,https://cdn.shopify.com/s/files/1/0737/7384/2650/files/zmb.webp?v=1737997405,https://proteindistrictlb.com/products/biotech-usa-zmb
8773233934554,46258051449050,Biotech Usa ZMB,Nutrition Facts / 60 capsules,Vitamins | Zmb,BioTechUSA,30.00,5.00,Vitamins,35.00,+5.00,16.7%,,True,,https://cdn.shopify.com/s/files/1/0737/7384/2650/files/zmb.webp?v=1737997405,https://proteindistrictlb.com/products/biotech-usa-zmb
8773232165082,46147026452698,Muscle Rulz Creatine,Product / 300g - 60 serving / unflavored,Creatine | Unflavored Creatine,MuscleMeds,20.00,5.00,Unflavored Creatine,25.00,+5.00,25.0%,,True,,https://cdn.shopify.com/s/files/1/0737/7384/2650/files/167--Muscle-Rulz-Creatine.jpg?v=1738018754,https://proteindistrictlb.com/products/muscle-rulz-creatine
8773232165082,46258051743962,Muscle Rulz Creatine,Nutrition Facts / 300g - 60 serving / unflavored,Creatine | Unflavored Creatine,MuscleMeds,20.00,5.00,Unflavored Creatine,25.00,+5.00,25.0%,,True,,https://cdn.shopify.com/s/files/1/0737/7384/2650/files/167--Muscle-Rulz-Creatine.jpg?v=1738018754,https://proteindistrictlb.com/products/muscle-rulz-creatine
8773230887130,46147021570266,Muscletech Platinum Creatine,Product / 400g - 80 serving / unflavored,Creatine | Unflavored Creatine,MuscleTech,40.00,5.00,Unflavored Creatine,45.00,+5.00,12.5%,,True,,https://cdn.shopify.com/s/files/1/0737/7384/2650/files/187-Muscletech-Platinum-Creatine.jpg?v=1738059289,https://proteindistrictlb.com/products/muscletech-platinum-creatine
8773230887130,46258062262490,Muscletech Platinum Creatine,Nutrition Facts / 400g - 80 serving / unflavored,Creatine | Unflavored Creatine,MuscleTech,40.00,5.00,Unflavored Creatine,45.00,+5.00,12.5%,,True,,https://cdn.shopify.com/s/files/1/0737/7384/2650/files/187-Muscletech-Platinum-Creatine.jpg?v=1738059289,https://proteindistrictlb.com/products/muscletech-platinum-creatine
8773230559450,46147015737562,Now DHA-500 Fish Oil,Product / 90 softgel / 1000 mg,Fish Oil | Vitamins,NOW Foods,50.00,5.00,Fish Oil,55.00,+5.00,10.0%,,True,,https://cdn.shopify.com/s/files/1/0737/7384/2650/files/180-Now-DHA-500-Fish-Oil.jpg?v=1738058454,https://proteindistrictlb.com/products/now-dha-500-fish-oil
8773230559450,46258063605978,Now DHA-500 Fish Oil,Nutrition Facts / 90 softgel / 1000 mg,Fish Oil | Vitamins,NOW Foods,50.00,5.00,Fish Oil,55.00,+5.00,10.0%,,True,,https://cdn.shopify.com/s/files/1/0737/7384/2650/files/180-Now-DHA-500-Fish-Oil.jpg?v=1738058454,https://proteindistrictlb.com/products/now-dha-500-fish-oil
8773229052122,46147008659674,Ronnie Colmen L-Carnitine,Product / 473 ml - 31 serving / strawberry kiwi,Fat burners | L-Carnitine,Ronnie Colmen,25.00,6.00,Fat burners,31.00,+6.00,24.0%,,True,,https://cdn.shopify.com/s/files/1/0737/7384/2650/files/195-Rony-Colmen-L-Carnitine.jpg?v=1738061278,https://proteindistrictlb.com/products/rony-colmen-l-carnitine
8773229052122,46147008692442,Ronnie Colmen L-Carnitine,Product / 473 ml - 31 serving / pink lemonade,Fat burners | L-Carnitine,Ronnie Colmen,25.00,6.00,Fat burners,31.00,+6.00,24.0%,,True,,https://cdn.shopify.com/s/files/1/0737/7384/2650/files/195-Rony-Colmen-L-Carnitine.jpg?v=1738061278,https://proteindistrictlb.com/products/rony-colmen-l-carnitine
8773229052122,46258075500762,Ronnie Colmen L-Carnitine,Nutrition Facts / 473 ml - 31 serving / strawberry kiwi,Fat burners | L-Carnitine,Ronnie Colmen,25.00,6.00,Fat burners,31.00,+6.00,24.0%,,True,,https://cdn.shopify.com/s/files/1/0737/7384/2650/files/195-Rony-Colmen-L-Carnitine.jpg?v=1738061278,https://proteindistrictlb.com/products/rony-colmen-l-carnitine
8773229052122,46258075533530,Ronnie Colmen L-Carnitine,Nutrition Facts / 473 ml - 31 serving / pink lemonade,Fat burners | L-Carnitine,Ronnie Colmen,25.00,6.00,Fat burners,31.00,+6.00,24.0%,,True,,https://cdn.shopify.com/s/files/1/0737/7384/2650/files/195-Rony-Colmen-L-Carnitine.jpg?v=1738061278,https://proteindistrictlb.com/products/rony-colmen-l-carnitine
8770623963354,46137811271898,Weider Premium Whey,Product / 2.3kg - 74 serving / chocolate nougat,Whey protein | Whey protein concentrate,Weider,110.00,5.00,Whey protein concentrate,115.00,+5.00,4.5%,,True,,https://cdn.shopify.com/s/files/1/0737/7384/2650/files/45-Weider-Premium-Whey.jpg?v=1737547712,https://proteindistrictlb.com/products/weider-premium-whey
8770623963354,46258082447578,Weider Premium Whey,Nutrition Facts / 2.3kg - 74 serving / chocolate nougat,Whey protein | Whey protein concentrate,Weider,110.00,5.00,Whey protein concentrate,115.00,+5.00,4.5%,,True,,https://cdn.shopify.com/s/files/1/0737/7384/2650/files/45-Weider-Premium-Whey.jpg?v=1737547712,https://proteindistrictlb.com/products/weider-premium-whey
